
/home/cody/openvm/examples/floats/build/test.elf:     file format elf32-littleriscv


Disassembly of section .text:

00010000 <_start>:
   10000:	00080137          	lui	sp,0x80
   10004:	0000f517          	auipc	a0,0xf
   10008:	43c50513          	addi	a0,a0,1084 # 1f440 <float_a>
   1000c:	00052007          	flw	ft0,0(a0)
   10010:	0000f597          	auipc	a1,0xf
   10014:	43458593          	addi	a1,a1,1076 # 1f444 <float_b>
   10018:	0005a087          	flw	ft1,0(a1)
   1001c:	00107153          	fadd.s	ft2,ft0,ft1
   10020:	0000f617          	auipc	a2,0xf
   10024:	44860613          	addi	a2,a2,1096 # 1f468 <result>
   10028:	00262027          	fsw	ft2,0(a2)
   1002c:	400002b7          	lui	t0,0x40000
   10030:	40400337          	lui	t1,0x40400
   10034:	408003b7          	lui	t2,0x40800
   10038:	00512023          	sw	t0,0(sp) # 80000 <softfloat_roundingMode+0x60b88>
   1003c:	00612223          	sw	t1,4(sp)
   10040:	00712423          	sw	t2,8(sp)
   10044:	00012007          	flw	ft0,0(sp)
   10048:	00412087          	flw	ft1,4(sp)
   1004c:	00812187          	flw	ft3,8(sp)
   10050:	18107243          	fmadd.s	ft4,ft0,ft1,ft3
   10054:	00412627          	fsw	ft4,12(sp)
   10058:	00c12e03          	lw	t3,12(sp)
   1005c:	41200eb7          	lui	t4,0x41200
   10060:	7bde1063          	bne	t3,t4,10800 <fail>
   10064:	400002b7          	lui	t0,0x40000
   10068:	40400337          	lui	t1,0x40400
   1006c:	408003b7          	lui	t2,0x40800
   10070:	00512023          	sw	t0,0(sp)
   10074:	00612223          	sw	t1,4(sp)
   10078:	00712423          	sw	t2,8(sp)
   1007c:	00012007          	flw	ft0,0(sp)
   10080:	00412087          	flw	ft1,4(sp)
   10084:	00812187          	flw	ft3,8(sp)
   10088:	18107247          	fmsub.s	ft4,ft0,ft1,ft3
   1008c:	00412627          	fsw	ft4,12(sp)
   10090:	00c12e03          	lw	t3,12(sp)
   10094:	40000eb7          	lui	t4,0x40000
   10098:	77de1463          	bne	t3,t4,10800 <fail>
   1009c:	400002b7          	lui	t0,0x40000
   100a0:	40400337          	lui	t1,0x40400
   100a4:	408003b7          	lui	t2,0x40800
   100a8:	00512023          	sw	t0,0(sp)
   100ac:	00612223          	sw	t1,4(sp)
   100b0:	00712423          	sw	t2,8(sp)
   100b4:	00012007          	flw	ft0,0(sp)
   100b8:	00412087          	flw	ft1,4(sp)
   100bc:	00812187          	flw	ft3,8(sp)
   100c0:	1810724b          	fnmsub.s	ft4,ft0,ft1,ft3
   100c4:	00412627          	fsw	ft4,12(sp)
   100c8:	00c12e03          	lw	t3,12(sp)
   100cc:	c0000eb7          	lui	t4,0xc0000
   100d0:	73de1863          	bne	t3,t4,10800 <fail>
   100d4:	400002b7          	lui	t0,0x40000
   100d8:	40400337          	lui	t1,0x40400
   100dc:	408003b7          	lui	t2,0x40800
   100e0:	00512023          	sw	t0,0(sp)
   100e4:	00612223          	sw	t1,4(sp)
   100e8:	00712423          	sw	t2,8(sp)
   100ec:	00012007          	flw	ft0,0(sp)
   100f0:	00412087          	flw	ft1,4(sp)
   100f4:	00812187          	flw	ft3,8(sp)
   100f8:	1810724f          	fnmadd.s	ft4,ft0,ft1,ft3
   100fc:	00412627          	fsw	ft4,12(sp)
   10100:	00c12e03          	lw	t3,12(sp)
   10104:	c1200eb7          	lui	t4,0xc1200
   10108:	6fde1c63          	bne	t3,t4,10800 <fail>
   1010c:	408002b7          	lui	t0,0x40800
   10110:	00512023          	sw	t0,0(sp)
   10114:	00012007          	flw	ft0,0(sp)
   10118:	580070d3          	fsqrt.s	ft1,ft0
   1011c:	00112027          	fsw	ft1,0(sp)
   10120:	00012303          	lw	t1,0(sp)
   10124:	400003b7          	lui	t2,0x40000
   10128:	6c731c63          	bne	t1,t2,10800 <fail>
   1012c:	400002b7          	lui	t0,0x40000
   10130:	00512023          	sw	t0,0(sp)
   10134:	00012007          	flw	ft0,0(sp)
   10138:	580070d3          	fsqrt.s	ft1,ft0
   1013c:	00112027          	fsw	ft1,0(sp)
   10140:	00012303          	lw	t1,0(sp)
   10144:	3fb503b7          	lui	t2,0x3fb50
   10148:	4f338393          	addi	t2,t2,1267 # 3fb504f3 <_float_lib_entry+0x3fa504f3>
   1014c:	6a731a63          	bne	t1,t2,10800 <fail>
   10150:	3f8002b7          	lui	t0,0x3f800
   10154:	40000337          	lui	t1,0x40000
   10158:	00512023          	sw	t0,0(sp)
   1015c:	00612223          	sw	t1,4(sp)
   10160:	00012007          	flw	ft0,0(sp)
   10164:	00412087          	flw	ft1,4(sp)
   10168:	28100153          	fmin.s	ft2,ft0,ft1
   1016c:	00212427          	fsw	ft2,8(sp)
   10170:	00812383          	lw	t2,8(sp)
   10174:	3f800e37          	lui	t3,0x3f800
   10178:	69c39463          	bne	t2,t3,10800 <fail>
   1017c:	800002b7          	lui	t0,0x80000
   10180:	00000313          	li	t1,0
   10184:	00512023          	sw	t0,0(sp)
   10188:	00612223          	sw	t1,4(sp)
   1018c:	00012007          	flw	ft0,0(sp)
   10190:	00412087          	flw	ft1,4(sp)
   10194:	28100153          	fmin.s	ft2,ft0,ft1
   10198:	00212427          	fsw	ft2,8(sp)
   1019c:	00812383          	lw	t2,8(sp)
   101a0:	80000e37          	lui	t3,0x80000
   101a4:	65c39e63          	bne	t2,t3,10800 <fail>
   101a8:	3f8002b7          	lui	t0,0x3f800
   101ac:	40000337          	lui	t1,0x40000
   101b0:	00512023          	sw	t0,0(sp)
   101b4:	00612223          	sw	t1,4(sp)
   101b8:	00012007          	flw	ft0,0(sp)
   101bc:	00412087          	flw	ft1,4(sp)
   101c0:	28101153          	fmax.s	ft2,ft0,ft1
   101c4:	00212427          	fsw	ft2,8(sp)
   101c8:	00812383          	lw	t2,8(sp)
   101cc:	40000e37          	lui	t3,0x40000
   101d0:	63c39863          	bne	t2,t3,10800 <fail>
   101d4:	800002b7          	lui	t0,0x80000
   101d8:	00000313          	li	t1,0
   101dc:	00512023          	sw	t0,0(sp)
   101e0:	00612223          	sw	t1,4(sp)
   101e4:	00012007          	flw	ft0,0(sp)
   101e8:	00412087          	flw	ft1,4(sp)
   101ec:	28101153          	fmax.s	ft2,ft0,ft1
   101f0:	00212427          	fsw	ft2,8(sp)
   101f4:	00812383          	lw	t2,8(sp)
   101f8:	00000e13          	li	t3,0
   101fc:	61c39263          	bne	t2,t3,10800 <fail>
   10200:	3fc002b7          	lui	t0,0x3fc00
   10204:	c0000337          	lui	t1,0xc0000
   10208:	00512023          	sw	t0,0(sp)
   1020c:	00612223          	sw	t1,4(sp)
   10210:	00012007          	flw	ft0,0(sp)
   10214:	00412087          	flw	ft1,4(sp)
   10218:	20100153          	fsgnj.s	ft2,ft0,ft1
   1021c:	00212427          	fsw	ft2,8(sp)
   10220:	00812383          	lw	t2,8(sp)
   10224:	bfc00e37          	lui	t3,0xbfc00
   10228:	5dc39c63          	bne	t2,t3,10800 <fail>
   1022c:	3fc002b7          	lui	t0,0x3fc00
   10230:	c0000337          	lui	t1,0xc0000
   10234:	00512023          	sw	t0,0(sp)
   10238:	00612223          	sw	t1,4(sp)
   1023c:	00012007          	flw	ft0,0(sp)
   10240:	00412087          	flw	ft1,4(sp)
   10244:	20101153          	fsgnjn.s	ft2,ft0,ft1
   10248:	00212427          	fsw	ft2,8(sp)
   1024c:	00812383          	lw	t2,8(sp)
   10250:	3fc00e37          	lui	t3,0x3fc00
   10254:	5bc39663          	bne	t2,t3,10800 <fail>
   10258:	3fc002b7          	lui	t0,0x3fc00
   1025c:	c0000337          	lui	t1,0xc0000
   10260:	00512023          	sw	t0,0(sp)
   10264:	00612223          	sw	t1,4(sp)
   10268:	00012007          	flw	ft0,0(sp)
   1026c:	00412087          	flw	ft1,4(sp)
   10270:	20102153          	fsgnjx.s	ft2,ft0,ft1
   10274:	00212427          	fsw	ft2,8(sp)
   10278:	00812383          	lw	t2,8(sp)
   1027c:	bfc00e37          	lui	t3,0xbfc00
   10280:	59c39063          	bne	t2,t3,10800 <fail>
   10284:	3fc002b7          	lui	t0,0x3fc00
   10288:	40000337          	lui	t1,0x40000
   1028c:	00512023          	sw	t0,0(sp)
   10290:	00612223          	sw	t1,4(sp)
   10294:	00012007          	flw	ft0,0(sp)
   10298:	00412087          	flw	ft1,4(sp)
   1029c:	20102153          	fsgnjx.s	ft2,ft0,ft1
   102a0:	00212427          	fsw	ft2,8(sp)
   102a4:	00812383          	lw	t2,8(sp)
   102a8:	3fc00e37          	lui	t3,0x3fc00
   102ac:	55c39a63          	bne	t2,t3,10800 <fail>
   102b0:	0000f297          	auipc	t0,0xf
   102b4:	19828293          	addi	t0,t0,408 # 1f448 <float_3_7>
   102b8:	0002a287          	flw	ft5,0(t0)
   102bc:	c0029553          	fcvt.w.s	a0,ft5,rtz
   102c0:	00300313          	li	t1,3
   102c4:	52651e63          	bne	a0,t1,10800 <fail>
   102c8:	0000f297          	auipc	t0,0xf
   102cc:	17828293          	addi	t0,t0,376 # 1f440 <float_a>
   102d0:	0002a287          	flw	ft5,0(t0)
   102d4:	c00295d3          	fcvt.w.s	a1,ft5,rtz
   102d8:	00100313          	li	t1,1
   102dc:	52659263          	bne	a1,t1,10800 <fail>
   102e0:	0000f297          	auipc	t0,0xf
   102e4:	16828293          	addi	t0,t0,360 # 1f448 <float_3_7>
   102e8:	0002a307          	flw	ft6,0(t0)
   102ec:	c0131653          	fcvt.wu.s	a2,ft6,rtz
   102f0:	00300313          	li	t1,3
   102f4:	50661663          	bne	a2,t1,10800 <fail>
   102f8:	0000f297          	auipc	t0,0xf
   102fc:	15828293          	addi	t0,t0,344 # 1f450 <float_100>
   10300:	0002a307          	flw	ft6,0(t0)
   10304:	c01316d3          	fcvt.wu.s	a3,ft6,rtz
   10308:	06400313          	li	t1,100
   1030c:	4e669a63          	bne	a3,t1,10800 <fail>
   10310:	02a00713          	li	a4,42
   10314:	d00773d3          	fcvt.s.w	ft7,a4
   10318:	00712027          	fsw	ft7,0(sp)
   1031c:	00012383          	lw	t2,0(sp)
   10320:	42280e37          	lui	t3,0x42280
   10324:	4dc39e63          	bne	t2,t3,10800 <fail>
   10328:	06400813          	li	a6,100
   1032c:	d01874d3          	fcvt.s.wu	fs1,a6
   10330:	00912027          	fsw	fs1,0(sp)
   10334:	00012383          	lw	t2,0(sp)
   10338:	42c80e37          	lui	t3,0x42c80
   1033c:	4dc39263          	bne	t2,t3,10800 <fail>
   10340:	0000f297          	auipc	t0,0xf
   10344:	10028293          	addi	t0,t0,256 # 1f440 <float_a>
   10348:	0002a507          	flw	fa0,0(t0)
   1034c:	0002a587          	flw	fa1,0(t0)
   10350:	a0b528d3          	feq.s	a7,fa0,fa1
   10354:	00100313          	li	t1,1
   10358:	4a689463          	bne	a7,t1,10800 <fail>
   1035c:	0000f297          	auipc	t0,0xf
   10360:	0e428293          	addi	t0,t0,228 # 1f440 <float_a>
   10364:	0002a507          	flw	fa0,0(t0)
   10368:	0000f297          	auipc	t0,0xf
   1036c:	0dc28293          	addi	t0,t0,220 # 1f444 <float_b>
   10370:	0002a587          	flw	fa1,0(t0)
   10374:	a0b52953          	feq.s	s2,fa0,fa1
   10378:	00000313          	li	t1,0
   1037c:	48691263          	bne	s2,t1,10800 <fail>
   10380:	0000f297          	auipc	t0,0xf
   10384:	0c028293          	addi	t0,t0,192 # 1f440 <float_a>
   10388:	0002a607          	flw	fa2,0(t0)
   1038c:	0000f297          	auipc	t0,0xf
   10390:	0b828293          	addi	t0,t0,184 # 1f444 <float_b>
   10394:	0002a687          	flw	fa3,0(t0)
   10398:	a0d61a53          	flt.s	s4,fa2,fa3
   1039c:	00100313          	li	t1,1
   103a0:	466a1063          	bne	s4,t1,10800 <fail>
   103a4:	0000f297          	auipc	t0,0xf
   103a8:	0a028293          	addi	t0,t0,160 # 1f444 <float_b>
   103ac:	0002a607          	flw	fa2,0(t0)
   103b0:	0000f297          	auipc	t0,0xf
   103b4:	09028293          	addi	t0,t0,144 # 1f440 <float_a>
   103b8:	0002a687          	flw	fa3,0(t0)
   103bc:	a0d61ad3          	flt.s	s5,fa2,fa3
   103c0:	00000313          	li	t1,0
   103c4:	426a9e63          	bne	s5,t1,10800 <fail>
   103c8:	0000f297          	auipc	t0,0xf
   103cc:	07828293          	addi	t0,t0,120 # 1f440 <float_a>
   103d0:	0002a707          	flw	fa4,0(t0)
   103d4:	0002a787          	flw	fa5,0(t0)
   103d8:	a0f70bd3          	fle.s	s7,fa4,fa5
   103dc:	00100313          	li	t1,1
   103e0:	426b9063          	bne	s7,t1,10800 <fail>
   103e4:	0000f297          	auipc	t0,0xf
   103e8:	06828293          	addi	t0,t0,104 # 1f44c <float_pi>
   103ec:	0002a807          	flw	fa6,0(t0)
   103f0:	e0080d53          	fmv.x.w	s10,fa6
   103f4:	40491337          	lui	t1,0x40491
   103f8:	fdb30313          	addi	t1,t1,-37 # 40490fdb <_float_lib_entry+0x40390fdb>
   103fc:	406d1263          	bne	s10,t1,10800 <fail>
   10400:	42c80e37          	lui	t3,0x42c80
   10404:	f00e08d3          	fmv.w.x	fa7,t3
   10408:	01112027          	fsw	fa7,0(sp)
   1040c:	00012383          	lw	t2,0(sp)
   10410:	42c80e37          	lui	t3,0x42c80
   10414:	3fc39663          	bne	t2,t3,10800 <fail>
   10418:	0000f297          	auipc	t0,0xf
   1041c:	03c28293          	addi	t0,t0,60 # 1f454 <float_pos_zero>
   10420:	0002a987          	flw	fs3,0(t0)
   10424:	e0099f53          	fclass.s	t5,fs3
   10428:	01000313          	li	t1,16
   1042c:	3c6f1a63          	bne	t5,t1,10800 <fail>
   10430:	0000f297          	auipc	t0,0xf
   10434:	02828293          	addi	t0,t0,40 # 1f458 <float_neg_zero>
   10438:	0002aa07          	flw	fs4,0(t0)
   1043c:	e00a1fd3          	fclass.s	t6,fs4
   10440:	00800313          	li	t1,8
   10444:	3a6f9e63          	bne	t6,t1,10800 <fail>
   10448:	0000f297          	auipc	t0,0xf
   1044c:	ff828293          	addi	t0,t0,-8 # 1f440 <float_a>
   10450:	0002aa87          	flw	fs5,0(t0)
   10454:	e00a93d3          	fclass.s	t2,fs5
   10458:	04000313          	li	t1,64
   1045c:	3a639263          	bne	t2,t1,10800 <fail>
   10460:	0000f297          	auipc	t0,0xf
   10464:	ffc28293          	addi	t0,t0,-4 # 1f45c <float_pos_inf>
   10468:	0002ab07          	flw	fs6,0(t0)
   1046c:	e00b13d3          	fclass.s	t2,fs6
   10470:	08000313          	li	t1,128
   10474:	38639663          	bne	t2,t1,10800 <fail>
   10478:	0000f297          	auipc	t0,0xf
   1047c:	fe828293          	addi	t0,t0,-24 # 1f460 <float_neg_inf>
   10480:	0002ab87          	flw	fs7,0(t0)
   10484:	e00b93d3          	fclass.s	t2,fs7
   10488:	00100313          	li	t1,1
   1048c:	36639a63          	bne	t2,t1,10800 <fail>
   10490:	0000f297          	auipc	t0,0xf
   10494:	fd428293          	addi	t0,t0,-44 # 1f464 <float_qnan>
   10498:	0002ac07          	flw	fs8,0(t0)
   1049c:	e00c13d3          	fclass.s	t2,fs8
   104a0:	20000313          	li	t1,512
   104a4:	34639e63          	bne	t2,t1,10800 <fail>
   104a8:	0000f297          	auipc	t0,0xf
   104ac:	fbc28293          	addi	t0,t0,-68 # 1f464 <float_qnan>
   104b0:	0002ac87          	flw	fs9,0(t0)
   104b4:	0000f297          	auipc	t0,0xf
   104b8:	f8c28293          	addi	t0,t0,-116 # 1f440 <float_a>
   104bc:	0002ad07          	flw	fs10,0(t0)
   104c0:	01acfdd3          	fadd.s	fs11,fs9,fs10
   104c4:	01b12027          	fsw	fs11,0(sp)
   104c8:	00012303          	lw	t1,0(sp)
   104cc:	7f8003b7          	lui	t2,0x7f800
   104d0:	00737e33          	and	t3,t1,t2
   104d4:	327e1663          	bne	t3,t2,10800 <fail>
   104d8:	008003b7          	lui	t2,0x800
   104dc:	fff38393          	addi	t2,t2,-1 # 7fffff <_float_lib_entry+0x6fffff>
   104e0:	00737e33          	and	t3,t1,t2
   104e4:	300e0e63          	beqz	t3,10800 <fail>
   104e8:	bf8002b7          	lui	t0,0xbf800
   104ec:	00512023          	sw	t0,0(sp)
   104f0:	00012c87          	flw	fs9,0(sp)
   104f4:	580cfd53          	fsqrt.s	fs10,fs9
   104f8:	01a12027          	fsw	fs10,0(sp)
   104fc:	00012303          	lw	t1,0(sp)
   10500:	7f8003b7          	lui	t2,0x7f800
   10504:	00737e33          	and	t3,t1,t2
   10508:	2e7e1c63          	bne	t3,t2,10800 <fail>
   1050c:	008003b7          	lui	t2,0x800
   10510:	fff38393          	addi	t2,t2,-1 # 7fffff <_float_lib_entry+0x6fffff>
   10514:	00737e33          	and	t3,t1,t2
   10518:	2e0e0463          	beqz	t3,10800 <fail>
   1051c:	0000f297          	auipc	t0,0xf
   10520:	f3828293          	addi	t0,t0,-200 # 1f454 <float_pos_zero>
   10524:	0002ac87          	flw	fs9,0(t0)
   10528:	0002ad07          	flw	fs10,0(t0)
   1052c:	19acfdd3          	fdiv.s	fs11,fs9,fs10
   10530:	01b12027          	fsw	fs11,0(sp)
   10534:	00012303          	lw	t1,0(sp)
   10538:	7f8003b7          	lui	t2,0x7f800
   1053c:	00737e33          	and	t3,t1,t2
   10540:	2c7e1063          	bne	t3,t2,10800 <fail>
   10544:	008003b7          	lui	t2,0x800
   10548:	fff38393          	addi	t2,t2,-1 # 7fffff <_float_lib_entry+0x6fffff>
   1054c:	00737e33          	and	t3,t1,t2
   10550:	2a0e0863          	beqz	t3,10800 <fail>
   10554:	0000f297          	auipc	t0,0xf
   10558:	f0828293          	addi	t0,t0,-248 # 1f45c <float_pos_inf>
   1055c:	0002ac87          	flw	fs9,0(t0)
   10560:	0000f297          	auipc	t0,0xf
   10564:	ee028293          	addi	t0,t0,-288 # 1f440 <float_a>
   10568:	0002ad07          	flw	fs10,0(t0)
   1056c:	01acfdd3          	fadd.s	fs11,fs9,fs10
   10570:	01b12027          	fsw	fs11,0(sp)
   10574:	00012303          	lw	t1,0(sp)
   10578:	7f8003b7          	lui	t2,0x7f800
   1057c:	28731263          	bne	t1,t2,10800 <fail>
   10580:	0000f297          	auipc	t0,0xf
   10584:	edc28293          	addi	t0,t0,-292 # 1f45c <float_pos_inf>
   10588:	0002ac87          	flw	fs9,0(t0)
   1058c:	0002ad07          	flw	fs10,0(t0)
   10590:	01acfdd3          	fadd.s	fs11,fs9,fs10
   10594:	01b12027          	fsw	fs11,0(sp)
   10598:	00012303          	lw	t1,0(sp)
   1059c:	7f8003b7          	lui	t2,0x7f800
   105a0:	26731063          	bne	t1,t2,10800 <fail>
   105a4:	0000f297          	auipc	t0,0xf
   105a8:	eb828293          	addi	t0,t0,-328 # 1f45c <float_pos_inf>
   105ac:	0002ac87          	flw	fs9,0(t0)
   105b0:	0002ad07          	flw	fs10,0(t0)
   105b4:	09acfdd3          	fsub.s	fs11,fs9,fs10
   105b8:	01b12027          	fsw	fs11,0(sp)
   105bc:	00012303          	lw	t1,0(sp)
   105c0:	7f8003b7          	lui	t2,0x7f800
   105c4:	00737e33          	and	t3,t1,t2
   105c8:	227e1c63          	bne	t3,t2,10800 <fail>
   105cc:	008003b7          	lui	t2,0x800
   105d0:	fff38393          	addi	t2,t2,-1 # 7fffff <_float_lib_entry+0x6fffff>
   105d4:	00737e33          	and	t3,t1,t2
   105d8:	220e0463          	beqz	t3,10800 <fail>
   105dc:	0000f297          	auipc	t0,0xf
   105e0:	e8028293          	addi	t0,t0,-384 # 1f45c <float_pos_inf>
   105e4:	0002ac87          	flw	fs9,0(t0)
   105e8:	0000f297          	auipc	t0,0xf
   105ec:	e6c28293          	addi	t0,t0,-404 # 1f454 <float_pos_zero>
   105f0:	0002ad07          	flw	fs10,0(t0)
   105f4:	11acfdd3          	fmul.s	fs11,fs9,fs10
   105f8:	01b12027          	fsw	fs11,0(sp)
   105fc:	00012303          	lw	t1,0(sp)
   10600:	7f8003b7          	lui	t2,0x7f800
   10604:	00737e33          	and	t3,t1,t2
   10608:	1e7e1c63          	bne	t3,t2,10800 <fail>
   1060c:	008003b7          	lui	t2,0x800
   10610:	fff38393          	addi	t2,t2,-1 # 7fffff <_float_lib_entry+0x6fffff>
   10614:	00737e33          	and	t3,t1,t2
   10618:	1e0e0463          	beqz	t3,10800 <fail>
   1061c:	0000f297          	auipc	t0,0xf
   10620:	e2428293          	addi	t0,t0,-476 # 1f440 <float_a>
   10624:	0002ac87          	flw	fs9,0(t0)
   10628:	0000f297          	auipc	t0,0xf
   1062c:	e2c28293          	addi	t0,t0,-468 # 1f454 <float_pos_zero>
   10630:	0002ad07          	flw	fs10,0(t0)
   10634:	19acfdd3          	fdiv.s	fs11,fs9,fs10
   10638:	01b12027          	fsw	fs11,0(sp)
   1063c:	00012303          	lw	t1,0(sp)
   10640:	7f8003b7          	lui	t2,0x7f800
   10644:	1a731e63          	bne	t1,t2,10800 <fail>
   10648:	bf8002b7          	lui	t0,0xbf800
   1064c:	00512023          	sw	t0,0(sp)
   10650:	00012c87          	flw	fs9,0(sp)
   10654:	0000f297          	auipc	t0,0xf
   10658:	e0028293          	addi	t0,t0,-512 # 1f454 <float_pos_zero>
   1065c:	0002ad07          	flw	fs10,0(t0)
   10660:	19acfdd3          	fdiv.s	fs11,fs9,fs10
   10664:	01b12027          	fsw	fs11,0(sp)
   10668:	00012303          	lw	t1,0(sp)
   1066c:	ff8003b7          	lui	t2,0xff800
   10670:	18731863          	bne	t1,t2,10800 <fail>
   10674:	0000f297          	auipc	t0,0xf
   10678:	de028293          	addi	t0,t0,-544 # 1f454 <float_pos_zero>
   1067c:	0002ac87          	flw	fs9,0(t0)
   10680:	0002ad07          	flw	fs10,0(t0)
   10684:	01acfdd3          	fadd.s	fs11,fs9,fs10
   10688:	01b12027          	fsw	fs11,0(sp)
   1068c:	00012303          	lw	t1,0(sp)
   10690:	00000393          	li	t2,0
   10694:	16731663          	bne	t1,t2,10800 <fail>
   10698:	0000f297          	auipc	t0,0xf
   1069c:	dbc28293          	addi	t0,t0,-580 # 1f454 <float_pos_zero>
   106a0:	0002ac87          	flw	fs9,0(t0)
   106a4:	0000f297          	auipc	t0,0xf
   106a8:	db428293          	addi	t0,t0,-588 # 1f458 <float_neg_zero>
   106ac:	0002ad07          	flw	fs10,0(t0)
   106b0:	01acfdd3          	fadd.s	fs11,fs9,fs10
   106b4:	01b12027          	fsw	fs11,0(sp)
   106b8:	00012303          	lw	t1,0(sp)
   106bc:	00000393          	li	t2,0
   106c0:	14731063          	bne	t1,t2,10800 <fail>
   106c4:	0000f297          	auipc	t0,0xf
   106c8:	d9428293          	addi	t0,t0,-620 # 1f458 <float_neg_zero>
   106cc:	0002ac87          	flw	fs9,0(t0)
   106d0:	0002ad07          	flw	fs10,0(t0)
   106d4:	01acfdd3          	fadd.s	fs11,fs9,fs10
   106d8:	01b12027          	fsw	fs11,0(sp)
   106dc:	00012303          	lw	t1,0(sp)
   106e0:	800003b7          	lui	t2,0x80000
   106e4:	10731e63          	bne	t1,t2,10800 <fail>
   106e8:	0000f297          	auipc	t0,0xf
   106ec:	d6c28293          	addi	t0,t0,-660 # 1f454 <float_pos_zero>
   106f0:	0002ac87          	flw	fs9,0(t0)
   106f4:	bf8002b7          	lui	t0,0xbf800
   106f8:	00512223          	sw	t0,4(sp)
   106fc:	00412d07          	flw	fs10,4(sp)
   10700:	11acfdd3          	fmul.s	fs11,fs9,fs10
   10704:	01b12027          	fsw	fs11,0(sp)
   10708:	00012303          	lw	t1,0(sp)
   1070c:	800003b7          	lui	t2,0x80000
   10710:	0e731863          	bne	t1,t2,10800 <fail>
   10714:	00100293          	li	t0,1
   10718:	00100313          	li	t1,1
   1071c:	00512023          	sw	t0,0(sp)
   10720:	00612223          	sw	t1,4(sp)
   10724:	00012c87          	flw	fs9,0(sp)
   10728:	00412d07          	flw	fs10,4(sp)
   1072c:	01acfdd3          	fadd.s	fs11,fs9,fs10
   10730:	01b12427          	fsw	fs11,8(sp)
   10734:	00812383          	lw	t2,8(sp)
   10738:	00200e13          	li	t3,2
   1073c:	0dc39263          	bne	t2,t3,10800 <fail>
   10740:	008002b7          	lui	t0,0x800
   10744:	3f000337          	lui	t1,0x3f000
   10748:	00512023          	sw	t0,0(sp)
   1074c:	00612223          	sw	t1,4(sp)
   10750:	00012c87          	flw	fs9,0(sp)
   10754:	00412d07          	flw	fs10,4(sp)
   10758:	11acfdd3          	fmul.s	fs11,fs9,fs10
   1075c:	01b12427          	fsw	fs11,8(sp)
   10760:	00812383          	lw	t2,8(sp)
   10764:	00400e37          	lui	t3,0x400
   10768:	09c39c63          	bne	t2,t3,10800 <fail>
   1076c:	402002b7          	lui	t0,0x40200
   10770:	00512023          	sw	t0,0(sp)
   10774:	00012e07          	flw	ft8,0(sp)
   10778:	c00e1353          	fcvt.w.s	t1,ft8,rtz
   1077c:	00200393          	li	t2,2
   10780:	08731063          	bne	t1,t2,10800 <fail>
   10784:	c00e2353          	fcvt.w.s	t1,ft8,rdn
   10788:	00200393          	li	t2,2
   1078c:	06731a63          	bne	t1,t2,10800 <fail>
   10790:	c00e3353          	fcvt.w.s	t1,ft8,rup
   10794:	00300393          	li	t2,3
   10798:	06731463          	bne	t1,t2,10800 <fail>
   1079c:	c00e0353          	fcvt.w.s	t1,ft8,rne
   107a0:	00200393          	li	t2,2
   107a4:	04731e63          	bne	t1,t2,10800 <fail>
   107a8:	c02002b7          	lui	t0,0xc0200
   107ac:	00512023          	sw	t0,0(sp)
   107b0:	00012e87          	flw	ft9,0(sp)
   107b4:	c00e9353          	fcvt.w.s	t1,ft9,rtz
   107b8:	ffe00393          	li	t2,-2
   107bc:	04731263          	bne	t1,t2,10800 <fail>
   107c0:	c00ea353          	fcvt.w.s	t1,ft9,rdn
   107c4:	ffd00393          	li	t2,-3
   107c8:	02731c63          	bne	t1,t2,10800 <fail>
   107cc:	c00eb353          	fcvt.w.s	t1,ft9,rup
   107d0:	ffe00393          	li	t2,-2
   107d4:	02731663          	bne	t1,t2,10800 <fail>
   107d8:	c00e8353          	fcvt.w.s	t1,ft9,rne
   107dc:	ffe00393          	li	t2,-2
   107e0:	02731063          	bne	t1,t2,10800 <fail>
   107e4:	406002b7          	lui	t0,0x40600
   107e8:	00512023          	sw	t0,0(sp)
   107ec:	00012f07          	flw	ft10,0(sp)
   107f0:	c00f0353          	fcvt.w.s	t1,ft10,rne
   107f4:	00400393          	li	t2,4
   107f8:	00731463          	bne	t1,t2,10800 <fail>
   107fc:	0000000b          	.insn	4, 0x000b

00010800 <fail>:
   10800:	0010000b          	.insn	4, 0x0010000b

00010804 <set_rounding_mode>:
   10804:	ff010113          	addi	sp,sp,-16
   10808:	00812423          	sw	s0,8(sp)
   1080c:	00757413          	andi	s0,a0,7
   10810:	00040513          	mv	a0,s0
   10814:	00400613          	li	a2,4
   10818:	00000693          	li	a3,0
   1081c:	00000593          	li	a1,0
   10820:	00112623          	sw	ra,12(sp)
   10824:	641090ef          	jal	1a664 <__ucmpdi2>
   10828:	00100793          	li	a5,1
   1082c:	02a7e663          	bltu	a5,a0,10858 <set_rounding_mode+0x54>
   10830:	0000e717          	auipc	a4,0xe
   10834:	63c70713          	addi	a4,a4,1596 # 1ee6c <softfloat_addM+0x88>
   10838:	00241413          	slli	s0,s0,0x2
   1083c:	00e40433          	add	s0,s0,a4
   10840:	00042783          	lw	a5,0(s0)
   10844:	00e787b3          	add	a5,a5,a4
   10848:	00078067          	jr	a5
   1084c:	00400793          	li	a5,4
   10850:	0000f717          	auipc	a4,0xf
   10854:	c2f72423          	sw	a5,-984(a4) # 1f478 <softfloat_roundingMode>
   10858:	00c12083          	lw	ra,12(sp)
   1085c:	00812403          	lw	s0,8(sp)
   10860:	01010113          	addi	sp,sp,16
   10864:	00008067          	ret
   10868:	00c12083          	lw	ra,12(sp)
   1086c:	00812403          	lw	s0,8(sp)
   10870:	00300793          	li	a5,3
   10874:	0000f717          	auipc	a4,0xf
   10878:	c0f72223          	sw	a5,-1020(a4) # 1f478 <softfloat_roundingMode>
   1087c:	01010113          	addi	sp,sp,16
   10880:	00008067          	ret
   10884:	00c12083          	lw	ra,12(sp)
   10888:	00812403          	lw	s0,8(sp)
   1088c:	0000f797          	auipc	a5,0xf
   10890:	be07a623          	sw	zero,-1044(a5) # 1f478 <softfloat_roundingMode>
   10894:	01010113          	addi	sp,sp,16
   10898:	00008067          	ret
   1089c:	00c12083          	lw	ra,12(sp)
   108a0:	00812403          	lw	s0,8(sp)
   108a4:	00100793          	li	a5,1
   108a8:	0000f717          	auipc	a4,0xf
   108ac:	bcf72823          	sw	a5,-1072(a4) # 1f478 <softfloat_roundingMode>
   108b0:	01010113          	addi	sp,sp,16
   108b4:	00008067          	ret
   108b8:	00c12083          	lw	ra,12(sp)
   108bc:	00812403          	lw	s0,8(sp)
   108c0:	00200793          	li	a5,2
   108c4:	0000f717          	auipc	a4,0xf
   108c8:	baf72a23          	sw	a5,-1100(a4) # 1f478 <softfloat_roundingMode>
   108cc:	01010113          	addi	sp,sp,16
   108d0:	00008067          	ret

000108d4 <_zisk_float>:
   108d4:	002087b7          	lui	a5,0x208
   108d8:	01878793          	addi	a5,a5,24 # 208018 <_float_lib_entry+0x108018>
   108dc:	0007a783          	lw	a5,0(a5)
   108e0:	f6010113          	addi	sp,sp,-160
   108e4:	08112e23          	sw	ra,156(sp)
   108e8:	0057d793          	srli	a5,a5,0x5
   108ec:	09612023          	sw	s6,128(sp)
   108f0:	07712e23          	sw	s7,124(sp)
   108f4:	00400713          	li	a4,4
   108f8:	0077f793          	andi	a5,a5,7
   108fc:	02f76663          	bltu	a4,a5,10928 <_zisk_float+0x54>
   10900:	0000e717          	auipc	a4,0xe
   10904:	58070713          	addi	a4,a4,1408 # 1ee80 <softfloat_addM+0x9c>
   10908:	00279793          	slli	a5,a5,0x2
   1090c:	00e787b3          	add	a5,a5,a4
   10910:	0007a783          	lw	a5,0(a5)
   10914:	00e787b3          	add	a5,a5,a4
   10918:	00078067          	jr	a5
   1091c:	00400793          	li	a5,4
   10920:	0000f717          	auipc	a4,0xf
   10924:	b4f72c23          	sw	a5,-1192(a4) # 1f478 <softfloat_roundingMode>
   10928:	002007b7          	lui	a5,0x200
   1092c:	1087ab03          	lw	s6,264(a5) # 200108 <_float_lib_entry+0x100108>
   10930:	00000693          	li	a3,0
   10934:	01000613          	li	a2,16
   10938:	07fb7593          	andi	a1,s6,127
   1093c:	fbd58b93          	addi	s7,a1,-67
   10940:	00bbb5b3          	sltu	a1,s7,a1
   10944:	fff58593          	addi	a1,a1,-1
   10948:	000b8513          	mv	a0,s7
   1094c:	0000f717          	auipc	a4,0xf
   10950:	b2072423          	sw	zero,-1240(a4) # 1f474 <softfloat_exceptionFlags>
   10954:	511090ef          	jal	1a664 <__ucmpdi2>
   10958:	00100693          	li	a3,1
   1095c:	02a6ec63          	bltu	a3,a0,10994 <_zisk_float+0xc0>
   10960:	0000e697          	auipc	a3,0xe
   10964:	53468693          	addi	a3,a3,1332 # 1ee94 <softfloat_addM+0xb0>
   10968:	002b9713          	slli	a4,s7,0x2
   1096c:	00d70733          	add	a4,a4,a3
   10970:	00072703          	lw	a4,0(a4)
   10974:	08812c23          	sw	s0,152(sp)
   10978:	08912a23          	sw	s1,148(sp)
   1097c:	00d70733          	add	a4,a4,a3
   10980:	09212823          	sw	s2,144(sp)
   10984:	00070067          	jr	a4
   10988:	09812403          	lw	s0,152(sp)
   1098c:	09412483          	lw	s1,148(sp)
   10990:	09012903          	lw	s2,144(sp)
   10994:	00000313          	li	t1,0
   10998:	00208737          	lui	a4,0x208
   1099c:	01872783          	lw	a5,24(a4) # 208018 <_float_lib_entry+0x108018>
   109a0:	09c12083          	lw	ra,156(sp)
   109a4:	08012b03          	lw	s6,128(sp)
   109a8:	fe07f793          	andi	a5,a5,-32
   109ac:	0067e7b3          	or	a5,a5,t1
   109b0:	00f72c23          	sw	a5,24(a4)
   109b4:	07c12b83          	lw	s7,124(sp)
   109b8:	0a010113          	addi	sp,sp,160
   109bc:	00008067          	ret
   109c0:	0000f797          	auipc	a5,0xf
   109c4:	aa07ac23          	sw	zero,-1352(a5) # 1f478 <softfloat_roundingMode>
   109c8:	f61ff06f          	j	10928 <_zisk_float+0x54>
   109cc:	00100793          	li	a5,1
   109d0:	0000f717          	auipc	a4,0xf
   109d4:	aaf72423          	sw	a5,-1368(a4) # 1f478 <softfloat_roundingMode>
   109d8:	f51ff06f          	j	10928 <_zisk_float+0x54>
   109dc:	00200793          	li	a5,2
   109e0:	0000f717          	auipc	a4,0xf
   109e4:	a8f72c23          	sw	a5,-1384(a4) # 1f478 <softfloat_roundingMode>
   109e8:	f41ff06f          	j	10928 <_zisk_float+0x54>
   109ec:	00300793          	li	a5,3
   109f0:	0000f717          	auipc	a4,0xf
   109f4:	a8f72423          	sw	a5,-1400(a4) # 1f478 <softfloat_roundingMode>
   109f8:	f31ff06f          	j	10928 <_zisk_float+0x54>
   109fc:	019b5413          	srli	s0,s6,0x19
   10a00:	00040513          	mv	a0,s0
   10a04:	07900613          	li	a2,121
   10a08:	00000693          	li	a3,0
   10a0c:	00000593          	li	a1,0
   10a10:	455090ef          	jal	1a664 <__ucmpdi2>
   10a14:	00100713          	li	a4,1
   10a18:	02a76063          	bltu	a4,a0,10a38 <_zisk_float+0x164>
   10a1c:	0000e697          	auipc	a3,0xe
   10a20:	4bc68693          	addi	a3,a3,1212 # 1eed8 <softfloat_addM+0xf4>
   10a24:	00241413          	slli	s0,s0,0x2
   10a28:	00d40433          	add	s0,s0,a3
   10a2c:	00042703          	lw	a4,0(s0)
   10a30:	00d70733          	add	a4,a4,a3
   10a34:	00070067          	jr	a4
   10a38:	09312623          	sw	s3,140(sp)
   10a3c:	09412423          	sw	s4,136(sp)
   10a40:	09512223          	sw	s5,132(sp)
   10a44:	07812c23          	sw	s8,120(sp)
   10a48:	07912a23          	sw	s9,116(sp)
   10a4c:	07a12823          	sw	s10,112(sp)
   10a50:	07b12623          	sw	s11,108(sp)
   10a54:	00000793          	li	a5,0
   10a58:	00000813          	li	a6,0
   10a5c:	00f02023          	sw	a5,0(zero) # 0 <_start-0x10000>
   10a60:	01002223          	sw	a6,4(zero) # 4 <_start-0xfffc>
   10a64:	00100073          	ebreak
   10a68:	019b5713          	srli	a4,s6,0x19
   10a6c:	00377713          	andi	a4,a4,3
   10a70:	00070ce3          	beqz	a4,11288 <_zisk_float+0x9b4>
   10a74:	09312623          	sw	s3,140(sp)
   10a78:	00100693          	li	a3,1
   10a7c:	fcd710e3          	bne	a4,a3,10a3c <_zisk_float+0x168>
   10a80:	00cb5913          	srli	s2,s6,0xc
   10a84:	0f897913          	andi	s2,s2,248
   10a88:	00200537          	lui	a0,0x200
   10a8c:	00a90933          	add	s2,s2,a0
   10a90:	00092803          	lw	a6,0(s2)
   10a94:	00492883          	lw	a7,4(s2)
   10a98:	7ff00637          	lui	a2,0x7ff00
   10a9c:	007b5693          	srli	a3,s6,0x7
   10aa0:	014b5713          	srli	a4,s6,0x14
   10aa4:	00c8f5b3          	and	a1,a7,a2
   10aa8:	01f6f993          	andi	s3,a3,31
   10aac:	01f77713          	andi	a4,a4,31
   10ab0:	01bb5693          	srli	a3,s6,0x1b
   10ab4:	00c59463          	bne	a1,a2,10abc <_zisk_float+0x1e8>
   10ab8:	1900106f          	j	11c48 <_zisk_float+0x1374>
   10abc:	00092783          	lw	a5,0(s2)
   10ac0:	00492803          	lw	a6,4(s2)
   10ac4:	7ff00537          	lui	a0,0x7ff00
   10ac8:	01485613          	srli	a2,a6,0x14
   10acc:	7ff67613          	andi	a2,a2,2047
   10ad0:	68061063          	bnez	a2,11150 <_zisk_float+0x87c>
   10ad4:	00092803          	lw	a6,0(s2)
   10ad8:	00492883          	lw	a7,4(s2)
   10adc:	00100637          	lui	a2,0x100
   10ae0:	fff60613          	addi	a2,a2,-1 # fffff <softfloat_roundingMode+0xe0b87>
   10ae4:	00c8f5b3          	and	a1,a7,a2
   10ae8:	0105e5b3          	or	a1,a1,a6
   10aec:	66059263          	bnez	a1,11150 <_zisk_float+0x87c>
   10af0:	00200837          	lui	a6,0x200
   10af4:	00371593          	slli	a1,a4,0x3
   10af8:	010585b3          	add	a1,a1,a6
   10afc:	0005a803          	lw	a6,0(a1)
   10b00:	0045a883          	lw	a7,4(a1)
   10b04:	00a8f833          	and	a6,a7,a0
   10b08:	64a81463          	bne	a6,a0,11150 <_zisk_float+0x87c>
   10b0c:	0005a503          	lw	a0,0(a1)
   10b10:	0045a583          	lw	a1,4(a1)
   10b14:	00c5f633          	and	a2,a1,a2
   10b18:	00a66633          	or	a2,a2,a0
   10b1c:	62061a63          	bnez	a2,11150 <_zisk_float+0x87c>
   10b20:	00399793          	slli	a5,s3,0x3
   10b24:	00200737          	lui	a4,0x200
   10b28:	00e787b3          	add	a5,a5,a4
   10b2c:	00000613          	li	a2,0
   10b30:	7ff806b7          	lui	a3,0x7ff80
   10b34:	00c7a023          	sw	a2,0(a5)
   10b38:	00d7a223          	sw	a3,4(a5)
   10b3c:	01000513          	li	a0,16
   10b40:	28c0e0ef          	jal	1edcc <softfloat_raiseFlags>
   10b44:	0000f697          	auipc	a3,0xf
   10b48:	9306a683          	lw	a3,-1744(a3) # 1f474 <softfloat_exceptionFlags>
   10b4c:	09812403          	lw	s0,152(sp)
   10b50:	09412483          	lw	s1,148(sp)
   10b54:	09012903          	lw	s2,144(sp)
   10b58:	08c12983          	lw	s3,140(sp)
   10b5c:	01f6f313          	andi	t1,a3,31
   10b60:	e39ff06f          	j	10998 <_zisk_float+0xc4>
   10b64:	019b5713          	srli	a4,s6,0x19
   10b68:	00377713          	andi	a4,a4,3
   10b6c:	140708e3          	beqz	a4,114bc <_zisk_float+0xbe8>
   10b70:	09412423          	sw	s4,136(sp)
   10b74:	09512223          	sw	s5,132(sp)
   10b78:	00100693          	li	a3,1
   10b7c:	12d71ce3          	bne	a4,a3,114b4 <_zisk_float+0xbe0>
   10b80:	00cb5493          	srli	s1,s6,0xc
   10b84:	00200737          	lui	a4,0x200
   10b88:	0f84f493          	andi	s1,s1,248
   10b8c:	00e484b3          	add	s1,s1,a4
   10b90:	0004a503          	lw	a0,0(s1)
   10b94:	0044a583          	lw	a1,4(s1)
   10b98:	7ff00637          	lui	a2,0x7ff00
   10b9c:	007b5693          	srli	a3,s6,0x7
   10ba0:	014b5713          	srli	a4,s6,0x14
   10ba4:	00c5f5b3          	and	a1,a1,a2
   10ba8:	01f6fa93          	andi	s5,a3,31
   10bac:	01f77713          	andi	a4,a4,31
   10bb0:	01bb5a13          	srli	s4,s6,0x1b
   10bb4:	00c59463          	bne	a1,a2,10bbc <_zisk_float+0x2e8>
   10bb8:	0180106f          	j	11bd0 <_zisk_float+0x12fc>
   10bbc:	00371713          	slli	a4,a4,0x3
   10bc0:	002006b7          	lui	a3,0x200
   10bc4:	00d70433          	add	s0,a4,a3
   10bc8:	00042603          	lw	a2,0(s0)
   10bcc:	00442683          	lw	a3,4(s0)
   10bd0:	7ff00737          	lui	a4,0x7ff00
   10bd4:	00e6f6b3          	and	a3,a3,a4
   10bd8:	00e69463          	bne	a3,a4,10be0 <_zisk_float+0x30c>
   10bdc:	2dc0106f          	j	11eb8 <_zisk_float+0x15e4>
   10be0:	00200737          	lui	a4,0x200
   10be4:	003a1a13          	slli	s4,s4,0x3
   10be8:	00ea0a33          	add	s4,s4,a4
   10bec:	000a2603          	lw	a2,0(s4)
   10bf0:	004a2683          	lw	a3,4(s4)
   10bf4:	7ff00737          	lui	a4,0x7ff00
   10bf8:	00e6f6b3          	and	a3,a3,a4
   10bfc:	00e69463          	bne	a3,a4,10c04 <_zisk_float+0x330>
   10c00:	5e00306f          	j	141e0 <_zisk_float+0x390c>
   10c04:	0004a603          	lw	a2,0(s1)
   10c08:	0044a683          	lw	a3,4(s1)
   10c0c:	7ff00737          	lui	a4,0x7ff00
   10c10:	00e6f6b3          	and	a3,a3,a4
   10c14:	00e69463          	bne	a3,a4,10c1c <_zisk_float+0x348>
   10c18:	0fd0306f          	j	14514 <_zisk_float+0x3c40>
   10c1c:	0004a783          	lw	a5,0(s1)
   10c20:	0044a803          	lw	a6,4(s1)
   10c24:	7ff00637          	lui	a2,0x7ff00
   10c28:	01485713          	srli	a4,a6,0x14
   10c2c:	7ff77713          	andi	a4,a4,2047
   10c30:	02071a63          	bnez	a4,10c64 <_zisk_float+0x390>
   10c34:	0004a503          	lw	a0,0(s1)
   10c38:	0044a583          	lw	a1,4(s1)
   10c3c:	00100737          	lui	a4,0x100
   10c40:	fff70713          	addi	a4,a4,-1 # fffff <softfloat_roundingMode+0xe0b87>
   10c44:	00e5f6b3          	and	a3,a1,a4
   10c48:	00a6e6b3          	or	a3,a3,a0
   10c4c:	00069c63          	bnez	a3,10c64 <_zisk_float+0x390>
   10c50:	00042503          	lw	a0,0(s0)
   10c54:	00442583          	lw	a1,4(s0)
   10c58:	00c5f6b3          	and	a3,a1,a2
   10c5c:	00c69463          	bne	a3,a2,10c64 <_zisk_float+0x390>
   10c60:	5310406f          	j	15990 <_zisk_float+0x50bc>
   10c64:	0004a603          	lw	a2,0(s1)
   10c68:	0044a683          	lw	a3,4(s1)
   10c6c:	7ff00737          	lui	a4,0x7ff00
   10c70:	00e6f6b3          	and	a3,a3,a4
   10c74:	00e69463          	bne	a3,a4,10c7c <_zisk_float+0x3a8>
   10c78:	2e50306f          	j	1475c <_zisk_float+0x3e88>
   10c7c:	00042603          	lw	a2,0(s0)
   10c80:	00442683          	lw	a3,4(s0)
   10c84:	7ff00737          	lui	a4,0x7ff00
   10c88:	00e6f6b3          	and	a3,a3,a4
   10c8c:	00e69463          	bne	a3,a4,10c94 <_zisk_float+0x3c0>
   10c90:	0440406f          	j	14cd4 <_zisk_float+0x4400>
   10c94:	000a2603          	lw	a2,0(s4)
   10c98:	004a2683          	lw	a3,4(s4)
   10c9c:	7ff00737          	lui	a4,0x7ff00
   10ca0:	00e6f6b3          	and	a3,a3,a4
   10ca4:	00e69463          	bne	a3,a4,10cac <_zisk_float+0x3d8>
   10ca8:	1f40406f          	j	14e9c <_zisk_float+0x45c8>
   10cac:	0004a603          	lw	a2,0(s1)
   10cb0:	0044a683          	lw	a3,4(s1)
   10cb4:	7ff00737          	lui	a4,0x7ff00
   10cb8:	00e6f6b3          	and	a3,a3,a4
   10cbc:	00e69463          	bne	a3,a4,10cc4 <_zisk_float+0x3f0>
   10cc0:	73c0406f          	j	153fc <_zisk_float+0x4b28>
   10cc4:	00042603          	lw	a2,0(s0)
   10cc8:	00442683          	lw	a3,4(s0)
   10ccc:	7ff00737          	lui	a4,0x7ff00
   10cd0:	00e6f6b3          	and	a3,a3,a4
   10cd4:	00e69463          	bne	a3,a4,10cdc <_zisk_float+0x408>
   10cd8:	1810406f          	j	15658 <_zisk_float+0x4d84>
   10cdc:	0004a603          	lw	a2,0(s1)
   10ce0:	0044a683          	lw	a3,4(s1)
   10ce4:	7ff00737          	lui	a4,0x7ff00
   10ce8:	00e6f6b3          	and	a3,a3,a4
   10cec:	00e69463          	bne	a3,a4,10cf4 <_zisk_float+0x420>
   10cf0:	1ed0406f          	j	156dc <_zisk_float+0x4e08>
   10cf4:	00042603          	lw	a2,0(s0)
   10cf8:	00442683          	lw	a3,4(s0)
   10cfc:	7ff00737          	lui	a4,0x7ff00
   10d00:	00e6f6b3          	and	a3,a3,a4
   10d04:	00e69463          	bne	a3,a4,10d0c <_zisk_float+0x438>
   10d08:	2750406f          	j	1577c <_zisk_float+0x4ea8>
   10d0c:	000a2603          	lw	a2,0(s4)
   10d10:	004a2683          	lw	a3,4(s4)
   10d14:	7ff00737          	lui	a4,0x7ff00
   10d18:	00e6f633          	and	a2,a3,a4
   10d1c:	00e61463          	bne	a2,a4,10d24 <_zisk_float+0x450>
   10d20:	2e50406f          	j	15804 <_zisk_float+0x4f30>
   10d24:	00cb5793          	srli	a5,s6,0xc
   10d28:	0077fb13          	andi	s6,a5,7
   10d2c:	000b0513          	mv	a0,s6
   10d30:	00400613          	li	a2,4
   10d34:	00000693          	li	a3,0
   10d38:	00000593          	li	a1,0
   10d3c:	09312623          	sw	s3,140(sp)
   10d40:	125090ef          	jal	1a664 <__ucmpdi2>
   10d44:	00100793          	li	a5,1
   10d48:	00a7f463          	bgeu	a5,a0,10d50 <_zisk_float+0x47c>
   10d4c:	44c0106f          	j	12198 <_zisk_float+0x18c4>
   10d50:	0000e717          	auipc	a4,0xe
   10d54:	37070713          	addi	a4,a4,880 # 1f0c0 <softfloat_addM+0x2dc>
   10d58:	002b1793          	slli	a5,s6,0x2
   10d5c:	00e787b3          	add	a5,a5,a4
   10d60:	0007a783          	lw	a5,0(a5)
   10d64:	00e787b3          	add	a5,a5,a4
   10d68:	00078067          	jr	a5
   10d6c:	019b5713          	srli	a4,s6,0x19
   10d70:	00377713          	andi	a4,a4,3
   10d74:	120702e3          	beqz	a4,11698 <_zisk_float+0xdc4>
   10d78:	00100693          	li	a3,1
   10d7c:	cad71ee3          	bne	a4,a3,10a38 <_zisk_float+0x164>
   10d80:	00cb5493          	srli	s1,s6,0xc
   10d84:	00200737          	lui	a4,0x200
   10d88:	0f84f493          	andi	s1,s1,248
   10d8c:	00e484b3          	add	s1,s1,a4
   10d90:	0004a503          	lw	a0,0(s1)
   10d94:	0044a583          	lw	a1,4(s1)
   10d98:	7ff00637          	lui	a2,0x7ff00
   10d9c:	007b5693          	srli	a3,s6,0x7
   10da0:	014b5713          	srli	a4,s6,0x14
   10da4:	00c5f5b3          	and	a1,a1,a2
   10da8:	01f6f693          	andi	a3,a3,31
   10dac:	01f77713          	andi	a4,a4,31
   10db0:	01bb5913          	srli	s2,s6,0x1b
   10db4:	5ac58ae3          	beq	a1,a2,11b68 <_zisk_float+0x1294>
   10db8:	00371713          	slli	a4,a4,0x3
   10dbc:	00200637          	lui	a2,0x200
   10dc0:	00c70433          	add	s0,a4,a2
   10dc4:	00042503          	lw	a0,0(s0)
   10dc8:	00442583          	lw	a1,4(s0)
   10dcc:	7ff00737          	lui	a4,0x7ff00
   10dd0:	00e5f633          	and	a2,a1,a4
   10dd4:	00e61463          	bne	a2,a4,10ddc <_zisk_float+0x508>
   10dd8:	1b00106f          	j	11f88 <_zisk_float+0x16b4>
   10ddc:	00200737          	lui	a4,0x200
   10de0:	00391913          	slli	s2,s2,0x3
   10de4:	00e90933          	add	s2,s2,a4
   10de8:	00092503          	lw	a0,0(s2)
   10dec:	00492583          	lw	a1,4(s2)
   10df0:	7ff00737          	lui	a4,0x7ff00
   10df4:	00e5f633          	and	a2,a1,a4
   10df8:	00e61463          	bne	a2,a4,10e00 <_zisk_float+0x52c>
   10dfc:	4e40306f          	j	142e0 <_zisk_float+0x3a0c>
   10e00:	0004a803          	lw	a6,0(s1)
   10e04:	0044a883          	lw	a7,4(s1)
   10e08:	7ff00737          	lui	a4,0x7ff00
   10e0c:	09312623          	sw	s3,140(sp)
   10e10:	00369693          	slli	a3,a3,0x3
   10e14:	002005b7          	lui	a1,0x200
   10e18:	00e8f633          	and	a2,a7,a4
   10e1c:	00b689b3          	add	s3,a3,a1
   10e20:	00e61463          	bne	a2,a4,10e28 <_zisk_float+0x554>
   10e24:	56c0306f          	j	14390 <_zisk_float+0x3abc>
   10e28:	0004a783          	lw	a5,0(s1)
   10e2c:	0044a803          	lw	a6,4(s1)
   10e30:	7ff00637          	lui	a2,0x7ff00
   10e34:	01485713          	srli	a4,a6,0x14
   10e38:	7ff77713          	andi	a4,a4,2047
   10e3c:	02071a63          	bnez	a4,10e70 <_zisk_float+0x59c>
   10e40:	0004a503          	lw	a0,0(s1)
   10e44:	0044a583          	lw	a1,4(s1)
   10e48:	00100737          	lui	a4,0x100
   10e4c:	fff70713          	addi	a4,a4,-1 # fffff <softfloat_roundingMode+0xe0b87>
   10e50:	00e5f6b3          	and	a3,a1,a4
   10e54:	00a6e6b3          	or	a3,a3,a0
   10e58:	00069c63          	bnez	a3,10e70 <_zisk_float+0x59c>
   10e5c:	00042503          	lw	a0,0(s0)
   10e60:	00442583          	lw	a1,4(s0)
   10e64:	00c5f6b3          	and	a3,a1,a2
   10e68:	00c69463          	bne	a3,a2,10e70 <_zisk_float+0x59c>
   10e6c:	23d0406f          	j	158a8 <_zisk_float+0x4fd4>
   10e70:	0004a603          	lw	a2,0(s1)
   10e74:	0044a683          	lw	a3,4(s1)
   10e78:	7ff00737          	lui	a4,0x7ff00
   10e7c:	00e6f6b3          	and	a3,a3,a4
   10e80:	00e69463          	bne	a3,a4,10e88 <_zisk_float+0x5b4>
   10e84:	0110306f          	j	14694 <_zisk_float+0x3dc0>
   10e88:	00042603          	lw	a2,0(s0)
   10e8c:	00442683          	lw	a3,4(s0)
   10e90:	7ff00737          	lui	a4,0x7ff00
   10e94:	00e6f6b3          	and	a3,a3,a4
   10e98:	00e69463          	bne	a3,a4,10ea0 <_zisk_float+0x5cc>
   10e9c:	5cd0306f          	j	14c68 <_zisk_float+0x4394>
   10ea0:	00092603          	lw	a2,0(s2)
   10ea4:	00492683          	lw	a3,4(s2)
   10ea8:	7ff00737          	lui	a4,0x7ff00
   10eac:	00e6f6b3          	and	a3,a3,a4
   10eb0:	00e69463          	bne	a3,a4,10eb8 <_zisk_float+0x5e4>
   10eb4:	7b90306f          	j	14e6c <_zisk_float+0x4598>
   10eb8:	0004a603          	lw	a2,0(s1)
   10ebc:	0044a683          	lw	a3,4(s1)
   10ec0:	7ff00737          	lui	a4,0x7ff00
   10ec4:	00e6f6b3          	and	a3,a3,a4
   10ec8:	00e69463          	bne	a3,a4,10ed0 <_zisk_float+0x5fc>
   10ecc:	4d00406f          	j	1539c <_zisk_float+0x4ac8>
   10ed0:	00042603          	lw	a2,0(s0)
   10ed4:	00442683          	lw	a3,4(s0)
   10ed8:	7ff00737          	lui	a4,0x7ff00
   10edc:	00e6f6b3          	and	a3,a3,a4
   10ee0:	00e69463          	bne	a3,a4,10ee8 <_zisk_float+0x614>
   10ee4:	73c0406f          	j	15620 <_zisk_float+0x4d4c>
   10ee8:	0004a603          	lw	a2,0(s1)
   10eec:	0044a683          	lw	a3,4(s1)
   10ef0:	0146d713          	srli	a4,a3,0x14
   10ef4:	7ff77713          	andi	a4,a4,2047
   10ef8:	00070463          	beqz	a4,10f00 <_zisk_float+0x62c>
   10efc:	2c90306f          	j	149c4 <_zisk_float+0x40f0>
   10f00:	0004a603          	lw	a2,0(s1)
   10f04:	0044a683          	lw	a3,4(s1)
   10f08:	00c69713          	slli	a4,a3,0xc
   10f0c:	00c75713          	srli	a4,a4,0xc
   10f10:	00c76733          	or	a4,a4,a2
   10f14:	00070463          	beqz	a4,10f1c <_zisk_float+0x648>
   10f18:	2ad0306f          	j	149c4 <_zisk_float+0x40f0>
   10f1c:	00092603          	lw	a2,0(s2)
   10f20:	00492683          	lw	a3,4(s2)
   10f24:	0146d713          	srli	a4,a3,0x14
   10f28:	7ff77713          	andi	a4,a4,2047
   10f2c:	02071063          	bnez	a4,10f4c <_zisk_float+0x678>
   10f30:	00092603          	lw	a2,0(s2)
   10f34:	00492683          	lw	a3,4(s2)
   10f38:	00c69713          	slli	a4,a3,0xc
   10f3c:	00c75713          	srli	a4,a4,0xc
   10f40:	00c76733          	or	a4,a4,a2
   10f44:	00071463          	bnez	a4,10f4c <_zisk_float+0x678>
   10f48:	2ad0306f          	j	149f4 <_zisk_float+0x4120>
   10f4c:	00092703          	lw	a4,0(s2)
   10f50:	00492783          	lw	a5,4(s2)
   10f54:	00e9a023          	sw	a4,0(s3)
   10f58:	00f9a223          	sw	a5,4(s3)
   10f5c:	09812403          	lw	s0,152(sp)
   10f60:	09412483          	lw	s1,148(sp)
   10f64:	09012903          	lw	s2,144(sp)
   10f68:	08c12983          	lw	s3,140(sp)
   10f6c:	00000313          	li	t1,0
   10f70:	a29ff06f          	j	10998 <_zisk_float+0xc4>
   10f74:	019b5713          	srli	a4,s6,0x19
   10f78:	00377713          	andi	a4,a4,3
   10f7c:	0e070ae3          	beqz	a4,11870 <_zisk_float+0xf9c>
   10f80:	00100693          	li	a3,1
   10f84:	aad71ae3          	bne	a4,a3,10a38 <_zisk_float+0x164>
   10f88:	00cb5713          	srli	a4,s6,0xc
   10f8c:	0f877713          	andi	a4,a4,248
   10f90:	002006b7          	lui	a3,0x200
   10f94:	00d704b3          	add	s1,a4,a3
   10f98:	0004a503          	lw	a0,0(s1)
   10f9c:	0044a583          	lw	a1,4(s1)
   10fa0:	7ff00637          	lui	a2,0x7ff00
   10fa4:	007b5693          	srli	a3,s6,0x7
   10fa8:	014b5713          	srli	a4,s6,0x14
   10fac:	00c5f5b3          	and	a1,a1,a2
   10fb0:	01f6f693          	andi	a3,a3,31
   10fb4:	01f77713          	andi	a4,a4,31
   10fb8:	01bb5913          	srli	s2,s6,0x1b
   10fbc:	2cc58ee3          	beq	a1,a2,11a98 <_zisk_float+0x11c4>
   10fc0:	00371713          	slli	a4,a4,0x3
   10fc4:	00200637          	lui	a2,0x200
   10fc8:	00c70433          	add	s0,a4,a2
   10fcc:	00042503          	lw	a0,0(s0)
   10fd0:	00442583          	lw	a1,4(s0)
   10fd4:	7ff00737          	lui	a4,0x7ff00
   10fd8:	00e5f633          	and	a2,a1,a4
   10fdc:	6ae608e3          	beq	a2,a4,11e8c <_zisk_float+0x15b8>
   10fe0:	00200737          	lui	a4,0x200
   10fe4:	00391913          	slli	s2,s2,0x3
   10fe8:	00e90933          	add	s2,s2,a4
   10fec:	00092503          	lw	a0,0(s2)
   10ff0:	00492583          	lw	a1,4(s2)
   10ff4:	7ff00737          	lui	a4,0x7ff00
   10ff8:	00e5f633          	and	a2,a1,a4
   10ffc:	00e61463          	bne	a2,a4,11004 <_zisk_float+0x730>
   11000:	2780306f          	j	14278 <_zisk_float+0x39a4>
   11004:	0004a803          	lw	a6,0(s1)
   11008:	0044a883          	lw	a7,4(s1)
   1100c:	7ff00737          	lui	a4,0x7ff00
   11010:	09312623          	sw	s3,140(sp)
   11014:	00369693          	slli	a3,a3,0x3
   11018:	002005b7          	lui	a1,0x200
   1101c:	00e8f633          	and	a2,a7,a4
   11020:	00b689b3          	add	s3,a3,a1
   11024:	00e61463          	bne	a2,a4,1102c <_zisk_float+0x758>
   11028:	4680306f          	j	14490 <_zisk_float+0x3bbc>
   1102c:	0004a783          	lw	a5,0(s1)
   11030:	0044a803          	lw	a6,4(s1)
   11034:	7ff00637          	lui	a2,0x7ff00
   11038:	01485713          	srli	a4,a6,0x14
   1103c:	7ff77713          	andi	a4,a4,2047
   11040:	02071a63          	bnez	a4,11074 <_zisk_float+0x7a0>
   11044:	0004a503          	lw	a0,0(s1)
   11048:	0044a583          	lw	a1,4(s1)
   1104c:	00100737          	lui	a4,0x100
   11050:	fff70713          	addi	a4,a4,-1 # fffff <softfloat_roundingMode+0xe0b87>
   11054:	00e5f6b3          	and	a3,a1,a4
   11058:	00a6e6b3          	or	a3,a3,a0
   1105c:	00069c63          	bnez	a3,11074 <_zisk_float+0x7a0>
   11060:	00042503          	lw	a0,0(s0)
   11064:	00442583          	lw	a1,4(s0)
   11068:	00c5f6b3          	and	a3,a1,a2
   1106c:	00c69463          	bne	a3,a2,11074 <_zisk_float+0x7a0>
   11070:	1550406f          	j	159c4 <_zisk_float+0x50f0>
   11074:	0004a603          	lw	a2,0(s1)
   11078:	0044a683          	lw	a3,4(s1)
   1107c:	7ff00737          	lui	a4,0x7ff00
   11080:	00e6f6b3          	and	a3,a3,a4
   11084:	00e69463          	bne	a3,a4,1108c <_zisk_float+0x7b8>
   11088:	5e40306f          	j	1466c <_zisk_float+0x3d98>
   1108c:	00042603          	lw	a2,0(s0)
   11090:	00442683          	lw	a3,4(s0)
   11094:	7ff00737          	lui	a4,0x7ff00
   11098:	00e6f6b3          	and	a3,a3,a4
   1109c:	00e69463          	bne	a3,a4,110a4 <_zisk_float+0x7d0>
   110a0:	3dd0306f          	j	14c7c <_zisk_float+0x43a8>
   110a4:	00092603          	lw	a2,0(s2)
   110a8:	00492683          	lw	a3,4(s2)
   110ac:	7ff00737          	lui	a4,0x7ff00
   110b0:	00e6f6b3          	and	a3,a3,a4
   110b4:	00e69463          	bne	a3,a4,110bc <_zisk_float+0x7e8>
   110b8:	5cd0306f          	j	14e84 <_zisk_float+0x45b0>
   110bc:	0004a603          	lw	a2,0(s1)
   110c0:	0044a683          	lw	a3,4(s1)
   110c4:	0146d713          	srli	a4,a3,0x14
   110c8:	7ff77713          	andi	a4,a4,2047
   110cc:	00070463          	beqz	a4,110d4 <_zisk_float+0x800>
   110d0:	0480306f          	j	14118 <_zisk_float+0x3844>
   110d4:	0004a603          	lw	a2,0(s1)
   110d8:	0044a683          	lw	a3,4(s1)
   110dc:	00c69713          	slli	a4,a3,0xc
   110e0:	00c75713          	srli	a4,a4,0xc
   110e4:	00c76733          	or	a4,a4,a2
   110e8:	00070463          	beqz	a4,110f0 <_zisk_float+0x81c>
   110ec:	02c0306f          	j	14118 <_zisk_float+0x3844>
   110f0:	00092603          	lw	a2,0(s2)
   110f4:	00492683          	lw	a3,4(s2)
   110f8:	0146d713          	srli	a4,a3,0x14
   110fc:	7ff77713          	andi	a4,a4,2047
   11100:	02071063          	bnez	a4,11120 <_zisk_float+0x84c>
   11104:	00092603          	lw	a2,0(s2)
   11108:	00492683          	lw	a3,4(s2)
   1110c:	00c69713          	slli	a4,a3,0xc
   11110:	00c75713          	srli	a4,a4,0xc
   11114:	00c76733          	or	a4,a4,a2
   11118:	00071463          	bnez	a4,11120 <_zisk_float+0x84c>
   1111c:	02c0306f          	j	14148 <_zisk_float+0x3874>
   11120:	00092603          	lw	a2,0(s2)
   11124:	00492683          	lw	a3,4(s2)
   11128:	800005b7          	lui	a1,0x80000
   1112c:	00c9a023          	sw	a2,0(s3)
   11130:	00b6c7b3          	xor	a5,a3,a1
   11134:	00f9a223          	sw	a5,4(s3)
   11138:	09812403          	lw	s0,152(sp)
   1113c:	09412483          	lw	s1,148(sp)
   11140:	09012903          	lw	s2,144(sp)
   11144:	08c12983          	lw	s3,140(sp)
   11148:	00000313          	li	t1,0
   1114c:	84dff06f          	j	10998 <_zisk_float+0xc4>
   11150:	00092503          	lw	a0,0(s2)
   11154:	00492583          	lw	a1,4(s2)
   11158:	7ff00637          	lui	a2,0x7ff00
   1115c:	00c5f5b3          	and	a1,a1,a2
   11160:	42c588e3          	beq	a1,a2,11d90 <_zisk_float+0x14bc>
   11164:	00200637          	lui	a2,0x200
   11168:	09412423          	sw	s4,136(sp)
   1116c:	00371a13          	slli	s4,a4,0x3
   11170:	00ca0a33          	add	s4,s4,a2
   11174:	000a2503          	lw	a0,0(s4)
   11178:	004a2583          	lw	a1,4(s4)
   1117c:	7ff00637          	lui	a2,0x7ff00
   11180:	00c5f5b3          	and	a1,a1,a2
   11184:	00c59463          	bne	a1,a2,1118c <_zisk_float+0x8b8>
   11188:	4a80306f          	j	14630 <_zisk_float+0x3d5c>
   1118c:	00200637          	lui	a2,0x200
   11190:	09512223          	sw	s5,132(sp)
   11194:	00369a93          	slli	s5,a3,0x3
   11198:	00ca8ab3          	add	s5,s5,a2
   1119c:	000aa503          	lw	a0,0(s5)
   111a0:	004aa583          	lw	a1,4(s5)
   111a4:	7ff00637          	lui	a2,0x7ff00
   111a8:	00c5f5b3          	and	a1,a1,a2
   111ac:	00c59463          	bne	a1,a2,111b4 <_zisk_float+0x8e0>
   111b0:	15d0306f          	j	14b0c <_zisk_float+0x4238>
   111b4:	00092783          	lw	a5,0(s2)
   111b8:	00492803          	lw	a6,4(s2)
   111bc:	7ff00737          	lui	a4,0x7ff00
   111c0:	00399993          	slli	s3,s3,0x3
   111c4:	00200637          	lui	a2,0x200
   111c8:	00e876b3          	and	a3,a6,a4
   111cc:	00c989b3          	add	s3,s3,a2
   111d0:	00e69463          	bne	a3,a4,111d8 <_zisk_float+0x904>
   111d4:	3dd0306f          	j	14db0 <_zisk_float+0x44dc>
   111d8:	00092603          	lw	a2,0(s2)
   111dc:	00492683          	lw	a3,4(s2)
   111e0:	7ff00737          	lui	a4,0x7ff00
   111e4:	00e6f6b3          	and	a3,a3,a4
   111e8:	00e69463          	bne	a3,a4,111f0 <_zisk_float+0x91c>
   111ec:	6e90306f          	j	150d4 <_zisk_float+0x4800>
   111f0:	000a2603          	lw	a2,0(s4)
   111f4:	004a2683          	lw	a3,4(s4)
   111f8:	7ff00737          	lui	a4,0x7ff00
   111fc:	00e6f6b3          	and	a3,a3,a4
   11200:	00e69463          	bne	a3,a4,11208 <_zisk_float+0x934>
   11204:	7390306f          	j	1513c <_zisk_float+0x4868>
   11208:	000a2603          	lw	a2,0(s4)
   1120c:	004a2683          	lw	a3,4(s4)
   11210:	7ff00737          	lui	a4,0x7ff00
   11214:	00e6f6b3          	and	a3,a3,a4
   11218:	02e69863          	bne	a3,a4,11248 <_zisk_float+0x974>
   1121c:	000a2503          	lw	a0,0(s4)
   11220:	004a2583          	lw	a1,4(s4)
   11224:	00100737          	lui	a4,0x100
   11228:	fff70713          	addi	a4,a4,-1 # fffff <softfloat_roundingMode+0xe0b87>
   1122c:	00e5f633          	and	a2,a1,a4
   11230:	00a66633          	or	a2,a2,a0
   11234:	00061a63          	bnez	a2,11248 <_zisk_float+0x974>
   11238:	000a2503          	lw	a0,0(s4)
   1123c:	004a2583          	lw	a1,4(s4)
   11240:	0005d463          	bgez	a1,11248 <_zisk_float+0x974>
   11244:	1ad0406f          	j	15bf0 <_zisk_float+0x531c>
   11248:	00cb5793          	srli	a5,s6,0xc
   1124c:	0077fb13          	andi	s6,a5,7
   11250:	000b0513          	mv	a0,s6
   11254:	00400613          	li	a2,4
   11258:	00000693          	li	a3,0
   1125c:	00000593          	li	a1,0
   11260:	404090ef          	jal	1a664 <__ucmpdi2>
   11264:	00100793          	li	a5,1
   11268:	54a7eee3          	bltu	a5,a0,11fc4 <_zisk_float+0x16f0>
   1126c:	0000e717          	auipc	a4,0xe
   11270:	e6870713          	addi	a4,a4,-408 # 1f0d4 <softfloat_addM+0x2f0>
   11274:	002b1b13          	slli	s6,s6,0x2
   11278:	00eb0b33          	add	s6,s6,a4
   1127c:	000b2783          	lw	a5,0(s6)
   11280:	00e787b3          	add	a5,a5,a4
   11284:	00078067          	jr	a5
   11288:	00cb5413          	srli	s0,s6,0xc
   1128c:	0f847413          	andi	s0,s0,248
   11290:	00200837          	lui	a6,0x200
   11294:	01040433          	add	s0,s0,a6
   11298:	00042703          	lw	a4,0(s0)
   1129c:	7f800537          	lui	a0,0x7f800
   112a0:	00442783          	lw	a5,4(s0)
   112a4:	007b5693          	srli	a3,s6,0x7
   112a8:	00a77633          	and	a2,a4,a0
   112ac:	014b5713          	srli	a4,s6,0x14
   112b0:	01f6f913          	andi	s2,a3,31
   112b4:	01f77713          	andi	a4,a4,31
   112b8:	01bb5593          	srli	a1,s6,0x1b
   112bc:	78a60c63          	beq	a2,a0,11a54 <_zisk_float+0x1180>
   112c0:	00042603          	lw	a2,0(s0)
   112c4:	7f8007b7          	lui	a5,0x7f800
   112c8:	00442683          	lw	a3,4(s0)
   112cc:	00f67633          	and	a2,a2,a5
   112d0:	08061463          	bnez	a2,11358 <_zisk_float+0xa84>
   112d4:	00042803          	lw	a6,0(s0)
   112d8:	00800637          	lui	a2,0x800
   112dc:	fff60613          	addi	a2,a2,-1 # 7fffff <_float_lib_entry+0x6fffff>
   112e0:	00442883          	lw	a7,4(s0)
   112e4:	00c87833          	and	a6,a6,a2
   112e8:	06081863          	bnez	a6,11358 <_zisk_float+0xa84>
   112ec:	00200837          	lui	a6,0x200
   112f0:	00371513          	slli	a0,a4,0x3
   112f4:	01050533          	add	a0,a0,a6
   112f8:	00052803          	lw	a6,0(a0) # 7f800000 <_float_lib_entry+0x7f700000>
   112fc:	00452883          	lw	a7,4(a0)
   11300:	00f87833          	and	a6,a6,a5
   11304:	04f81a63          	bne	a6,a5,11358 <_zisk_float+0xa84>
   11308:	00052803          	lw	a6,0(a0)
   1130c:	00452883          	lw	a7,4(a0)
   11310:	00c87833          	and	a6,a6,a2
   11314:	04081263          	bnez	a6,11358 <_zisk_float+0xa84>
   11318:	00391793          	slli	a5,s2,0x3
   1131c:	00200737          	lui	a4,0x200
   11320:	00e787b3          	add	a5,a5,a4
   11324:	7fc00637          	lui	a2,0x7fc00
   11328:	00000693          	li	a3,0
   1132c:	00c7a023          	sw	a2,0(a5) # 7f800000 <_float_lib_entry+0x7f700000>
   11330:	00d7a223          	sw	a3,4(a5)
   11334:	01000513          	li	a0,16
   11338:	2950d0ef          	jal	1edcc <softfloat_raiseFlags>
   1133c:	0000e697          	auipc	a3,0xe
   11340:	1386a683          	lw	a3,312(a3) # 1f474 <softfloat_exceptionFlags>
   11344:	09812403          	lw	s0,152(sp)
   11348:	09412483          	lw	s1,148(sp)
   1134c:	09012903          	lw	s2,144(sp)
   11350:	01f6f313          	andi	t1,a3,31
   11354:	e44ff06f          	j	10998 <_zisk_float+0xc4>
   11358:	00042603          	lw	a2,0(s0)
   1135c:	7f8007b7          	lui	a5,0x7f800
   11360:	00442683          	lw	a3,4(s0)
   11364:	00f67633          	and	a2,a2,a5
   11368:	38f600e3          	beq	a2,a5,11ee8 <_zisk_float+0x1614>
   1136c:	002006b7          	lui	a3,0x200
   11370:	00371493          	slli	s1,a4,0x3
   11374:	00d484b3          	add	s1,s1,a3
   11378:	0004a603          	lw	a2,0(s1)
   1137c:	7f8007b7          	lui	a5,0x7f800
   11380:	0044a683          	lw	a3,4(s1)
   11384:	00f67633          	and	a2,a2,a5
   11388:	00f61463          	bne	a2,a5,11390 <_zisk_float+0xabc>
   1138c:	2c80306f          	j	14654 <_zisk_float+0x3d80>
   11390:	002006b7          	lui	a3,0x200
   11394:	09412423          	sw	s4,136(sp)
   11398:	00359a13          	slli	s4,a1,0x3
   1139c:	00da0a33          	add	s4,s4,a3
   113a0:	000a2603          	lw	a2,0(s4)
   113a4:	7f8007b7          	lui	a5,0x7f800
   113a8:	004a2683          	lw	a3,4(s4)
   113ac:	00f67633          	and	a2,a2,a5
   113b0:	00f61463          	bne	a2,a5,113b8 <_zisk_float+0xae4>
   113b4:	5240306f          	j	148d8 <_zisk_float+0x4004>
   113b8:	00042783          	lw	a5,0(s0)
   113bc:	7f800737          	lui	a4,0x7f800
   113c0:	00442803          	lw	a6,4(s0)
   113c4:	09312623          	sw	s3,140(sp)
   113c8:	00391693          	slli	a3,s2,0x3
   113cc:	002005b7          	lui	a1,0x200
   113d0:	00e7f633          	and	a2,a5,a4
   113d4:	00b689b3          	add	s3,a3,a1
   113d8:	00e61463          	bne	a2,a4,113e0 <_zisk_float+0xb0c>
   113dc:	1590306f          	j	14d34 <_zisk_float+0x4460>
   113e0:	00042603          	lw	a2,0(s0)
   113e4:	7f800737          	lui	a4,0x7f800
   113e8:	00442683          	lw	a3,4(s0)
   113ec:	00e67633          	and	a2,a2,a4
   113f0:	00e61463          	bne	a2,a4,113f8 <_zisk_float+0xb24>
   113f4:	4010306f          	j	14ff4 <_zisk_float+0x4720>
   113f8:	0004a603          	lw	a2,0(s1)
   113fc:	7f800737          	lui	a4,0x7f800
   11400:	0044a683          	lw	a3,4(s1)
   11404:	00e67633          	and	a2,a2,a4
   11408:	00e61463          	bne	a2,a4,11410 <_zisk_float+0xb3c>
   1140c:	5e10306f          	j	151ec <_zisk_float+0x4918>
   11410:	0004a603          	lw	a2,0(s1)
   11414:	7f800737          	lui	a4,0x7f800
   11418:	0044a683          	lw	a3,4(s1)
   1141c:	00e67633          	and	a2,a2,a4
   11420:	00e60463          	beq	a2,a4,11428 <_zisk_float+0xb54>
   11424:	3f10206f          	j	14014 <_zisk_float+0x3740>
   11428:	0004a603          	lw	a2,0(s1)
   1142c:	0044a683          	lw	a3,4(s1)
   11430:	00961613          	slli	a2,a2,0x9
   11434:	00060463          	beqz	a2,1143c <_zisk_float+0xb68>
   11438:	3dd0206f          	j	14014 <_zisk_float+0x3740>
   1143c:	0004a603          	lw	a2,0(s1)
   11440:	0044a683          	lw	a3,4(s1)
   11444:	00069663          	bnez	a3,11450 <_zisk_float+0xb7c>
   11448:	00064463          	bltz	a2,11450 <_zisk_float+0xb7c>
   1144c:	3c90206f          	j	14014 <_zisk_float+0x3740>
   11450:	00042683          	lw	a3,0(s0)
   11454:	00442703          	lw	a4,4(s0)
   11458:	00070463          	beqz	a4,11460 <_zisk_float+0xb8c>
   1145c:	36c0606f          	j	177c8 <_zisk_float+0x6ef4>
   11460:	800007b7          	lui	a5,0x80000
   11464:	fff78793          	addi	a5,a5,-1 # 7fffffff <_float_lib_entry+0x7fefffff>
   11468:	00d7f463          	bgeu	a5,a3,11470 <_zisk_float+0xb9c>
   1146c:	35c0606f          	j	177c8 <_zisk_float+0x6ef4>
   11470:	000a2603          	lw	a2,0(s4)
   11474:	7f800737          	lui	a4,0x7f800
   11478:	004a2683          	lw	a3,4(s4)
   1147c:	00e67633          	and	a2,a2,a4
   11480:	00e61463          	bne	a2,a4,11488 <_zisk_float+0xbb4>
   11484:	2080806f          	j	1968c <_zisk_float+0x8db8>
   11488:	ff800737          	lui	a4,0xff800
   1148c:	00000793          	li	a5,0
   11490:	00e9a023          	sw	a4,0(s3)
   11494:	00f9a223          	sw	a5,4(s3)
   11498:	09812403          	lw	s0,152(sp)
   1149c:	09412483          	lw	s1,148(sp)
   114a0:	09012903          	lw	s2,144(sp)
   114a4:	08c12983          	lw	s3,140(sp)
   114a8:	08812a03          	lw	s4,136(sp)
   114ac:	00000313          	li	t1,0
   114b0:	ce8ff06f          	j	10998 <_zisk_float+0xc4>
   114b4:	09312623          	sw	s3,140(sp)
   114b8:	d8cff06f          	j	10a44 <_zisk_float+0x170>
   114bc:	00cb5713          	srli	a4,s6,0xc
   114c0:	0f877713          	andi	a4,a4,248
   114c4:	002006b7          	lui	a3,0x200
   114c8:	00d704b3          	add	s1,a4,a3
   114cc:	0004a783          	lw	a5,0(s1)
   114d0:	7f800537          	lui	a0,0x7f800
   114d4:	0044a803          	lw	a6,4(s1)
   114d8:	09312623          	sw	s3,140(sp)
   114dc:	007b5693          	srli	a3,s6,0x7
   114e0:	014b5713          	srli	a4,s6,0x14
   114e4:	00a7f633          	and	a2,a5,a0
   114e8:	01f6f993          	andi	s3,a3,31
   114ec:	01f77713          	andi	a4,a4,31
   114f0:	01bb5593          	srli	a1,s6,0x1b
   114f4:	60a60663          	beq	a2,a0,11b00 <_zisk_float+0x122c>
   114f8:	00371713          	slli	a4,a4,0x3
   114fc:	002006b7          	lui	a3,0x200
   11500:	00d70433          	add	s0,a4,a3
   11504:	00042603          	lw	a2,0(s0)
   11508:	7f800737          	lui	a4,0x7f800
   1150c:	00442683          	lw	a3,4(s0)
   11510:	00e67633          	and	a2,a2,a4
   11514:	12e604e3          	beq	a2,a4,11e3c <_zisk_float+0x1568>
   11518:	00200737          	lui	a4,0x200
   1151c:	00359593          	slli	a1,a1,0x3
   11520:	00e58933          	add	s2,a1,a4
   11524:	00092603          	lw	a2,0(s2)
   11528:	7f800737          	lui	a4,0x7f800
   1152c:	00492683          	lw	a3,4(s2)
   11530:	00e67633          	and	a2,a2,a4
   11534:	00e61463          	bne	a2,a4,1153c <_zisk_float+0xc68>
   11538:	5110206f          	j	14248 <_zisk_float+0x3974>
   1153c:	0004a603          	lw	a2,0(s1)
   11540:	7f800737          	lui	a4,0x7f800
   11544:	0044a683          	lw	a3,4(s1)
   11548:	00e67633          	and	a2,a2,a4
   1154c:	00e61463          	bne	a2,a4,11554 <_zisk_float+0xc80>
   11550:	0580306f          	j	145a8 <_zisk_float+0x3cd4>
   11554:	0004a603          	lw	a2,0(s1)
   11558:	7f800737          	lui	a4,0x7f800
   1155c:	0044a683          	lw	a3,4(s1)
   11560:	00e67633          	and	a2,a2,a4
   11564:	02061863          	bnez	a2,11594 <_zisk_float+0xcc0>
   11568:	0004a783          	lw	a5,0(s1)
   1156c:	008006b7          	lui	a3,0x800
   11570:	fff68693          	addi	a3,a3,-1 # 7fffff <_float_lib_entry+0x6fffff>
   11574:	0044a803          	lw	a6,4(s1)
   11578:	00d7f633          	and	a2,a5,a3
   1157c:	00061c63          	bnez	a2,11594 <_zisk_float+0xcc0>
   11580:	00042503          	lw	a0,0(s0)
   11584:	00442583          	lw	a1,4(s0)
   11588:	00e57533          	and	a0,a0,a4
   1158c:	00e51463          	bne	a0,a4,11594 <_zisk_float+0xcc0>
   11590:	41c0406f          	j	159ac <_zisk_float+0x50d8>
   11594:	0004a603          	lw	a2,0(s1)
   11598:	7f800737          	lui	a4,0x7f800
   1159c:	0044a683          	lw	a3,4(s1)
   115a0:	00e67633          	and	a2,a2,a4
   115a4:	00e61463          	bne	a2,a4,115ac <_zisk_float+0xcd8>
   115a8:	16c0306f          	j	14714 <_zisk_float+0x3e40>
   115ac:	00042603          	lw	a2,0(s0)
   115b0:	7f800737          	lui	a4,0x7f800
   115b4:	00442683          	lw	a3,4(s0)
   115b8:	00e67633          	and	a2,a2,a4
   115bc:	00e61463          	bne	a2,a4,115c4 <_zisk_float+0xcf0>
   115c0:	7000306f          	j	14cc0 <_zisk_float+0x43ec>
   115c4:	00092603          	lw	a2,0(s2)
   115c8:	7f800737          	lui	a4,0x7f800
   115cc:	00492683          	lw	a3,4(s2)
   115d0:	00e67633          	and	a2,a2,a4
   115d4:	00e61463          	bne	a2,a4,115dc <_zisk_float+0xd08>
   115d8:	2e50306f          	j	150bc <_zisk_float+0x47e8>
   115dc:	0004a603          	lw	a2,0(s1)
   115e0:	7f800737          	lui	a4,0x7f800
   115e4:	0044a683          	lw	a3,4(s1)
   115e8:	00e67633          	and	a2,a2,a4
   115ec:	00e61463          	bne	a2,a4,115f4 <_zisk_float+0xd20>
   115f0:	6790306f          	j	15468 <_zisk_float+0x4b94>
   115f4:	00042603          	lw	a2,0(s0)
   115f8:	7f800737          	lui	a4,0x7f800
   115fc:	00442683          	lw	a3,4(s0)
   11600:	00e67633          	and	a2,a2,a4
   11604:	00e61463          	bne	a2,a4,1160c <_zisk_float+0xd38>
   11608:	0380406f          	j	15640 <_zisk_float+0x4d6c>
   1160c:	0004a603          	lw	a2,0(s1)
   11610:	7f800737          	lui	a4,0x7f800
   11614:	0044a683          	lw	a3,4(s1)
   11618:	00e67633          	and	a2,a2,a4
   1161c:	00e61463          	bne	a2,a4,11624 <_zisk_float+0xd50>
   11620:	0dc0406f          	j	156fc <_zisk_float+0x4e28>
   11624:	00042603          	lw	a2,0(s0)
   11628:	7f800737          	lui	a4,0x7f800
   1162c:	00442683          	lw	a3,4(s0)
   11630:	00e67633          	and	a2,a2,a4
   11634:	00e61463          	bne	a2,a4,1163c <_zisk_float+0xd68>
   11638:	1640406f          	j	1579c <_zisk_float+0x4ec8>
   1163c:	00092603          	lw	a2,0(s2)
   11640:	7f800737          	lui	a4,0x7f800
   11644:	00492683          	lw	a3,4(s2)
   11648:	00e67633          	and	a2,a2,a4
   1164c:	00e61463          	bne	a2,a4,11654 <_zisk_float+0xd80>
   11650:	2080406f          	j	15858 <_zisk_float+0x4f84>
   11654:	00cb5793          	srli	a5,s6,0xc
   11658:	09412423          	sw	s4,136(sp)
   1165c:	0077fa13          	andi	s4,a5,7
   11660:	000a0513          	mv	a0,s4
   11664:	00400613          	li	a2,4
   11668:	00000693          	li	a3,0
   1166c:	00000593          	li	a1,0
   11670:	7f5080ef          	jal	1a664 <__ucmpdi2>
   11674:	00100793          	li	a5,1
   11678:	26a7eae3          	bltu	a5,a0,120ec <_zisk_float+0x1818>
   1167c:	0000e717          	auipc	a4,0xe
   11680:	a6c70713          	addi	a4,a4,-1428 # 1f0e8 <softfloat_addM+0x304>
   11684:	002a1793          	slli	a5,s4,0x2
   11688:	00e787b3          	add	a5,a5,a4
   1168c:	0007a783          	lw	a5,0(a5)
   11690:	00e787b3          	add	a5,a5,a4
   11694:	00078067          	jr	a5
   11698:	00cb5713          	srli	a4,s6,0xc
   1169c:	0f877713          	andi	a4,a4,248
   116a0:	002006b7          	lui	a3,0x200
   116a4:	00d70933          	add	s2,a4,a3
   116a8:	00092603          	lw	a2,0(s2)
   116ac:	00492683          	lw	a3,4(s2)
   116b0:	7f800537          	lui	a0,0x7f800
   116b4:	007b5713          	srli	a4,s6,0x7
   116b8:	014b5693          	srli	a3,s6,0x14
   116bc:	00a67633          	and	a2,a2,a0
   116c0:	01f77713          	andi	a4,a4,31
   116c4:	01f6f693          	andi	a3,a3,31
   116c8:	01bb5593          	srli	a1,s6,0x1b
   116cc:	5ca60a63          	beq	a2,a0,11ca0 <_zisk_float+0x13cc>
   116d0:	00369693          	slli	a3,a3,0x3
   116d4:	00200637          	lui	a2,0x200
   116d8:	00c68433          	add	s0,a3,a2
   116dc:	00042603          	lw	a2,0(s0)
   116e0:	7f8007b7          	lui	a5,0x7f800
   116e4:	00442683          	lw	a3,4(s0)
   116e8:	00f67633          	and	a2,a2,a5
   116ec:	76f60c63          	beq	a2,a5,11e64 <_zisk_float+0x1590>
   116f0:	002006b7          	lui	a3,0x200
   116f4:	00359593          	slli	a1,a1,0x3
   116f8:	09312623          	sw	s3,140(sp)
   116fc:	00d589b3          	add	s3,a1,a3
   11700:	0009a603          	lw	a2,0(s3)
   11704:	7f8007b7          	lui	a5,0x7f800
   11708:	0049a683          	lw	a3,4(s3)
   1170c:	00f67633          	and	a2,a2,a5
   11710:	00f61463          	bne	a2,a5,11718 <_zisk_float+0xe44>
   11714:	3990206f          	j	142ac <_zisk_float+0x39d8>
   11718:	00092603          	lw	a2,0(s2)
   1171c:	7f8007b7          	lui	a5,0x7f800
   11720:	00492683          	lw	a3,4(s2)
   11724:	00371713          	slli	a4,a4,0x3
   11728:	002005b7          	lui	a1,0x200
   1172c:	00f67633          	and	a2,a2,a5
   11730:	00b704b3          	add	s1,a4,a1
   11734:	00f61463          	bne	a2,a5,1173c <_zisk_float+0xe68>
   11738:	3dd0206f          	j	14314 <_zisk_float+0x3a40>
   1173c:	00092603          	lw	a2,0(s2)
   11740:	7f800737          	lui	a4,0x7f800
   11744:	00492683          	lw	a3,4(s2)
   11748:	00e67633          	and	a2,a2,a4
   1174c:	02061863          	bnez	a2,1177c <_zisk_float+0xea8>
   11750:	00092783          	lw	a5,0(s2)
   11754:	008006b7          	lui	a3,0x800
   11758:	fff68693          	addi	a3,a3,-1 # 7fffff <_float_lib_entry+0x6fffff>
   1175c:	00492803          	lw	a6,4(s2)
   11760:	00d7f633          	and	a2,a5,a3
   11764:	00061c63          	bnez	a2,1177c <_zisk_float+0xea8>
   11768:	00042503          	lw	a0,0(s0)
   1176c:	00442583          	lw	a1,4(s0)
   11770:	00e57533          	and	a0,a0,a4
   11774:	00e51463          	bne	a0,a4,1177c <_zisk_float+0xea8>
   11778:	1800406f          	j	158f8 <_zisk_float+0x5024>
   1177c:	00092603          	lw	a2,0(s2)
   11780:	7f800737          	lui	a4,0x7f800
   11784:	00492683          	lw	a3,4(s2)
   11788:	00e67633          	and	a2,a2,a4
   1178c:	00e61463          	bne	a2,a4,11794 <_zisk_float+0xec0>
   11790:	7590206f          	j	146e8 <_zisk_float+0x3e14>
   11794:	00042603          	lw	a2,0(s0)
   11798:	7f800737          	lui	a4,0x7f800
   1179c:	00442683          	lw	a3,4(s0)
   117a0:	00e67633          	and	a2,a2,a4
   117a4:	00e61463          	bne	a2,a4,117ac <_zisk_float+0xed8>
   117a8:	4e80306f          	j	14c90 <_zisk_float+0x43bc>
   117ac:	0009a603          	lw	a2,0(s3)
   117b0:	7f800737          	lui	a4,0x7f800
   117b4:	0049a683          	lw	a3,4(s3)
   117b8:	00e67633          	and	a2,a2,a4
   117bc:	00e61463          	bne	a2,a4,117c4 <_zisk_float+0xef0>
   117c0:	6900306f          	j	14e50 <_zisk_float+0x457c>
   117c4:	00092603          	lw	a2,0(s2)
   117c8:	7f800737          	lui	a4,0x7f800
   117cc:	00492683          	lw	a3,4(s2)
   117d0:	00e67633          	and	a2,a2,a4
   117d4:	00e61463          	bne	a2,a4,117dc <_zisk_float+0xf08>
   117d8:	34d0306f          	j	15324 <_zisk_float+0x4a50>
   117dc:	00042603          	lw	a2,0(s0)
   117e0:	7f800737          	lui	a4,0x7f800
   117e4:	00442683          	lw	a3,4(s0)
   117e8:	00e67633          	and	a2,a2,a4
   117ec:	00e61463          	bne	a2,a4,117f4 <_zisk_float+0xf20>
   117f0:	6010306f          	j	155f0 <_zisk_float+0x4d1c>
   117f4:	00092603          	lw	a2,0(s2)
   117f8:	7f800737          	lui	a4,0x7f800
   117fc:	00492683          	lw	a3,4(s2)
   11800:	00e67633          	and	a2,a2,a4
   11804:	00060463          	beqz	a2,1180c <_zisk_float+0xf38>
   11808:	32c0306f          	j	14b34 <_zisk_float+0x4260>
   1180c:	00092603          	lw	a2,0(s2)
   11810:	00492683          	lw	a3,4(s2)
   11814:	00961613          	slli	a2,a2,0x9
   11818:	00060463          	beqz	a2,11820 <_zisk_float+0xf4c>
   1181c:	3180306f          	j	14b34 <_zisk_float+0x4260>
   11820:	0009a603          	lw	a2,0(s3)
   11824:	7f800737          	lui	a4,0x7f800
   11828:	0049a683          	lw	a3,4(s3)
   1182c:	00e67633          	and	a2,a2,a4
   11830:	00061c63          	bnez	a2,11848 <_zisk_float+0xf74>
   11834:	0009a603          	lw	a2,0(s3)
   11838:	0049a683          	lw	a3,4(s3)
   1183c:	00961613          	slli	a2,a2,0x9
   11840:	00061463          	bnez	a2,11848 <_zisk_float+0xf74>
   11844:	3180306f          	j	14b5c <_zisk_float+0x4288>
   11848:	0009a703          	lw	a4,0(s3)
   1184c:	0049a783          	lw	a5,4(s3)
   11850:	00e4a023          	sw	a4,0(s1)
   11854:	00f4a223          	sw	a5,4(s1)
   11858:	09812403          	lw	s0,152(sp)
   1185c:	09412483          	lw	s1,148(sp)
   11860:	09012903          	lw	s2,144(sp)
   11864:	08c12983          	lw	s3,140(sp)
   11868:	00000313          	li	t1,0
   1186c:	92cff06f          	j	10998 <_zisk_float+0xc4>
   11870:	00cb5713          	srli	a4,s6,0xc
   11874:	0f877713          	andi	a4,a4,248
   11878:	002006b7          	lui	a3,0x200
   1187c:	00d70933          	add	s2,a4,a3
   11880:	00092603          	lw	a2,0(s2)
   11884:	00492683          	lw	a3,4(s2)
   11888:	7f800537          	lui	a0,0x7f800
   1188c:	007b5713          	srli	a4,s6,0x7
   11890:	014b5693          	srli	a3,s6,0x14
   11894:	00a67633          	and	a2,a2,a0
   11898:	01f77713          	andi	a4,a4,31
   1189c:	01f6f693          	andi	a3,a3,31
   118a0:	01bb5593          	srli	a1,s6,0x1b
   118a4:	46a60063          	beq	a2,a0,11d04 <_zisk_float+0x1430>
   118a8:	00369693          	slli	a3,a3,0x3
   118ac:	00200637          	lui	a2,0x200
   118b0:	00c68433          	add	s0,a3,a2
   118b4:	00042603          	lw	a2,0(s0)
   118b8:	7f8007b7          	lui	a5,0x7f800
   118bc:	00442683          	lw	a3,4(s0)
   118c0:	00f67633          	and	a2,a2,a5
   118c4:	4af60263          	beq	a2,a5,11d68 <_zisk_float+0x1494>
   118c8:	002006b7          	lui	a3,0x200
   118cc:	00359593          	slli	a1,a1,0x3
   118d0:	09312623          	sw	s3,140(sp)
   118d4:	00d589b3          	add	s3,a1,a3
   118d8:	0009a603          	lw	a2,0(s3)
   118dc:	7f8007b7          	lui	a5,0x7f800
   118e0:	0049a683          	lw	a3,4(s3)
   118e4:	00f67633          	and	a2,a2,a5
   118e8:	00f61463          	bne	a2,a5,118f0 <_zisk_float+0x101c>
   118ec:	1290206f          	j	14214 <_zisk_float+0x3940>
   118f0:	00092603          	lw	a2,0(s2)
   118f4:	7f8007b7          	lui	a5,0x7f800
   118f8:	00492683          	lw	a3,4(s2)
   118fc:	00371713          	slli	a4,a4,0x3
   11900:	002005b7          	lui	a1,0x200
   11904:	00f67633          	and	a2,a2,a5
   11908:	00b704b3          	add	s1,a4,a1
   1190c:	00f61463          	bne	a2,a5,11914 <_zisk_float+0x1040>
   11910:	3050206f          	j	14414 <_zisk_float+0x3b40>
   11914:	00092603          	lw	a2,0(s2)
   11918:	7f800737          	lui	a4,0x7f800
   1191c:	00492683          	lw	a3,4(s2)
   11920:	00e67633          	and	a2,a2,a4
   11924:	02061863          	bnez	a2,11954 <_zisk_float+0x1080>
   11928:	00092783          	lw	a5,0(s2)
   1192c:	008006b7          	lui	a3,0x800
   11930:	fff68693          	addi	a3,a3,-1 # 7fffff <_float_lib_entry+0x6fffff>
   11934:	00492803          	lw	a6,4(s2)
   11938:	00d7f633          	and	a2,a5,a3
   1193c:	00061c63          	bnez	a2,11954 <_zisk_float+0x1080>
   11940:	00042503          	lw	a0,0(s0)
   11944:	00442583          	lw	a1,4(s0)
   11948:	00e57533          	and	a0,a0,a4
   1194c:	00e51463          	bne	a0,a4,11954 <_zisk_float+0x1080>
   11950:	7f50306f          	j	15944 <_zisk_float+0x5070>
   11954:	00092603          	lw	a2,0(s2)
   11958:	7f800737          	lui	a4,0x7f800
   1195c:	00492683          	lw	a3,4(s2)
   11960:	00e67633          	and	a2,a2,a4
   11964:	00e61463          	bne	a2,a4,1196c <_zisk_float+0x1098>
   11968:	5550206f          	j	146bc <_zisk_float+0x3de8>
   1196c:	00042603          	lw	a2,0(s0)
   11970:	7f800737          	lui	a4,0x7f800
   11974:	00442683          	lw	a3,4(s0)
   11978:	00e67633          	and	a2,a2,a4
   1197c:	00e61463          	bne	a2,a4,11984 <_zisk_float+0x10b0>
   11980:	3280306f          	j	14ca8 <_zisk_float+0x43d4>
   11984:	0009a603          	lw	a2,0(s3)
   11988:	7f800737          	lui	a4,0x7f800
   1198c:	0049a683          	lw	a3,4(s3)
   11990:	00e67633          	and	a2,a2,a4
   11994:	00e61463          	bne	a2,a4,1199c <_zisk_float+0x10c8>
   11998:	49c0306f          	j	14e34 <_zisk_float+0x4560>
   1199c:	00092603          	lw	a2,0(s2)
   119a0:	7f800737          	lui	a4,0x7f800
   119a4:	00492683          	lw	a3,4(s2)
   119a8:	00e67633          	and	a2,a2,a4
   119ac:	00e61463          	bne	a2,a4,119b4 <_zisk_float+0x10e0>
   119b0:	0fd0306f          	j	152ac <_zisk_float+0x49d8>
   119b4:	00042603          	lw	a2,0(s0)
   119b8:	7f800737          	lui	a4,0x7f800
   119bc:	00442683          	lw	a3,4(s0)
   119c0:	00e67633          	and	a2,a2,a4
   119c4:	00e61463          	bne	a2,a4,119cc <_zisk_float+0x10f8>
   119c8:	4410306f          	j	15608 <_zisk_float+0x4d34>
   119cc:	00092603          	lw	a2,0(s2)
   119d0:	7f800737          	lui	a4,0x7f800
   119d4:	00492683          	lw	a3,4(s2)
   119d8:	00e67633          	and	a2,a2,a4
   119dc:	00060463          	beqz	a2,119e4 <_zisk_float+0x1110>
   119e0:	7150206f          	j	148f4 <_zisk_float+0x4020>
   119e4:	00092603          	lw	a2,0(s2)
   119e8:	00492683          	lw	a3,4(s2)
   119ec:	00961613          	slli	a2,a2,0x9
   119f0:	00060463          	beqz	a2,119f8 <_zisk_float+0x1124>
   119f4:	7010206f          	j	148f4 <_zisk_float+0x4020>
   119f8:	0009a603          	lw	a2,0(s3)
   119fc:	7f800737          	lui	a4,0x7f800
   11a00:	0049a683          	lw	a3,4(s3)
   11a04:	00e67633          	and	a2,a2,a4
   11a08:	00061c63          	bnez	a2,11a20 <_zisk_float+0x114c>
   11a0c:	0009a603          	lw	a2,0(s3)
   11a10:	0049a683          	lw	a3,4(s3)
   11a14:	00961613          	slli	a2,a2,0x9
   11a18:	00061463          	bnez	a2,11a20 <_zisk_float+0x114c>
   11a1c:	7010206f          	j	1491c <_zisk_float+0x4048>
   11a20:	0009a603          	lw	a2,0(s3)
   11a24:	0049a683          	lw	a3,4(s3)
   11a28:	800005b7          	lui	a1,0x80000
   11a2c:	00b64733          	xor	a4,a2,a1
   11a30:	fff6c793          	not	a5,a3
   11a34:	00e4a023          	sw	a4,0(s1)
   11a38:	00f4a223          	sw	a5,4(s1)
   11a3c:	09812403          	lw	s0,152(sp)
   11a40:	09412483          	lw	s1,148(sp)
   11a44:	09012903          	lw	s2,144(sp)
   11a48:	08c12983          	lw	s3,140(sp)
   11a4c:	00000313          	li	t1,0
   11a50:	f49fe06f          	j	10998 <_zisk_float+0xc4>
   11a54:	00042303          	lw	t1,0(s0)
   11a58:	008006b7          	lui	a3,0x800
   11a5c:	fff68693          	addi	a3,a3,-1 # 7fffff <_float_lib_entry+0x6fffff>
   11a60:	00442383          	lw	t2,4(s0)
   11a64:	00d37333          	and	t1,t1,a3
   11a68:	84031ce3          	bnez	t1,112c0 <_zisk_float+0x9ec>
   11a6c:	00371513          	slli	a0,a4,0x3
   11a70:	01050533          	add	a0,a0,a6
   11a74:	00052803          	lw	a6,0(a0) # 7f800000 <_float_lib_entry+0x7f700000>
   11a78:	00452883          	lw	a7,4(a0)
   11a7c:	00c87833          	and	a6,a6,a2
   11a80:	840810e3          	bnez	a6,112c0 <_zisk_float+0x9ec>
   11a84:	00052803          	lw	a6,0(a0)
   11a88:	00452883          	lw	a7,4(a0)
   11a8c:	00d87833          	and	a6,a6,a3
   11a90:	880804e3          	beqz	a6,11318 <_zisk_float+0xa44>
   11a94:	82dff06f          	j	112c0 <_zisk_float+0x9ec>
   11a98:	0004a503          	lw	a0,0(s1)
   11a9c:	0044a583          	lw	a1,4(s1)
   11aa0:	00c59613          	slli	a2,a1,0xc
   11aa4:	00c65613          	srli	a2,a2,0xc
   11aa8:	00a66633          	or	a2,a2,a0
   11aac:	d0060a63          	beqz	a2,10fc0 <_zisk_float+0x6ec>
   11ab0:	0004a503          	lw	a0,0(s1)
   11ab4:	0044a583          	lw	a1,4(s1)
   11ab8:	00c59613          	slli	a2,a1,0xc
   11abc:	d0064263          	bltz	a2,10fc0 <_zisk_float+0x6ec>
   11ac0:	00369693          	slli	a3,a3,0x3
   11ac4:	002007b7          	lui	a5,0x200
   11ac8:	00f687b3          	add	a5,a3,a5
   11acc:	00000613          	li	a2,0
   11ad0:	7ff806b7          	lui	a3,0x7ff80
   11ad4:	00c7a023          	sw	a2,0(a5) # 200000 <_float_lib_entry+0x100000>
   11ad8:	00d7a223          	sw	a3,4(a5)
   11adc:	01000513          	li	a0,16
   11ae0:	2ec0d0ef          	jal	1edcc <softfloat_raiseFlags>
   11ae4:	0000e697          	auipc	a3,0xe
   11ae8:	9906a683          	lw	a3,-1648(a3) # 1f474 <softfloat_exceptionFlags>
   11aec:	09812403          	lw	s0,152(sp)
   11af0:	09412483          	lw	s1,148(sp)
   11af4:	09012903          	lw	s2,144(sp)
   11af8:	01f6f313          	andi	t1,a3,31
   11afc:	e9dfe06f          	j	10998 <_zisk_float+0xc4>
   11b00:	0004a603          	lw	a2,0(s1)
   11b04:	0044a683          	lw	a3,4(s1)
   11b08:	00961613          	slli	a2,a2,0x9
   11b0c:	9e0606e3          	beqz	a2,114f8 <_zisk_float+0xc24>
   11b10:	0004a783          	lw	a5,0(s1)
   11b14:	004006b7          	lui	a3,0x400
   11b18:	0044a803          	lw	a6,4(s1)
   11b1c:	00d7f633          	and	a2,a5,a3
   11b20:	9c061ce3          	bnez	a2,114f8 <_zisk_float+0xc24>
   11b24:	01000513          	li	a0,16
   11b28:	2a40d0ef          	jal	1edcc <softfloat_raiseFlags>
   11b2c:	0000e697          	auipc	a3,0xe
   11b30:	9486a683          	lw	a3,-1720(a3) # 1f474 <softfloat_exceptionFlags>
   11b34:	00399793          	slli	a5,s3,0x3
   11b38:	00200737          	lui	a4,0x200
   11b3c:	00e787b3          	add	a5,a5,a4
   11b40:	7fc00537          	lui	a0,0x7fc00
   11b44:	00000593          	li	a1,0
   11b48:	00a7a023          	sw	a0,0(a5)
   11b4c:	09812403          	lw	s0,152(sp)
   11b50:	09412483          	lw	s1,148(sp)
   11b54:	09012903          	lw	s2,144(sp)
   11b58:	08c12983          	lw	s3,140(sp)
   11b5c:	00b7a223          	sw	a1,4(a5)
   11b60:	01f6f313          	andi	t1,a3,31
   11b64:	e35fe06f          	j	10998 <_zisk_float+0xc4>
   11b68:	0004a503          	lw	a0,0(s1)
   11b6c:	0044a583          	lw	a1,4(s1)
   11b70:	00c59613          	slli	a2,a1,0xc
   11b74:	00c65613          	srli	a2,a2,0xc
   11b78:	00a66633          	or	a2,a2,a0
   11b7c:	a2060e63          	beqz	a2,10db8 <_zisk_float+0x4e4>
   11b80:	0004a503          	lw	a0,0(s1)
   11b84:	0044a583          	lw	a1,4(s1)
   11b88:	00c59613          	slli	a2,a1,0xc
   11b8c:	a2064663          	bltz	a2,10db8 <_zisk_float+0x4e4>
   11b90:	00369693          	slli	a3,a3,0x3
   11b94:	002007b7          	lui	a5,0x200
   11b98:	00f687b3          	add	a5,a3,a5
   11b9c:	00000613          	li	a2,0
   11ba0:	7ff806b7          	lui	a3,0x7ff80
   11ba4:	00c7a023          	sw	a2,0(a5) # 200000 <_float_lib_entry+0x100000>
   11ba8:	00d7a223          	sw	a3,4(a5)
   11bac:	01000513          	li	a0,16
   11bb0:	21c0d0ef          	jal	1edcc <softfloat_raiseFlags>
   11bb4:	0000e697          	auipc	a3,0xe
   11bb8:	8c06a683          	lw	a3,-1856(a3) # 1f474 <softfloat_exceptionFlags>
   11bbc:	09812403          	lw	s0,152(sp)
   11bc0:	09412483          	lw	s1,148(sp)
   11bc4:	09012903          	lw	s2,144(sp)
   11bc8:	01f6f313          	andi	t1,a3,31
   11bcc:	dcdfe06f          	j	10998 <_zisk_float+0xc4>
   11bd0:	0004a783          	lw	a5,0(s1)
   11bd4:	0044a803          	lw	a6,4(s1)
   11bd8:	00c81693          	slli	a3,a6,0xc
   11bdc:	00c6d693          	srli	a3,a3,0xc
   11be0:	00f6e6b3          	or	a3,a3,a5
   11be4:	00069463          	bnez	a3,11bec <_zisk_float+0x1318>
   11be8:	fd5fe06f          	j	10bbc <_zisk_float+0x2e8>
   11bec:	0004a603          	lw	a2,0(s1)
   11bf0:	0044a683          	lw	a3,4(s1)
   11bf4:	00c69613          	slli	a2,a3,0xc
   11bf8:	00065463          	bgez	a2,11c00 <_zisk_float+0x132c>
   11bfc:	fc1fe06f          	j	10bbc <_zisk_float+0x2e8>
   11c00:	01000513          	li	a0,16
   11c04:	1c80d0ef          	jal	1edcc <softfloat_raiseFlags>
   11c08:	0000e697          	auipc	a3,0xe
   11c0c:	86c6a683          	lw	a3,-1940(a3) # 1f474 <softfloat_exceptionFlags>
   11c10:	003a9793          	slli	a5,s5,0x3
   11c14:	00200737          	lui	a4,0x200
   11c18:	00e787b3          	add	a5,a5,a4
   11c1c:	00000513          	li	a0,0
   11c20:	7ff805b7          	lui	a1,0x7ff80
   11c24:	00a7a023          	sw	a0,0(a5)
   11c28:	09812403          	lw	s0,152(sp)
   11c2c:	09412483          	lw	s1,148(sp)
   11c30:	09012903          	lw	s2,144(sp)
   11c34:	08812a03          	lw	s4,136(sp)
   11c38:	08412a83          	lw	s5,132(sp)
   11c3c:	00b7a223          	sw	a1,4(a5)
   11c40:	01f6f313          	andi	t1,a3,31
   11c44:	d55fe06f          	j	10998 <_zisk_float+0xc4>
   11c48:	00092303          	lw	t1,0(s2)
   11c4c:	00492383          	lw	t2,4(s2)
   11c50:	00100637          	lui	a2,0x100
   11c54:	fff60613          	addi	a2,a2,-1 # fffff <softfloat_roundingMode+0xe0b87>
   11c58:	00c3f833          	and	a6,t2,a2
   11c5c:	00686833          	or	a6,a6,t1
   11c60:	00080463          	beqz	a6,11c68 <_zisk_float+0x1394>
   11c64:	e59fe06f          	j	10abc <_zisk_float+0x1e8>
   11c68:	00371813          	slli	a6,a4,0x3
   11c6c:	00a80533          	add	a0,a6,a0
   11c70:	00052803          	lw	a6,0(a0) # 7fc00000 <_float_lib_entry+0x7fb00000>
   11c74:	00452883          	lw	a7,4(a0)
   11c78:	00b8f5b3          	and	a1,a7,a1
   11c7c:	00058463          	beqz	a1,11c84 <_zisk_float+0x13b0>
   11c80:	e3dfe06f          	j	10abc <_zisk_float+0x1e8>
   11c84:	00452583          	lw	a1,4(a0)
   11c88:	00052503          	lw	a0,0(a0)
   11c8c:	00c5f633          	and	a2,a1,a2
   11c90:	00a66633          	or	a2,a2,a0
   11c94:	00061463          	bnez	a2,11c9c <_zisk_float+0x13c8>
   11c98:	e89fe06f          	j	10b20 <_zisk_float+0x24c>
   11c9c:	e21fe06f          	j	10abc <_zisk_float+0x1e8>
   11ca0:	00092803          	lw	a6,0(s2)
   11ca4:	00492883          	lw	a7,4(s2)
   11ca8:	00981813          	slli	a6,a6,0x9
   11cac:	a20802e3          	beqz	a6,116d0 <_zisk_float+0xdfc>
   11cb0:	00092803          	lw	a6,0(s2)
   11cb4:	00400637          	lui	a2,0x400
   11cb8:	00492883          	lw	a7,4(s2)
   11cbc:	00c87833          	and	a6,a6,a2
   11cc0:	a00818e3          	bnez	a6,116d0 <_zisk_float+0xdfc>
   11cc4:	00371793          	slli	a5,a4,0x3
   11cc8:	00200737          	lui	a4,0x200
   11ccc:	00e787b3          	add	a5,a5,a4
   11cd0:	7fc00637          	lui	a2,0x7fc00
   11cd4:	00000693          	li	a3,0
   11cd8:	00c7a023          	sw	a2,0(a5)
   11cdc:	00d7a223          	sw	a3,4(a5)
   11ce0:	01000513          	li	a0,16
   11ce4:	0e80d0ef          	jal	1edcc <softfloat_raiseFlags>
   11ce8:	0000d697          	auipc	a3,0xd
   11cec:	78c6a683          	lw	a3,1932(a3) # 1f474 <softfloat_exceptionFlags>
   11cf0:	09812403          	lw	s0,152(sp)
   11cf4:	09412483          	lw	s1,148(sp)
   11cf8:	09012903          	lw	s2,144(sp)
   11cfc:	01f6f313          	andi	t1,a3,31
   11d00:	c99fe06f          	j	10998 <_zisk_float+0xc4>
   11d04:	00092803          	lw	a6,0(s2)
   11d08:	00492883          	lw	a7,4(s2)
   11d0c:	00981813          	slli	a6,a6,0x9
   11d10:	b8080ce3          	beqz	a6,118a8 <_zisk_float+0xfd4>
   11d14:	00092803          	lw	a6,0(s2)
   11d18:	00400637          	lui	a2,0x400
   11d1c:	00492883          	lw	a7,4(s2)
   11d20:	00c87833          	and	a6,a6,a2
   11d24:	b80812e3          	bnez	a6,118a8 <_zisk_float+0xfd4>
   11d28:	00371793          	slli	a5,a4,0x3
   11d2c:	00200737          	lui	a4,0x200
   11d30:	00e787b3          	add	a5,a5,a4
   11d34:	7fc00637          	lui	a2,0x7fc00
   11d38:	00000693          	li	a3,0
   11d3c:	00c7a023          	sw	a2,0(a5)
   11d40:	00d7a223          	sw	a3,4(a5)
   11d44:	01000513          	li	a0,16
   11d48:	0840d0ef          	jal	1edcc <softfloat_raiseFlags>
   11d4c:	0000d697          	auipc	a3,0xd
   11d50:	7286a683          	lw	a3,1832(a3) # 1f474 <softfloat_exceptionFlags>
   11d54:	09812403          	lw	s0,152(sp)
   11d58:	09412483          	lw	s1,148(sp)
   11d5c:	09012903          	lw	s2,144(sp)
   11d60:	01f6f313          	andi	t1,a3,31
   11d64:	c35fe06f          	j	10998 <_zisk_float+0xc4>
   11d68:	00042603          	lw	a2,0(s0)
   11d6c:	00442683          	lw	a3,4(s0)
   11d70:	00961613          	slli	a2,a2,0x9
   11d74:	b4060ae3          	beqz	a2,118c8 <_zisk_float+0xff4>
   11d78:	00042783          	lw	a5,0(s0)
   11d7c:	004006b7          	lui	a3,0x400
   11d80:	00442803          	lw	a6,4(s0)
   11d84:	00d7f633          	and	a2,a5,a3
   11d88:	fa0600e3          	beqz	a2,11d28 <_zisk_float+0x1454>
   11d8c:	b3dff06f          	j	118c8 <_zisk_float+0xff4>
   11d90:	00092503          	lw	a0,0(s2)
   11d94:	00492583          	lw	a1,4(s2)
   11d98:	00c59613          	slli	a2,a1,0xc
   11d9c:	00c65613          	srli	a2,a2,0xc
   11da0:	00a66633          	or	a2,a2,a0
   11da4:	bc060063          	beqz	a2,11164 <_zisk_float+0x890>
   11da8:	00092503          	lw	a0,0(s2)
   11dac:	00492583          	lw	a1,4(s2)
   11db0:	7ff007b7          	lui	a5,0x7ff00
   11db4:	00f5f633          	and	a2,a1,a5
   11db8:	00f61463          	bne	a2,a5,11dc0 <_zisk_float+0x14ec>
   11dbc:	7300306f          	j	154ec <_zisk_float+0x4c18>
   11dc0:	00371793          	slli	a5,a4,0x3
   11dc4:	00200737          	lui	a4,0x200
   11dc8:	00e787b3          	add	a5,a5,a4
   11dcc:	0007a503          	lw	a0,0(a5) # 7ff00000 <_float_lib_entry+0x7fe00000>
   11dd0:	0047a583          	lw	a1,4(a5)
   11dd4:	7ff00737          	lui	a4,0x7ff00
   11dd8:	00e5f633          	and	a2,a1,a4
   11ddc:	00e61463          	bne	a2,a4,11de4 <_zisk_float+0x1510>
   11de0:	7980306f          	j	15578 <_zisk_float+0x4ca4>
   11de4:	00200737          	lui	a4,0x200
   11de8:	00369793          	slli	a5,a3,0x3
   11dec:	00e787b3          	add	a5,a5,a4
   11df0:	0007a503          	lw	a0,0(a5)
   11df4:	0047a583          	lw	a1,4(a5)
   11df8:	7ff00737          	lui	a4,0x7ff00
   11dfc:	00000313          	li	t1,0
   11e00:	00e5f633          	and	a2,a1,a4
   11e04:	00e61463          	bne	a2,a4,11e0c <_zisk_float+0x1538>
   11e08:	0a10306f          	j	156a8 <_zisk_float+0x4dd4>
   11e0c:	002007b7          	lui	a5,0x200
   11e10:	00399993          	slli	s3,s3,0x3
   11e14:	00f989b3          	add	s3,s3,a5
   11e18:	00000713          	li	a4,0
   11e1c:	00e9a023          	sw	a4,0(s3)
   11e20:	7ff807b7          	lui	a5,0x7ff80
   11e24:	00f9a223          	sw	a5,4(s3)
   11e28:	09812403          	lw	s0,152(sp)
   11e2c:	09412483          	lw	s1,148(sp)
   11e30:	09012903          	lw	s2,144(sp)
   11e34:	08c12983          	lw	s3,140(sp)
   11e38:	b61fe06f          	j	10998 <_zisk_float+0xc4>
   11e3c:	00042603          	lw	a2,0(s0)
   11e40:	00442683          	lw	a3,4(s0)
   11e44:	00961613          	slli	a2,a2,0x9
   11e48:	ec060863          	beqz	a2,11518 <_zisk_float+0xc44>
   11e4c:	00042603          	lw	a2,0(s0)
   11e50:	00400737          	lui	a4,0x400
   11e54:	00442683          	lw	a3,4(s0)
   11e58:	00e67633          	and	a2,a2,a4
   11e5c:	cc0604e3          	beqz	a2,11b24 <_zisk_float+0x1250>
   11e60:	eb8ff06f          	j	11518 <_zisk_float+0xc44>
   11e64:	00042603          	lw	a2,0(s0)
   11e68:	00442683          	lw	a3,4(s0)
   11e6c:	00961613          	slli	a2,a2,0x9
   11e70:	880600e3          	beqz	a2,116f0 <_zisk_float+0xe1c>
   11e74:	00042783          	lw	a5,0(s0)
   11e78:	004006b7          	lui	a3,0x400
   11e7c:	00442803          	lw	a6,4(s0)
   11e80:	00d7f633          	and	a2,a5,a3
   11e84:	e40600e3          	beqz	a2,11cc4 <_zisk_float+0x13f0>
   11e88:	869ff06f          	j	116f0 <_zisk_float+0xe1c>
   11e8c:	00042503          	lw	a0,0(s0)
   11e90:	00442583          	lw	a1,4(s0)
   11e94:	00c59713          	slli	a4,a1,0xc
   11e98:	00c75713          	srli	a4,a4,0xc
   11e9c:	00a76733          	or	a4,a4,a0
   11ea0:	94070063          	beqz	a4,10fe0 <_zisk_float+0x70c>
   11ea4:	00042503          	lw	a0,0(s0)
   11ea8:	00442583          	lw	a1,4(s0)
   11eac:	00c59713          	slli	a4,a1,0xc
   11eb0:	c00758e3          	bgez	a4,11ac0 <_zisk_float+0x11ec>
   11eb4:	92cff06f          	j	10fe0 <_zisk_float+0x70c>
   11eb8:	00042603          	lw	a2,0(s0)
   11ebc:	00442683          	lw	a3,4(s0)
   11ec0:	00c69713          	slli	a4,a3,0xc
   11ec4:	00c75713          	srli	a4,a4,0xc
   11ec8:	00c76733          	or	a4,a4,a2
   11ecc:	00071463          	bnez	a4,11ed4 <_zisk_float+0x1600>
   11ed0:	d11fe06f          	j	10be0 <_zisk_float+0x30c>
   11ed4:	00042603          	lw	a2,0(s0)
   11ed8:	00442683          	lw	a3,4(s0)
   11edc:	00c69713          	slli	a4,a3,0xc
   11ee0:	d20750e3          	bgez	a4,11c00 <_zisk_float+0x132c>
   11ee4:	cfdfe06f          	j	10be0 <_zisk_float+0x30c>
   11ee8:	00042603          	lw	a2,0(s0)
   11eec:	00442683          	lw	a3,4(s0)
   11ef0:	00961613          	slli	a2,a2,0x9
   11ef4:	c6060c63          	beqz	a2,1136c <_zisk_float+0xa98>
   11ef8:	00042603          	lw	a2,0(s0)
   11efc:	7f8007b7          	lui	a5,0x7f800
   11f00:	00442683          	lw	a3,4(s0)
   11f04:	00f67633          	and	a2,a2,a5
   11f08:	00f61463          	bne	a2,a5,11f10 <_zisk_float+0x163c>
   11f0c:	6280306f          	j	15534 <_zisk_float+0x4c60>
   11f10:	00371793          	slli	a5,a4,0x3
   11f14:	00200737          	lui	a4,0x200
   11f18:	00e787b3          	add	a5,a5,a4
   11f1c:	0007a603          	lw	a2,0(a5) # 7f800000 <_float_lib_entry+0x7f700000>
   11f20:	7f800737          	lui	a4,0x7f800
   11f24:	0047a683          	lw	a3,4(a5)
   11f28:	00e67633          	and	a2,a2,a4
   11f2c:	00e61463          	bne	a2,a4,11f34 <_zisk_float+0x1660>
   11f30:	6780306f          	j	155a8 <_zisk_float+0x4cd4>
   11f34:	00200737          	lui	a4,0x200
   11f38:	00359793          	slli	a5,a1,0x3
   11f3c:	00e787b3          	add	a5,a5,a4
   11f40:	0007a603          	lw	a2,0(a5)
   11f44:	7f800737          	lui	a4,0x7f800
   11f48:	0047a683          	lw	a3,4(a5)
   11f4c:	00e67633          	and	a2,a2,a4
   11f50:	00000313          	li	t1,0
   11f54:	00e61463          	bne	a2,a4,11f5c <_zisk_float+0x1688>
   11f58:	7200306f          	j	15678 <_zisk_float+0x4da4>
   11f5c:	002007b7          	lui	a5,0x200
   11f60:	00391913          	slli	s2,s2,0x3
   11f64:	00f90933          	add	s2,s2,a5
   11f68:	7fc00737          	lui	a4,0x7fc00
   11f6c:	00e92023          	sw	a4,0(s2)
   11f70:	00000793          	li	a5,0
   11f74:	00f92223          	sw	a5,4(s2)
   11f78:	09812403          	lw	s0,152(sp)
   11f7c:	09412483          	lw	s1,148(sp)
   11f80:	09012903          	lw	s2,144(sp)
   11f84:	a15fe06f          	j	10998 <_zisk_float+0xc4>
   11f88:	00042503          	lw	a0,0(s0)
   11f8c:	00442583          	lw	a1,4(s0)
   11f90:	00c59713          	slli	a4,a1,0xc
   11f94:	00c75713          	srli	a4,a4,0xc
   11f98:	00a76733          	or	a4,a4,a0
   11f9c:	00071463          	bnez	a4,11fa4 <_zisk_float+0x16d0>
   11fa0:	e3dfe06f          	j	10ddc <_zisk_float+0x508>
   11fa4:	00042503          	lw	a0,0(s0)
   11fa8:	00442583          	lw	a1,4(s0)
   11fac:	00c59713          	slli	a4,a1,0xc
   11fb0:	be0750e3          	bgez	a4,11b90 <_zisk_float+0x12bc>
   11fb4:	e29fe06f          	j	10ddc <_zisk_float+0x508>
   11fb8:	00300793          	li	a5,3
   11fbc:	0000d717          	auipc	a4,0xd
   11fc0:	4af72e23          	sw	a5,1212(a4) # 1f478 <softfloat_roundingMode>
   11fc4:	00092503          	lw	a0,0(s2)
   11fc8:	00492583          	lw	a1,4(s2)
   11fcc:	000a2603          	lw	a2,0(s4)
   11fd0:	004a2683          	lw	a3,4(s4)
   11fd4:	000aa703          	lw	a4,0(s5)
   11fd8:	004aa783          	lw	a5,4(s5)
   11fdc:	0c9090ef          	jal	1b8a4 <f64_mulAdd>
   11fe0:	0000d817          	auipc	a6,0xd
   11fe4:	49480813          	addi	a6,a6,1172 # 1f474 <softfloat_exceptionFlags>
   11fe8:	00082683          	lw	a3,0(a6)
   11fec:	00050413          	mv	s0,a0
   11ff0:	00058493          	mv	s1,a1
   11ff4:	0016f713          	andi	a4,a3,1
   11ff8:	02070063          	beqz	a4,12018 <_zisk_float+0x1744>
   11ffc:	7ff00737          	lui	a4,0x7ff00
   12000:	00e5f633          	and	a2,a1,a4
   12004:	00061463          	bnez	a2,1200c <_zisk_float+0x1738>
   12008:	7240306f          	j	1572c <_zisk_float+0x4e58>
   1200c:	00e60663          	beq	a2,a4,12018 <_zisk_float+0x1744>
   12010:	ffd6f693          	andi	a3,a3,-3
   12014:	00d82023          	sw	a3,0(a6)
   12018:	0089a023          	sw	s0,0(s3)
   1201c:	0099a223          	sw	s1,4(s3)
   12020:	09812403          	lw	s0,152(sp)
   12024:	09412483          	lw	s1,148(sp)
   12028:	09012903          	lw	s2,144(sp)
   1202c:	08c12983          	lw	s3,140(sp)
   12030:	08812a03          	lw	s4,136(sp)
   12034:	08412a83          	lw	s5,132(sp)
   12038:	01f6f313          	andi	t1,a3,31
   1203c:	95dfe06f          	j	10998 <_zisk_float+0xc4>
   12040:	00200793          	li	a5,2
   12044:	0000d717          	auipc	a4,0xd
   12048:	42f72a23          	sw	a5,1076(a4) # 1f478 <softfloat_roundingMode>
   1204c:	f79ff06f          	j	11fc4 <_zisk_float+0x16f0>
   12050:	00100793          	li	a5,1
   12054:	0000d717          	auipc	a4,0xd
   12058:	42f72223          	sw	a5,1060(a4) # 1f478 <softfloat_roundingMode>
   1205c:	f69ff06f          	j	11fc4 <_zisk_float+0x16f0>
   12060:	00400793          	li	a5,4
   12064:	0000d717          	auipc	a4,0xd
   12068:	40f72a23          	sw	a5,1044(a4) # 1f478 <softfloat_roundingMode>
   1206c:	f59ff06f          	j	11fc4 <_zisk_float+0x16f0>
   12070:	0000d797          	auipc	a5,0xd
   12074:	4007a423          	sw	zero,1032(a5) # 1f478 <softfloat_roundingMode>
   12078:	f4dff06f          	j	11fc4 <_zisk_float+0x16f0>
   1207c:	00cb5713          	srli	a4,s6,0xc
   12080:	00777713          	andi	a4,a4,7
   12084:	00070463          	beqz	a4,1208c <_zisk_float+0x17b8>
   12088:	9b1fe06f          	j	10a38 <_zisk_float+0x164>
   1208c:	014b5713          	srli	a4,s6,0x14
   12090:	01f77713          	andi	a4,a4,31
   12094:	00070463          	beqz	a4,1209c <_zisk_float+0x17c8>
   12098:	9a1fe06f          	j	10a38 <_zisk_float+0x164>
   1209c:	00cb5713          	srli	a4,s6,0xc
   120a0:	002006b7          	lui	a3,0x200
   120a4:	11868693          	addi	a3,a3,280 # 200118 <_float_lib_entry+0x100118>
   120a8:	0f877713          	andi	a4,a4,248
   120ac:	00d70733          	add	a4,a4,a3
   120b0:	004b5793          	srli	a5,s6,0x4
   120b4:	00072603          	lw	a2,0(a4)
   120b8:	0f87f793          	andi	a5,a5,248
   120bc:	00472683          	lw	a3,4(a4)
   120c0:	00200737          	lui	a4,0x200
   120c4:	00e787b3          	add	a5,a5,a4
   120c8:	00c7a023          	sw	a2,0(a5)
   120cc:	09812403          	lw	s0,152(sp)
   120d0:	09412483          	lw	s1,148(sp)
   120d4:	09012903          	lw	s2,144(sp)
   120d8:	00d7a223          	sw	a3,4(a5)
   120dc:	8b9fe06f          	j	10994 <_zisk_float+0xc0>
   120e0:	00300793          	li	a5,3
   120e4:	0000d717          	auipc	a4,0xd
   120e8:	38f72a23          	sw	a5,916(a4) # 1f478 <softfloat_roundingMode>
   120ec:	0004a503          	lw	a0,0(s1)
   120f0:	0044a583          	lw	a1,4(s1)
   120f4:	00042803          	lw	a6,0(s0)
   120f8:	00442883          	lw	a7,4(s0)
   120fc:	00092703          	lw	a4,0(s2)
   12100:	80000637          	lui	a2,0x80000
   12104:	00492783          	lw	a5,4(s2)
   12108:	00080593          	mv	a1,a6
   1210c:	00e64633          	xor	a2,a2,a4
   12110:	2e9080ef          	jal	1abf8 <f32_mulAdd>
   12114:	0000d797          	auipc	a5,0xd
   12118:	36078793          	addi	a5,a5,864 # 1f474 <softfloat_exceptionFlags>
   1211c:	0007a683          	lw	a3,0(a5)
   12120:	00050813          	mv	a6,a0
   12124:	00000893          	li	a7,0
   12128:	0016f713          	andi	a4,a3,1
   1212c:	02070063          	beqz	a4,1214c <_zisk_float+0x1878>
   12130:	7f800737          	lui	a4,0x7f800
   12134:	00e57633          	and	a2,a0,a4
   12138:	00061463          	bnez	a2,12140 <_zisk_float+0x186c>
   1213c:	0f90306f          	j	15a34 <_zisk_float+0x5160>
   12140:	00e60663          	beq	a2,a4,1214c <_zisk_float+0x1878>
   12144:	ffd6f693          	andi	a3,a3,-3
   12148:	00d7a023          	sw	a3,0(a5)
   1214c:	00399793          	slli	a5,s3,0x3
   12150:	00200737          	lui	a4,0x200
   12154:	00e787b3          	add	a5,a5,a4
   12158:	0107a023          	sw	a6,0(a5)
   1215c:	09812403          	lw	s0,152(sp)
   12160:	09412483          	lw	s1,148(sp)
   12164:	09012903          	lw	s2,144(sp)
   12168:	08c12983          	lw	s3,140(sp)
   1216c:	08812a03          	lw	s4,136(sp)
   12170:	01f6f313          	andi	t1,a3,31
   12174:	0117a223          	sw	a7,4(a5)
   12178:	821fe06f          	j	10998 <_zisk_float+0xc4>
   1217c:	00200793          	li	a5,2
   12180:	0000d717          	auipc	a4,0xd
   12184:	2ef72c23          	sw	a5,760(a4) # 1f478 <softfloat_roundingMode>
   12188:	f65ff06f          	j	120ec <_zisk_float+0x1818>
   1218c:	00300793          	li	a5,3
   12190:	0000d717          	auipc	a4,0xd
   12194:	2ef72423          	sw	a5,744(a4) # 1f478 <softfloat_roundingMode>
   12198:	0004a503          	lw	a0,0(s1)
   1219c:	0044a583          	lw	a1,4(s1)
   121a0:	00042603          	lw	a2,0(s0)
   121a4:	00442683          	lw	a3,4(s0)
   121a8:	000a2803          	lw	a6,0(s4)
   121ac:	004a2883          	lw	a7,4(s4)
   121b0:	800007b7          	lui	a5,0x80000
   121b4:	00080713          	mv	a4,a6
   121b8:	0117c7b3          	xor	a5,a5,a7
   121bc:	6e8090ef          	jal	1b8a4 <f64_mulAdd>
   121c0:	0000d817          	auipc	a6,0xd
   121c4:	2b480813          	addi	a6,a6,692 # 1f474 <softfloat_exceptionFlags>
   121c8:	00082683          	lw	a3,0(a6)
   121cc:	00050913          	mv	s2,a0
   121d0:	00058993          	mv	s3,a1
   121d4:	0016f713          	andi	a4,a3,1
   121d8:	02070063          	beqz	a4,121f8 <_zisk_float+0x1924>
   121dc:	7ff00737          	lui	a4,0x7ff00
   121e0:	00e5f633          	and	a2,a1,a4
   121e4:	00061463          	bnez	a2,121ec <_zisk_float+0x1918>
   121e8:	02d0306f          	j	15a14 <_zisk_float+0x5140>
   121ec:	00e60663          	beq	a2,a4,121f8 <_zisk_float+0x1924>
   121f0:	ffd6f693          	andi	a3,a3,-3
   121f4:	00d82023          	sw	a3,0(a6)
   121f8:	003a9793          	slli	a5,s5,0x3
   121fc:	00200737          	lui	a4,0x200
   12200:	00e787b3          	add	a5,a5,a4
   12204:	0127a023          	sw	s2,0(a5) # 80000000 <_float_lib_entry+0x7ff00000>
   12208:	0137a223          	sw	s3,4(a5)
   1220c:	09812403          	lw	s0,152(sp)
   12210:	09412483          	lw	s1,148(sp)
   12214:	09012903          	lw	s2,144(sp)
   12218:	08c12983          	lw	s3,140(sp)
   1221c:	08812a03          	lw	s4,136(sp)
   12220:	08412a83          	lw	s5,132(sp)
   12224:	01f6f313          	andi	t1,a3,31
   12228:	f70fe06f          	j	10998 <_zisk_float+0xc4>
   1222c:	00200793          	li	a5,2
   12230:	0000d717          	auipc	a4,0xd
   12234:	24f72423          	sw	a5,584(a4) # 1f478 <softfloat_roundingMode>
   12238:	f61ff06f          	j	12198 <_zisk_float+0x18c4>
   1223c:	00100793          	li	a5,1
   12240:	0000d717          	auipc	a4,0xd
   12244:	22f72c23          	sw	a5,568(a4) # 1f478 <softfloat_roundingMode>
   12248:	f51ff06f          	j	12198 <_zisk_float+0x18c4>
   1224c:	00400793          	li	a5,4
   12250:	0000d717          	auipc	a4,0xd
   12254:	22f72423          	sw	a5,552(a4) # 1f478 <softfloat_roundingMode>
   12258:	f41ff06f          	j	12198 <_zisk_float+0x18c4>
   1225c:	0000d797          	auipc	a5,0xd
   12260:	2007ae23          	sw	zero,540(a5) # 1f478 <softfloat_roundingMode>
   12264:	f35ff06f          	j	12198 <_zisk_float+0x18c4>
   12268:	00100793          	li	a5,1
   1226c:	0000d717          	auipc	a4,0xd
   12270:	20f72623          	sw	a5,524(a4) # 1f478 <softfloat_roundingMode>
   12274:	e79ff06f          	j	120ec <_zisk_float+0x1818>
   12278:	00400793          	li	a5,4
   1227c:	0000d717          	auipc	a4,0xd
   12280:	1ef72e23          	sw	a5,508(a4) # 1f478 <softfloat_roundingMode>
   12284:	e69ff06f          	j	120ec <_zisk_float+0x1818>
   12288:	0000d797          	auipc	a5,0xd
   1228c:	1e07a823          	sw	zero,496(a5) # 1f478 <softfloat_roundingMode>
   12290:	e5dff06f          	j	120ec <_zisk_float+0x1818>
   12294:	014b5713          	srli	a4,s6,0x14
   12298:	01f77713          	andi	a4,a4,31
   1229c:	00070463          	beqz	a4,122a4 <_zisk_float+0x19d0>
   122a0:	f98fe06f          	j	10a38 <_zisk_float+0x164>
   122a4:	00cb5713          	srli	a4,s6,0xc
   122a8:	0f877713          	andi	a4,a4,248
   122ac:	00200637          	lui	a2,0x200
   122b0:	00c70433          	add	s0,a4,a2
   122b4:	00042503          	lw	a0,0(s0)
   122b8:	00442583          	lw	a1,4(s0)
   122bc:	004b5713          	srli	a4,s6,0x4
   122c0:	7ff006b7          	lui	a3,0x7ff00
   122c4:	0f877713          	andi	a4,a4,248
   122c8:	00d5f5b3          	and	a1,a1,a3
   122cc:	00c704b3          	add	s1,a4,a2
   122d0:	00d59463          	bne	a1,a3,122d8 <_zisk_float+0x1a04>
   122d4:	48c0606f          	j	18760 <_zisk_float+0x7e8c>
   122d8:	00042503          	lw	a0,0(s0)
   122dc:	00442583          	lw	a1,4(s0)
   122e0:	7ff006b7          	lui	a3,0x7ff00
   122e4:	00d5f733          	and	a4,a1,a3
   122e8:	00d71463          	bne	a4,a3,122f0 <_zisk_float+0x1a1c>
   122ec:	6140606f          	j	18900 <_zisk_float+0x802c>
   122f0:	00042503          	lw	a0,0(s0)
   122f4:	00442583          	lw	a1,4(s0)
   122f8:	7ff006b7          	lui	a3,0x7ff00
   122fc:	00d5f733          	and	a4,a1,a3
   12300:	00d71463          	bne	a4,a3,12308 <_zisk_float+0x1a34>
   12304:	6c80606f          	j	189cc <_zisk_float+0x80f8>
   12308:	00042603          	lw	a2,0(s0)
   1230c:	00442683          	lw	a3,4(s0)
   12310:	0146d713          	srli	a4,a3,0x14
   12314:	7ff77713          	andi	a4,a4,2047
   12318:	02071663          	bnez	a4,12344 <_zisk_float+0x1a70>
   1231c:	00042783          	lw	a5,0(s0)
   12320:	00442803          	lw	a6,4(s0)
   12324:	00c81693          	slli	a3,a6,0xc
   12328:	00c6d693          	srli	a3,a3,0xc
   1232c:	00f6e6b3          	or	a3,a3,a5
   12330:	00069a63          	bnez	a3,12344 <_zisk_float+0x1a70>
   12334:	00042603          	lw	a2,0(s0)
   12338:	00442683          	lw	a3,4(s0)
   1233c:	0006d463          	bgez	a3,12344 <_zisk_float+0x1a70>
   12340:	3410706f          	j	19e80 <_zisk_float+0x95ac>
   12344:	00042603          	lw	a2,0(s0)
   12348:	00442683          	lw	a3,4(s0)
   1234c:	0006c463          	bltz	a3,12354 <_zisk_float+0x1a80>
   12350:	7100606f          	j	18a60 <_zisk_float+0x818c>
   12354:	00000613          	li	a2,0
   12358:	00c4a023          	sw	a2,0(s1)
   1235c:	7ff806b7          	lui	a3,0x7ff80
   12360:	00d4a223          	sw	a3,4(s1)
   12364:	01000793          	li	a5,16
   12368:	09812403          	lw	s0,152(sp)
   1236c:	09412483          	lw	s1,148(sp)
   12370:	09012903          	lw	s2,144(sp)
   12374:	0000d717          	auipc	a4,0xd
   12378:	10f72023          	sw	a5,256(a4) # 1f474 <softfloat_exceptionFlags>
   1237c:	01000313          	li	t1,16
   12380:	e18fe06f          	j	10998 <_zisk_float+0xc4>
   12384:	014b5713          	srli	a4,s6,0x14
   12388:	01f77713          	andi	a4,a4,31
   1238c:	00070463          	beqz	a4,12394 <_zisk_float+0x1ac0>
   12390:	ea8fe06f          	j	10a38 <_zisk_float+0x164>
   12394:	00cb5713          	srli	a4,s6,0xc
   12398:	0f877713          	andi	a4,a4,248
   1239c:	002005b7          	lui	a1,0x200
   123a0:	00b70433          	add	s0,a4,a1
   123a4:	00042603          	lw	a2,0(s0)
   123a8:	004b5713          	srli	a4,s6,0x4
   123ac:	7f8007b7          	lui	a5,0x7f800
   123b0:	00442683          	lw	a3,4(s0)
   123b4:	0f877713          	andi	a4,a4,248
   123b8:	00f67633          	and	a2,a2,a5
   123bc:	00b704b3          	add	s1,a4,a1
   123c0:	00f61463          	bne	a2,a5,123c8 <_zisk_float+0x1af4>
   123c4:	4fc0606f          	j	188c0 <_zisk_float+0x7fec>
   123c8:	00042603          	lw	a2,0(s0)
   123cc:	7f8007b7          	lui	a5,0x7f800
   123d0:	00442683          	lw	a3,4(s0)
   123d4:	00f67633          	and	a2,a2,a5
   123d8:	00f61463          	bne	a2,a5,123e0 <_zisk_float+0x1b0c>
   123dc:	4b80606f          	j	18894 <_zisk_float+0x7fc0>
   123e0:	00042603          	lw	a2,0(s0)
   123e4:	7f8007b7          	lui	a5,0x7f800
   123e8:	00442683          	lw	a3,4(s0)
   123ec:	00f67633          	and	a2,a2,a5
   123f0:	00f61463          	bne	a2,a5,123f8 <_zisk_float+0x1b24>
   123f4:	6bc0606f          	j	18ab0 <_zisk_float+0x81dc>
   123f8:	00042603          	lw	a2,0(s0)
   123fc:	7f800737          	lui	a4,0x7f800
   12400:	00442683          	lw	a3,4(s0)
   12404:	00e67633          	and	a2,a2,a4
   12408:	00060463          	beqz	a2,12410 <_zisk_float+0x1b3c>
   1240c:	6dc0406f          	j	16ae8 <_zisk_float+0x6214>
   12410:	00042603          	lw	a2,0(s0)
   12414:	00442683          	lw	a3,4(s0)
   12418:	00961613          	slli	a2,a2,0x9
   1241c:	00060463          	beqz	a2,12424 <_zisk_float+0x1b50>
   12420:	6c80406f          	j	16ae8 <_zisk_float+0x6214>
   12424:	00042603          	lw	a2,0(s0)
   12428:	00442683          	lw	a3,4(s0)
   1242c:	00069663          	bnez	a3,12438 <_zisk_float+0x1b64>
   12430:	00064463          	bltz	a2,12438 <_zisk_float+0x1b64>
   12434:	6b40406f          	j	16ae8 <_zisk_float+0x6214>
   12438:	00042703          	lw	a4,0(s0)
   1243c:	00442783          	lw	a5,4(s0)
   12440:	00e4a023          	sw	a4,0(s1)
   12444:	00f4a223          	sw	a5,4(s1)
   12448:	09812403          	lw	s0,152(sp)
   1244c:	09412483          	lw	s1,148(sp)
   12450:	09012903          	lw	s2,144(sp)
   12454:	00000313          	li	t1,0
   12458:	d40fe06f          	j	10998 <_zisk_float+0xc4>
   1245c:	00cb5713          	srli	a4,s6,0xc
   12460:	0f877713          	andi	a4,a4,248
   12464:	00200637          	lui	a2,0x200
   12468:	00c704b3          	add	s1,a4,a2
   1246c:	0004a503          	lw	a0,0(s1)
   12470:	0044a583          	lw	a1,4(s1)
   12474:	004b5693          	srli	a3,s6,0x4
   12478:	0f86f693          	andi	a3,a3,248
   1247c:	00c68933          	add	s2,a3,a2
   12480:	0145d693          	srli	a3,a1,0x14
   12484:	014b5713          	srli	a4,s6,0x14
   12488:	7ff6f693          	andi	a3,a3,2047
   1248c:	01f77713          	andi	a4,a4,31
   12490:	04069a63          	bnez	a3,124e4 <_zisk_float+0x1c10>
   12494:	0004a783          	lw	a5,0(s1)
   12498:	0044a803          	lw	a6,4(s1)
   1249c:	001006b7          	lui	a3,0x100
   124a0:	fff68693          	addi	a3,a3,-1 # fffff <softfloat_roundingMode+0xe0b87>
   124a4:	00d875b3          	and	a1,a6,a3
   124a8:	00f5e5b3          	or	a1,a1,a5
   124ac:	02059c63          	bnez	a1,124e4 <_zisk_float+0x1c10>
   124b0:	00371593          	slli	a1,a4,0x3
   124b4:	00c58633          	add	a2,a1,a2
   124b8:	00062503          	lw	a0,0(a2) # 200000 <_float_lib_entry+0x100000>
   124bc:	00462583          	lw	a1,4(a2)
   124c0:	0145d513          	srli	a0,a1,0x14
   124c4:	7ff57513          	andi	a0,a0,2047
   124c8:	00051e63          	bnez	a0,124e4 <_zisk_float+0x1c10>
   124cc:	00062503          	lw	a0,0(a2)
   124d0:	00462583          	lw	a1,4(a2)
   124d4:	00d5f6b3          	and	a3,a1,a3
   124d8:	00a6e6b3          	or	a3,a3,a0
   124dc:	00069463          	bnez	a3,124e4 <_zisk_float+0x1c10>
   124e0:	7080706f          	j	19be8 <_zisk_float+0x9314>
   124e4:	0004a503          	lw	a0,0(s1)
   124e8:	0044a583          	lw	a1,4(s1)
   124ec:	7ff006b7          	lui	a3,0x7ff00
   124f0:	00d5f633          	and	a2,a1,a3
   124f4:	00d61463          	bne	a2,a3,124fc <_zisk_float+0x1c28>
   124f8:	04c0406f          	j	16544 <_zisk_float+0x5c70>
   124fc:	0004a503          	lw	a0,0(s1)
   12500:	0044a583          	lw	a1,4(s1)
   12504:	7ff006b7          	lui	a3,0x7ff00
   12508:	00d5f633          	and	a2,a1,a3
   1250c:	00d61463          	bne	a2,a3,12514 <_zisk_float+0x1c40>
   12510:	3740406f          	j	16884 <_zisk_float+0x5fb0>
   12514:	0004a503          	lw	a0,0(s1)
   12518:	0044a583          	lw	a1,4(s1)
   1251c:	7ff006b7          	lui	a3,0x7ff00
   12520:	00d5f633          	and	a2,a1,a3
   12524:	00d61463          	bne	a2,a3,1252c <_zisk_float+0x1c58>
   12528:	3f40406f          	j	1691c <_zisk_float+0x6048>
   1252c:	002006b7          	lui	a3,0x200
   12530:	09312623          	sw	s3,140(sp)
   12534:	00371993          	slli	s3,a4,0x3
   12538:	00d989b3          	add	s3,s3,a3
   1253c:	0009a503          	lw	a0,0(s3)
   12540:	0049a583          	lw	a1,4(s3)
   12544:	7ff006b7          	lui	a3,0x7ff00
   12548:	00d5f633          	and	a2,a1,a3
   1254c:	00d61463          	bne	a2,a3,12554 <_zisk_float+0x1c80>
   12550:	1ed0406f          	j	16f3c <_zisk_float+0x6668>
   12554:	0004a603          	lw	a2,0(s1)
   12558:	0044a683          	lw	a3,4(s1)
   1255c:	7ff00737          	lui	a4,0x7ff00
   12560:	00e6f6b3          	and	a3,a3,a4
   12564:	02e69a63          	bne	a3,a4,12598 <_zisk_float+0x1cc4>
   12568:	0004a503          	lw	a0,0(s1)
   1256c:	0044a583          	lw	a1,4(s1)
   12570:	00100737          	lui	a4,0x100
   12574:	fff70713          	addi	a4,a4,-1 # fffff <softfloat_roundingMode+0xe0b87>
   12578:	00e5f633          	and	a2,a1,a4
   1257c:	00a66633          	or	a2,a2,a0
   12580:	00061c63          	bnez	a2,12598 <_zisk_float+0x1cc4>
   12584:	0009a503          	lw	a0,0(s3)
   12588:	0049a583          	lw	a1,4(s3)
   1258c:	00d5f633          	and	a2,a1,a3
   12590:	00d61463          	bne	a2,a3,12598 <_zisk_float+0x1cc4>
   12594:	6880706f          	j	19c1c <_zisk_float+0x9348>
   12598:	00cb5793          	srli	a5,s6,0xc
   1259c:	0077f413          	andi	s0,a5,7
   125a0:	00040513          	mv	a0,s0
   125a4:	00400613          	li	a2,4
   125a8:	00000693          	li	a3,0
   125ac:	00000593          	li	a1,0
   125b0:	07a12823          	sw	s10,112(sp)
   125b4:	07b12623          	sw	s11,108(sp)
   125b8:	0ac080ef          	jal	1a664 <__ucmpdi2>
   125bc:	00100793          	li	a5,1
   125c0:	00a7f463          	bgeu	a5,a0,125c8 <_zisk_float+0x1cf4>
   125c4:	0010106f          	j	13dc4 <_zisk_float+0x34f0>
   125c8:	0000d717          	auipc	a4,0xd
   125cc:	b3470713          	addi	a4,a4,-1228 # 1f0fc <softfloat_addM+0x318>
   125d0:	00241793          	slli	a5,s0,0x2
   125d4:	00e787b3          	add	a5,a5,a4
   125d8:	0007a783          	lw	a5,0(a5) # 7f800000 <_float_lib_entry+0x7f700000>
   125dc:	00e787b3          	add	a5,a5,a4
   125e0:	00078067          	jr	a5
   125e4:	00cb5713          	srli	a4,s6,0xc
   125e8:	0f877713          	andi	a4,a4,248
   125ec:	002005b7          	lui	a1,0x200
   125f0:	00b704b3          	add	s1,a4,a1
   125f4:	0004a603          	lw	a2,0(s1)
   125f8:	0044a683          	lw	a3,4(s1)
   125fc:	7f800537          	lui	a0,0x7f800
   12600:	004b5713          	srli	a4,s6,0x4
   12604:	0f877713          	andi	a4,a4,248
   12608:	014b5693          	srli	a3,s6,0x14
   1260c:	00a67633          	and	a2,a2,a0
   12610:	00b70933          	add	s2,a4,a1
   12614:	01f6f713          	andi	a4,a3,31
   12618:	04061463          	bnez	a2,12660 <_zisk_float+0x1d8c>
   1261c:	0004a783          	lw	a5,0(s1)
   12620:	008006b7          	lui	a3,0x800
   12624:	fff68693          	addi	a3,a3,-1 # 7fffff <_float_lib_entry+0x6fffff>
   12628:	0044a803          	lw	a6,4(s1)
   1262c:	00d7f633          	and	a2,a5,a3
   12630:	02061863          	bnez	a2,12660 <_zisk_float+0x1d8c>
   12634:	00371613          	slli	a2,a4,0x3
   12638:	00b60633          	add	a2,a2,a1
   1263c:	00062803          	lw	a6,0(a2)
   12640:	00462883          	lw	a7,4(a2)
   12644:	00a87833          	and	a6,a6,a0
   12648:	00081c63          	bnez	a6,12660 <_zisk_float+0x1d8c>
   1264c:	00062503          	lw	a0,0(a2)
   12650:	00462583          	lw	a1,4(a2)
   12654:	00d57533          	and	a0,a0,a3
   12658:	00051463          	bnez	a0,12660 <_zisk_float+0x1d8c>
   1265c:	50c0706f          	j	19b68 <_zisk_float+0x9294>
   12660:	0004a603          	lw	a2,0(s1)
   12664:	7f8007b7          	lui	a5,0x7f800
   12668:	0044a683          	lw	a3,4(s1)
   1266c:	00f67633          	and	a2,a2,a5
   12670:	00f61463          	bne	a2,a5,12678 <_zisk_float+0x1da4>
   12674:	0800406f          	j	166f4 <_zisk_float+0x5e20>
   12678:	0004a603          	lw	a2,0(s1)
   1267c:	7f8007b7          	lui	a5,0x7f800
   12680:	0044a683          	lw	a3,4(s1)
   12684:	00f67633          	and	a2,a2,a5
   12688:	00f61463          	bne	a2,a5,12690 <_zisk_float+0x1dbc>
   1268c:	7d90306f          	j	16664 <_zisk_float+0x5d90>
   12690:	0004a603          	lw	a2,0(s1)
   12694:	7f8007b7          	lui	a5,0x7f800
   12698:	0044a683          	lw	a3,4(s1)
   1269c:	00f67633          	and	a2,a2,a5
   126a0:	00f61463          	bne	a2,a5,126a8 <_zisk_float+0x1dd4>
   126a4:	2f40406f          	j	16998 <_zisk_float+0x60c4>
   126a8:	002006b7          	lui	a3,0x200
   126ac:	09312623          	sw	s3,140(sp)
   126b0:	00371993          	slli	s3,a4,0x3
   126b4:	00d989b3          	add	s3,s3,a3
   126b8:	0009a603          	lw	a2,0(s3)
   126bc:	7f8007b7          	lui	a5,0x7f800
   126c0:	0049a683          	lw	a3,4(s3)
   126c4:	00f67633          	and	a2,a2,a5
   126c8:	00f61463          	bne	a2,a5,126d0 <_zisk_float+0x1dfc>
   126cc:	0950406f          	j	16f60 <_zisk_float+0x668c>
   126d0:	0004a603          	lw	a2,0(s1)
   126d4:	7f800737          	lui	a4,0x7f800
   126d8:	0044a683          	lw	a3,4(s1)
   126dc:	00e67633          	and	a2,a2,a4
   126e0:	02e61863          	bne	a2,a4,12710 <_zisk_float+0x1e3c>
   126e4:	0004a503          	lw	a0,0(s1)
   126e8:	00800737          	lui	a4,0x800
   126ec:	fff70713          	addi	a4,a4,-1 # 7fffff <_float_lib_entry+0x6fffff>
   126f0:	0044a583          	lw	a1,4(s1)
   126f4:	00e57533          	and	a0,a0,a4
   126f8:	00051c63          	bnez	a0,12710 <_zisk_float+0x1e3c>
   126fc:	0009a503          	lw	a0,0(s3)
   12700:	0049a583          	lw	a1,4(s3)
   12704:	00c57533          	and	a0,a0,a2
   12708:	00c51463          	bne	a0,a2,12710 <_zisk_float+0x1e3c>
   1270c:	4900706f          	j	19b9c <_zisk_float+0x92c8>
   12710:	00cb5793          	srli	a5,s6,0xc
   12714:	0077f413          	andi	s0,a5,7
   12718:	00040513          	mv	a0,s0
   1271c:	00400613          	li	a2,4
   12720:	00000693          	li	a3,0
   12724:	00000593          	li	a1,0
   12728:	73d070ef          	jal	1a664 <__ucmpdi2>
   1272c:	00100793          	li	a5,1
   12730:	00a7f463          	bgeu	a5,a0,12738 <_zisk_float+0x1e64>
   12734:	4dc0106f          	j	13c10 <_zisk_float+0x333c>
   12738:	0000d717          	auipc	a4,0xd
   1273c:	9d870713          	addi	a4,a4,-1576 # 1f110 <softfloat_addM+0x32c>
   12740:	00241793          	slli	a5,s0,0x2
   12744:	00e787b3          	add	a5,a5,a4
   12748:	0007a783          	lw	a5,0(a5) # 7f800000 <_float_lib_entry+0x7f700000>
   1274c:	00e787b3          	add	a5,a5,a4
   12750:	00078067          	jr	a5
   12754:	00cb5713          	srli	a4,s6,0xc
   12758:	0f877713          	andi	a4,a4,248
   1275c:	00200537          	lui	a0,0x200
   12760:	00a704b3          	add	s1,a4,a0
   12764:	0004a803          	lw	a6,0(s1)
   12768:	0044a883          	lw	a7,4(s1)
   1276c:	7ff00637          	lui	a2,0x7ff00
   12770:	007b5693          	srli	a3,s6,0x7
   12774:	014b5713          	srli	a4,s6,0x14
   12778:	00c8f5b3          	and	a1,a7,a2
   1277c:	01f6f413          	andi	s0,a3,31
   12780:	01f77713          	andi	a4,a4,31
   12784:	00c59463          	bne	a1,a2,1278c <_zisk_float+0x1eb8>
   12788:	6700306f          	j	15df8 <_zisk_float+0x5524>
   1278c:	0004a503          	lw	a0,0(s1)
   12790:	0044a583          	lw	a1,4(s1)
   12794:	7ff006b7          	lui	a3,0x7ff00
   12798:	00d5f633          	and	a2,a1,a3
   1279c:	00d61463          	bne	a2,a3,127a4 <_zisk_float+0x1ed0>
   127a0:	3ad0306f          	j	1634c <_zisk_float+0x5a78>
   127a4:	0004a503          	lw	a0,0(s1)
   127a8:	0044a583          	lw	a1,4(s1)
   127ac:	7ff006b7          	lui	a3,0x7ff00
   127b0:	00d5f633          	and	a2,a1,a3
   127b4:	00d61463          	bne	a2,a3,127bc <_zisk_float+0x1ee8>
   127b8:	6250306f          	j	165dc <_zisk_float+0x5d08>
   127bc:	002006b7          	lui	a3,0x200
   127c0:	09312623          	sw	s3,140(sp)
   127c4:	00371993          	slli	s3,a4,0x3
   127c8:	00d989b3          	add	s3,s3,a3
   127cc:	0009a503          	lw	a0,0(s3)
   127d0:	0049a583          	lw	a1,4(s3)
   127d4:	7ff006b7          	lui	a3,0x7ff00
   127d8:	00d5f633          	and	a2,a1,a3
   127dc:	00d61463          	bne	a2,a3,127e4 <_zisk_float+0x1f10>
   127e0:	6bc0406f          	j	16e9c <_zisk_float+0x65c8>
   127e4:	0004a783          	lw	a5,0(s1)
   127e8:	0044a803          	lw	a6,4(s1)
   127ec:	00341713          	slli	a4,s0,0x3
   127f0:	00200637          	lui	a2,0x200
   127f4:	00c70933          	add	s2,a4,a2
   127f8:	01485713          	srli	a4,a6,0x14
   127fc:	7ff77713          	andi	a4,a4,2047
   12800:	7ff00637          	lui	a2,0x7ff00
   12804:	02071a63          	bnez	a4,12838 <_zisk_float+0x1f64>
   12808:	0004a503          	lw	a0,0(s1)
   1280c:	0044a583          	lw	a1,4(s1)
   12810:	00100737          	lui	a4,0x100
   12814:	fff70713          	addi	a4,a4,-1 # fffff <softfloat_roundingMode+0xe0b87>
   12818:	00e5f6b3          	and	a3,a1,a4
   1281c:	00a6e6b3          	or	a3,a3,a0
   12820:	00069c63          	bnez	a3,12838 <_zisk_float+0x1f64>
   12824:	0009a503          	lw	a0,0(s3)
   12828:	0049a583          	lw	a1,4(s3)
   1282c:	00c5f6b3          	and	a3,a1,a2
   12830:	00c69463          	bne	a3,a2,12838 <_zisk_float+0x1f64>
   12834:	21c0706f          	j	19a50 <_zisk_float+0x917c>
   12838:	0004a603          	lw	a2,0(s1)
   1283c:	0044a683          	lw	a3,4(s1)
   12840:	7ff00737          	lui	a4,0x7ff00
   12844:	00e6f6b3          	and	a3,a3,a4
   12848:	04e69463          	bne	a3,a4,12890 <_zisk_float+0x1fbc>
   1284c:	0004a503          	lw	a0,0(s1)
   12850:	0044a583          	lw	a1,4(s1)
   12854:	00100737          	lui	a4,0x100
   12858:	fff70713          	addi	a4,a4,-1 # fffff <softfloat_roundingMode+0xe0b87>
   1285c:	00e5f633          	and	a2,a1,a4
   12860:	00a66633          	or	a2,a2,a0
   12864:	02061663          	bnez	a2,12890 <_zisk_float+0x1fbc>
   12868:	0009a503          	lw	a0,0(s3)
   1286c:	0049a583          	lw	a1,4(s3)
   12870:	00d5f6b3          	and	a3,a1,a3
   12874:	00069e63          	bnez	a3,12890 <_zisk_float+0x1fbc>
   12878:	0009a603          	lw	a2,0(s3)
   1287c:	0049a683          	lw	a3,4(s3)
   12880:	00e6f733          	and	a4,a3,a4
   12884:	00c76733          	or	a4,a4,a2
   12888:	00071463          	bnez	a4,12890 <_zisk_float+0x1fbc>
   1288c:	4940706f          	j	19d20 <_zisk_float+0x944c>
   12890:	00cb5793          	srli	a5,s6,0xc
   12894:	0077f413          	andi	s0,a5,7
   12898:	00040513          	mv	a0,s0
   1289c:	00400613          	li	a2,4
   128a0:	00000693          	li	a3,0
   128a4:	00000593          	li	a1,0
   128a8:	07812c23          	sw	s8,120(sp)
   128ac:	07912a23          	sw	s9,116(sp)
   128b0:	5b5070ef          	jal	1a664 <__ucmpdi2>
   128b4:	00100793          	li	a5,1
   128b8:	00a7f463          	bgeu	a5,a0,128c0 <_zisk_float+0x1fec>
   128bc:	3e00106f          	j	13c9c <_zisk_float+0x33c8>
   128c0:	0000d717          	auipc	a4,0xd
   128c4:	86470713          	addi	a4,a4,-1948 # 1f124 <softfloat_addM+0x340>
   128c8:	00241793          	slli	a5,s0,0x2
   128cc:	00e787b3          	add	a5,a5,a4
   128d0:	0007a783          	lw	a5,0(a5)
   128d4:	00e787b3          	add	a5,a5,a4
   128d8:	00078067          	jr	a5
   128dc:	00cb5713          	srli	a4,s6,0xc
   128e0:	0f877713          	andi	a4,a4,248
   128e4:	002006b7          	lui	a3,0x200
   128e8:	00d704b3          	add	s1,a4,a3
   128ec:	0004a503          	lw	a0,0(s1)
   128f0:	0044a583          	lw	a1,4(s1)
   128f4:	7ff00637          	lui	a2,0x7ff00
   128f8:	007b5693          	srli	a3,s6,0x7
   128fc:	014b5713          	srli	a4,s6,0x14
   12900:	00c5f5b3          	and	a1,a1,a2
   12904:	01f6f413          	andi	s0,a3,31
   12908:	01f77713          	andi	a4,a4,31
   1290c:	00c59463          	bne	a1,a2,12914 <_zisk_float+0x2040>
   12910:	5880306f          	j	15e98 <_zisk_float+0x55c4>
   12914:	002006b7          	lui	a3,0x200
   12918:	09312623          	sw	s3,140(sp)
   1291c:	00371993          	slli	s3,a4,0x3
   12920:	00d989b3          	add	s3,s3,a3
   12924:	0009a503          	lw	a0,0(s3)
   12928:	0049a583          	lw	a1,4(s3)
   1292c:	7ff006b7          	lui	a3,0x7ff00
   12930:	00d5f633          	and	a2,a1,a3
   12934:	00d61463          	bne	a2,a3,1293c <_zisk_float+0x2068>
   12938:	5240406f          	j	16e5c <_zisk_float+0x6588>
   1293c:	0004a803          	lw	a6,0(s1)
   12940:	0044a883          	lw	a7,4(s1)
   12944:	7ff00737          	lui	a4,0x7ff00
   12948:	00341693          	slli	a3,s0,0x3
   1294c:	002005b7          	lui	a1,0x200
   12950:	00e8f633          	and	a2,a7,a4
   12954:	00b68933          	add	s2,a3,a1
   12958:	00e61463          	bne	a2,a4,12960 <_zisk_float+0x208c>
   1295c:	2e80506f          	j	17c44 <_zisk_float+0x7370>
   12960:	0004a603          	lw	a2,0(s1)
   12964:	0044a683          	lw	a3,4(s1)
   12968:	7ff00737          	lui	a4,0x7ff00
   1296c:	00e6f6b3          	and	a3,a3,a4
   12970:	00e69463          	bne	a3,a4,12978 <_zisk_float+0x20a4>
   12974:	22c0506f          	j	17ba0 <_zisk_float+0x72cc>
   12978:	0004a603          	lw	a2,0(s1)
   1297c:	0044a683          	lw	a3,4(s1)
   12980:	7ff00737          	lui	a4,0x7ff00
   12984:	00e6f6b3          	and	a3,a3,a4
   12988:	00e69463          	bne	a3,a4,12990 <_zisk_float+0x20bc>
   1298c:	35c0506f          	j	17ce8 <_zisk_float+0x7414>
   12990:	0004a603          	lw	a2,0(s1)
   12994:	0044a683          	lw	a3,4(s1)
   12998:	7ff00737          	lui	a4,0x7ff00
   1299c:	00e6f6b3          	and	a3,a3,a4
   129a0:	00e69463          	bne	a3,a4,129a8 <_zisk_float+0x20d4>
   129a4:	3a00506f          	j	17d44 <_zisk_float+0x7470>
   129a8:	0009a603          	lw	a2,0(s3)
   129ac:	0049a683          	lw	a3,4(s3)
   129b0:	7ff00737          	lui	a4,0x7ff00
   129b4:	00e6f6b3          	and	a3,a3,a4
   129b8:	00e69463          	bne	a3,a4,129c0 <_zisk_float+0x20ec>
   129bc:	4f50506f          	j	186b0 <_zisk_float+0x7ddc>
   129c0:	00cb5793          	srli	a5,s6,0xc
   129c4:	0077f413          	andi	s0,a5,7
   129c8:	00040513          	mv	a0,s0
   129cc:	00400613          	li	a2,4
   129d0:	00000693          	li	a3,0
   129d4:	00000593          	li	a1,0
   129d8:	48d070ef          	jal	1a664 <__ucmpdi2>
   129dc:	00100793          	li	a5,1
   129e0:	00a7f463          	bgeu	a5,a0,129e8 <_zisk_float+0x2114>
   129e4:	46c0106f          	j	13e50 <_zisk_float+0x357c>
   129e8:	0000c717          	auipc	a4,0xc
   129ec:	75070713          	addi	a4,a4,1872 # 1f138 <softfloat_addM+0x354>
   129f0:	00241793          	slli	a5,s0,0x2
   129f4:	00e787b3          	add	a5,a5,a4
   129f8:	0007a783          	lw	a5,0(a5)
   129fc:	00e787b3          	add	a5,a5,a4
   12a00:	00078067          	jr	a5
   12a04:	00cb5713          	srli	a4,s6,0xc
   12a08:	0f877713          	andi	a4,a4,248
   12a0c:	002006b7          	lui	a3,0x200
   12a10:	00d704b3          	add	s1,a4,a3
   12a14:	0004a783          	lw	a5,0(s1)
   12a18:	7f8005b7          	lui	a1,0x7f800
   12a1c:	0044a803          	lw	a6,4(s1)
   12a20:	007b5693          	srli	a3,s6,0x7
   12a24:	014b5713          	srli	a4,s6,0x14
   12a28:	00b7f633          	and	a2,a5,a1
   12a2c:	01f6f413          	andi	s0,a3,31
   12a30:	01f77713          	andi	a4,a4,31
   12a34:	00b61463          	bne	a2,a1,12a3c <_zisk_float+0x2168>
   12a38:	3400306f          	j	15d78 <_zisk_float+0x54a4>
   12a3c:	002006b7          	lui	a3,0x200
   12a40:	09312623          	sw	s3,140(sp)
   12a44:	00371993          	slli	s3,a4,0x3
   12a48:	00d989b3          	add	s3,s3,a3
   12a4c:	0009a603          	lw	a2,0(s3)
   12a50:	7f8007b7          	lui	a5,0x7f800
   12a54:	0049a683          	lw	a3,4(s3)
   12a58:	00f67633          	and	a2,a2,a5
   12a5c:	00f61463          	bne	a2,a5,12a64 <_zisk_float+0x2190>
   12a60:	4200406f          	j	16e80 <_zisk_float+0x65ac>
   12a64:	0004a783          	lw	a5,0(s1)
   12a68:	7f800737          	lui	a4,0x7f800
   12a6c:	0044a803          	lw	a6,4(s1)
   12a70:	00341693          	slli	a3,s0,0x3
   12a74:	002005b7          	lui	a1,0x200
   12a78:	00e7f633          	and	a2,a5,a4
   12a7c:	00b68933          	add	s2,a3,a1
   12a80:	00e61463          	bne	a2,a4,12a88 <_zisk_float+0x21b4>
   12a84:	3a90406f          	j	1762c <_zisk_float+0x6d58>
   12a88:	0004a603          	lw	a2,0(s1)
   12a8c:	7f800737          	lui	a4,0x7f800
   12a90:	0044a683          	lw	a3,4(s1)
   12a94:	00e67633          	and	a2,a2,a4
   12a98:	00e61463          	bne	a2,a4,12aa0 <_zisk_float+0x21cc>
   12a9c:	2f10406f          	j	1758c <_zisk_float+0x6cb8>
   12aa0:	0004a603          	lw	a2,0(s1)
   12aa4:	7f800737          	lui	a4,0x7f800
   12aa8:	0044a683          	lw	a3,4(s1)
   12aac:	00e67633          	and	a2,a2,a4
   12ab0:	00e61463          	bne	a2,a4,12ab8 <_zisk_float+0x21e4>
   12ab4:	42d0406f          	j	176e0 <_zisk_float+0x6e0c>
   12ab8:	0004a603          	lw	a2,0(s1)
   12abc:	7f800737          	lui	a4,0x7f800
   12ac0:	0044a683          	lw	a3,4(s1)
   12ac4:	00e67633          	and	a2,a2,a4
   12ac8:	02e61e63          	bne	a2,a4,12b04 <_zisk_float+0x2230>
   12acc:	0004a603          	lw	a2,0(s1)
   12ad0:	0044a683          	lw	a3,4(s1)
   12ad4:	00961613          	slli	a2,a2,0x9
   12ad8:	02061663          	bnez	a2,12b04 <_zisk_float+0x2230>
   12adc:	0004a603          	lw	a2,0(s1)
   12ae0:	0044a683          	lw	a3,4(s1)
   12ae4:	00069463          	bnez	a3,12aec <_zisk_float+0x2218>
   12ae8:	00065e63          	bgez	a2,12b04 <_zisk_float+0x2230>
   12aec:	0009a603          	lw	a2,0(s3)
   12af0:	7f800737          	lui	a4,0x7f800
   12af4:	0049a683          	lw	a3,4(s3)
   12af8:	00e67633          	and	a2,a2,a4
   12afc:	00e61463          	bne	a2,a4,12b04 <_zisk_float+0x2230>
   12b00:	1c00706f          	j	19cc0 <_zisk_float+0x93ec>
   12b04:	00cb5793          	srli	a5,s6,0xc
   12b08:	0077f413          	andi	s0,a5,7
   12b0c:	00040513          	mv	a0,s0
   12b10:	00400613          	li	a2,4
   12b14:	00000693          	li	a3,0
   12b18:	00000593          	li	a1,0
   12b1c:	349070ef          	jal	1a664 <__ucmpdi2>
   12b20:	00100793          	li	a5,1
   12b24:	00a7f463          	bgeu	a5,a0,12b2c <_zisk_float+0x2258>
   12b28:	0300106f          	j	13b58 <_zisk_float+0x3284>
   12b2c:	0000c717          	auipc	a4,0xc
   12b30:	62070713          	addi	a4,a4,1568 # 1f14c <softfloat_addM+0x368>
   12b34:	00241793          	slli	a5,s0,0x2
   12b38:	00e787b3          	add	a5,a5,a4
   12b3c:	0007a783          	lw	a5,0(a5) # 7f800000 <_float_lib_entry+0x7f700000>
   12b40:	00e787b3          	add	a5,a5,a4
   12b44:	00078067          	jr	a5
   12b48:	00cb5713          	srli	a4,s6,0xc
   12b4c:	0f877713          	andi	a4,a4,248
   12b50:	002005b7          	lui	a1,0x200
   12b54:	00b704b3          	add	s1,a4,a1
   12b58:	0004a603          	lw	a2,0(s1)
   12b5c:	7f8007b7          	lui	a5,0x7f800
   12b60:	0044a683          	lw	a3,4(s1)
   12b64:	007b5413          	srli	s0,s6,0x7
   12b68:	014b5713          	srli	a4,s6,0x14
   12b6c:	00f67633          	and	a2,a2,a5
   12b70:	01f47413          	andi	s0,s0,31
   12b74:	01f77713          	andi	a4,a4,31
   12b78:	00f61463          	bne	a2,a5,12b80 <_zisk_float+0x22ac>
   12b7c:	4d40306f          	j	16050 <_zisk_float+0x577c>
   12b80:	0004a603          	lw	a2,0(s1)
   12b84:	7f8007b7          	lui	a5,0x7f800
   12b88:	0044a683          	lw	a3,4(s1)
   12b8c:	00f67633          	and	a2,a2,a5
   12b90:	00f61463          	bne	a2,a5,12b98 <_zisk_float+0x22c4>
   12b94:	71c0306f          	j	162b0 <_zisk_float+0x59dc>
   12b98:	0004a603          	lw	a2,0(s1)
   12b9c:	7f8007b7          	lui	a5,0x7f800
   12ba0:	0044a683          	lw	a3,4(s1)
   12ba4:	00f67633          	and	a2,a2,a5
   12ba8:	00f61463          	bne	a2,a5,12bb0 <_zisk_float+0x22dc>
   12bac:	1190306f          	j	164c4 <_zisk_float+0x5bf0>
   12bb0:	002006b7          	lui	a3,0x200
   12bb4:	09312623          	sw	s3,140(sp)
   12bb8:	00371993          	slli	s3,a4,0x3
   12bbc:	00d989b3          	add	s3,s3,a3
   12bc0:	0009a603          	lw	a2,0(s3)
   12bc4:	7f8007b7          	lui	a5,0x7f800
   12bc8:	0049a683          	lw	a3,4(s3)
   12bcc:	00f67633          	and	a2,a2,a5
   12bd0:	00f61463          	bne	a2,a5,12bd8 <_zisk_float+0x2304>
   12bd4:	2ec0406f          	j	16ec0 <_zisk_float+0x65ec>
   12bd8:	0004a783          	lw	a5,0(s1)
   12bdc:	7f800737          	lui	a4,0x7f800
   12be0:	0044a803          	lw	a6,4(s1)
   12be4:	00341413          	slli	s0,s0,0x3
   12be8:	002006b7          	lui	a3,0x200
   12bec:	00e7f633          	and	a2,a5,a4
   12bf0:	00d40933          	add	s2,s0,a3
   12bf4:	02061863          	bnez	a2,12c24 <_zisk_float+0x2350>
   12bf8:	0004a783          	lw	a5,0(s1)
   12bfc:	008006b7          	lui	a3,0x800
   12c00:	fff68693          	addi	a3,a3,-1 # 7fffff <_float_lib_entry+0x6fffff>
   12c04:	0044a803          	lw	a6,4(s1)
   12c08:	00d7f633          	and	a2,a5,a3
   12c0c:	00061c63          	bnez	a2,12c24 <_zisk_float+0x2350>
   12c10:	0009a503          	lw	a0,0(s3)
   12c14:	0049a583          	lw	a1,4(s3)
   12c18:	00e57533          	and	a0,a0,a4
   12c1c:	00e51463          	bne	a0,a4,12c24 <_zisk_float+0x2350>
   12c20:	6810606f          	j	19aa0 <_zisk_float+0x91cc>
   12c24:	0004a603          	lw	a2,0(s1)
   12c28:	7f800737          	lui	a4,0x7f800
   12c2c:	0044a683          	lw	a3,4(s1)
   12c30:	00e67633          	and	a2,a2,a4
   12c34:	04e61063          	bne	a2,a4,12c74 <_zisk_float+0x23a0>
   12c38:	0004a503          	lw	a0,0(s1)
   12c3c:	00800737          	lui	a4,0x800
   12c40:	fff70713          	addi	a4,a4,-1 # 7fffff <_float_lib_entry+0x6fffff>
   12c44:	0044a583          	lw	a1,4(s1)
   12c48:	00e57533          	and	a0,a0,a4
   12c4c:	02051463          	bnez	a0,12c74 <_zisk_float+0x23a0>
   12c50:	0009a503          	lw	a0,0(s3)
   12c54:	0049a583          	lw	a1,4(s3)
   12c58:	00c57533          	and	a0,a0,a2
   12c5c:	00051c63          	bnez	a0,12c74 <_zisk_float+0x23a0>
   12c60:	0009a603          	lw	a2,0(s3)
   12c64:	0049a683          	lw	a3,4(s3)
   12c68:	00e67633          	and	a2,a2,a4
   12c6c:	00061463          	bnez	a2,12c74 <_zisk_float+0x23a0>
   12c70:	2240706f          	j	19e94 <_zisk_float+0x95c0>
   12c74:	00cb5793          	srli	a5,s6,0xc
   12c78:	0077f413          	andi	s0,a5,7
   12c7c:	00040513          	mv	a0,s0
   12c80:	00400613          	li	a2,4
   12c84:	00000693          	li	a3,0
   12c88:	00000593          	li	a1,0
   12c8c:	1d9070ef          	jal	1a664 <__ucmpdi2>
   12c90:	00100793          	li	a5,1
   12c94:	00a7f463          	bgeu	a5,a0,12c9c <_zisk_float+0x23c8>
   12c98:	0640106f          	j	13cfc <_zisk_float+0x3428>
   12c9c:	0000c717          	auipc	a4,0xc
   12ca0:	4c470713          	addi	a4,a4,1220 # 1f160 <softfloat_addM+0x37c>
   12ca4:	00241793          	slli	a5,s0,0x2
   12ca8:	00e787b3          	add	a5,a5,a4
   12cac:	0007a783          	lw	a5,0(a5) # 7f800000 <_float_lib_entry+0x7f700000>
   12cb0:	00e787b3          	add	a5,a5,a4
   12cb4:	00078067          	jr	a5
   12cb8:	00cb5413          	srli	s0,s6,0xc
   12cbc:	00200737          	lui	a4,0x200
   12cc0:	0f847413          	andi	s0,s0,248
   12cc4:	00e40433          	add	s0,s0,a4
   12cc8:	00042503          	lw	a0,0(s0)
   12ccc:	00442583          	lw	a1,4(s0)
   12cd0:	7ff00637          	lui	a2,0x7ff00
   12cd4:	007b5693          	srli	a3,s6,0x7
   12cd8:	014b5713          	srli	a4,s6,0x14
   12cdc:	00c5f5b3          	and	a1,a1,a2
   12ce0:	01f6f493          	andi	s1,a3,31
   12ce4:	01f77713          	andi	a4,a4,31
   12ce8:	00c59463          	bne	a1,a2,12cf0 <_zisk_float+0x241c>
   12cec:	2dc0306f          	j	15fc8 <_zisk_float+0x56f4>
   12cf0:	002006b7          	lui	a3,0x200
   12cf4:	09312623          	sw	s3,140(sp)
   12cf8:	00371993          	slli	s3,a4,0x3
   12cfc:	00d989b3          	add	s3,s3,a3
   12d00:	0009a503          	lw	a0,0(s3)
   12d04:	0049a583          	lw	a1,4(s3)
   12d08:	7ff006b7          	lui	a3,0x7ff00
   12d0c:	00d5f633          	and	a2,a1,a3
   12d10:	00d61463          	bne	a2,a3,12d18 <_zisk_float+0x2444>
   12d14:	1240406f          	j	16e38 <_zisk_float+0x6564>
   12d18:	00042783          	lw	a5,0(s0)
   12d1c:	00442803          	lw	a6,4(s0)
   12d20:	7ff00737          	lui	a4,0x7ff00
   12d24:	00349493          	slli	s1,s1,0x3
   12d28:	00200637          	lui	a2,0x200
   12d2c:	00e876b3          	and	a3,a6,a4
   12d30:	00c484b3          	add	s1,s1,a2
   12d34:	00e69463          	bne	a3,a4,12d3c <_zisk_float+0x2468>
   12d38:	3b10406f          	j	178e8 <_zisk_float+0x7014>
   12d3c:	00042603          	lw	a2,0(s0)
   12d40:	00442683          	lw	a3,4(s0)
   12d44:	7ff00737          	lui	a4,0x7ff00
   12d48:	00e6f6b3          	and	a3,a3,a4
   12d4c:	00e69463          	bne	a3,a4,12d54 <_zisk_float+0x2480>
   12d50:	7980406f          	j	174e8 <_zisk_float+0x6c14>
   12d54:	00042603          	lw	a2,0(s0)
   12d58:	00442683          	lw	a3,4(s0)
   12d5c:	7ff00737          	lui	a4,0x7ff00
   12d60:	00e6f6b3          	and	a3,a3,a4
   12d64:	00e69463          	bne	a3,a4,12d6c <_zisk_float+0x2498>
   12d68:	6dc0406f          	j	17444 <_zisk_float+0x6b70>
   12d6c:	00042603          	lw	a2,0(s0)
   12d70:	00442683          	lw	a3,4(s0)
   12d74:	7ff00737          	lui	a4,0x7ff00
   12d78:	00e6f6b3          	and	a3,a3,a4
   12d7c:	00e69463          	bne	a3,a4,12d84 <_zisk_float+0x24b0>
   12d80:	3e90406f          	j	17968 <_zisk_float+0x7094>
   12d84:	00042603          	lw	a2,0(s0)
   12d88:	00442683          	lw	a3,4(s0)
   12d8c:	0146d713          	srli	a4,a3,0x14
   12d90:	7ff77713          	andi	a4,a4,2047
   12d94:	06071263          	bnez	a4,12df8 <_zisk_float+0x2524>
   12d98:	00042783          	lw	a5,0(s0)
   12d9c:	00442803          	lw	a6,4(s0)
   12da0:	00100737          	lui	a4,0x100
   12da4:	fff70713          	addi	a4,a4,-1 # fffff <softfloat_roundingMode+0xe0b87>
   12da8:	00e876b3          	and	a3,a6,a4
   12dac:	00f6e6b3          	or	a3,a3,a5
   12db0:	04069463          	bnez	a3,12df8 <_zisk_float+0x2524>
   12db4:	00042603          	lw	a2,0(s0)
   12db8:	00442683          	lw	a3,4(s0)
   12dbc:	0206ce63          	bltz	a3,12df8 <_zisk_float+0x2524>
   12dc0:	0009a603          	lw	a2,0(s3)
   12dc4:	0049a683          	lw	a3,4(s3)
   12dc8:	0146d613          	srli	a2,a3,0x14
   12dcc:	7ff67613          	andi	a2,a2,2047
   12dd0:	02061463          	bnez	a2,12df8 <_zisk_float+0x2524>
   12dd4:	0009a603          	lw	a2,0(s3)
   12dd8:	0049a683          	lw	a3,4(s3)
   12ddc:	00e6f733          	and	a4,a3,a4
   12de0:	00c76733          	or	a4,a4,a2
   12de4:	00071a63          	bnez	a4,12df8 <_zisk_float+0x2524>
   12de8:	0009a603          	lw	a2,0(s3)
   12dec:	0049a683          	lw	a3,4(s3)
   12df0:	0006d463          	bgez	a3,12df8 <_zisk_float+0x2524>
   12df4:	2400706f          	j	1a034 <_zisk_float+0x9760>
   12df8:	00042603          	lw	a2,0(s0)
   12dfc:	00442683          	lw	a3,4(s0)
   12e00:	0146d713          	srli	a4,a3,0x14
   12e04:	7ff77713          	andi	a4,a4,2047
   12e08:	00070463          	beqz	a4,12e10 <_zisk_float+0x253c>
   12e0c:	4410206f          	j	15a4c <_zisk_float+0x5178>
   12e10:	00042603          	lw	a2,0(s0)
   12e14:	00442683          	lw	a3,4(s0)
   12e18:	00c69713          	slli	a4,a3,0xc
   12e1c:	00c75713          	srli	a4,a4,0xc
   12e20:	00c76733          	or	a4,a4,a2
   12e24:	00070463          	beqz	a4,12e2c <_zisk_float+0x2558>
   12e28:	4250206f          	j	15a4c <_zisk_float+0x5178>
   12e2c:	0009a703          	lw	a4,0(s3)
   12e30:	0049a783          	lw	a5,4(s3)
   12e34:	00e4a023          	sw	a4,0(s1)
   12e38:	00f4a223          	sw	a5,4(s1)
   12e3c:	09812403          	lw	s0,152(sp)
   12e40:	09412483          	lw	s1,148(sp)
   12e44:	09012903          	lw	s2,144(sp)
   12e48:	08c12983          	lw	s3,140(sp)
   12e4c:	00000313          	li	t1,0
   12e50:	b49fd06f          	j	10998 <_zisk_float+0xc4>
   12e54:	00cb5493          	srli	s1,s6,0xc
   12e58:	00200737          	lui	a4,0x200
   12e5c:	0f84f493          	andi	s1,s1,248
   12e60:	00e484b3          	add	s1,s1,a4
   12e64:	0004a783          	lw	a5,0(s1)
   12e68:	7f8005b7          	lui	a1,0x7f800
   12e6c:	0044a803          	lw	a6,4(s1)
   12e70:	007b5693          	srli	a3,s6,0x7
   12e74:	014b5713          	srli	a4,s6,0x14
   12e78:	00b7f633          	and	a2,a5,a1
   12e7c:	01f6f413          	andi	s0,a3,31
   12e80:	01f77713          	andi	a4,a4,31
   12e84:	00b61463          	bne	a2,a1,12e8c <_zisk_float+0x25b8>
   12e88:	0980306f          	j	15f20 <_zisk_float+0x564c>
   12e8c:	002006b7          	lui	a3,0x200
   12e90:	09312623          	sw	s3,140(sp)
   12e94:	00371993          	slli	s3,a4,0x3
   12e98:	00d989b3          	add	s3,s3,a3
   12e9c:	0009a603          	lw	a2,0(s3)
   12ea0:	7f8007b7          	lui	a5,0x7f800
   12ea4:	0049a683          	lw	a3,4(s3)
   12ea8:	00f67633          	and	a2,a2,a5
   12eac:	00f61463          	bne	a2,a5,12eb4 <_zisk_float+0x25e0>
   12eb0:	76d0306f          	j	16e1c <_zisk_float+0x6548>
   12eb4:	0004a783          	lw	a5,0(s1)
   12eb8:	7f800737          	lui	a4,0x7f800
   12ebc:	0044a803          	lw	a6,4(s1)
   12ec0:	00341693          	slli	a3,s0,0x3
   12ec4:	002005b7          	lui	a1,0x200
   12ec8:	00e7f633          	and	a2,a5,a4
   12ecc:	00b68933          	add	s2,a3,a1
   12ed0:	00e61463          	bne	a2,a4,12ed8 <_zisk_float+0x2604>
   12ed4:	1710406f          	j	17844 <_zisk_float+0x6f70>
   12ed8:	0004a603          	lw	a2,0(s1)
   12edc:	7f800737          	lui	a4,0x7f800
   12ee0:	0044a683          	lw	a3,4(s1)
   12ee4:	00e67633          	and	a2,a2,a4
   12ee8:	00e61463          	bne	a2,a4,12ef0 <_zisk_float+0x261c>
   12eec:	4050406f          	j	17af0 <_zisk_float+0x721c>
   12ef0:	0004a603          	lw	a2,0(s1)
   12ef4:	7f800737          	lui	a4,0x7f800
   12ef8:	0044a683          	lw	a3,4(s1)
   12efc:	00e67633          	and	a2,a2,a4
   12f00:	00e61463          	bne	a2,a4,12f08 <_zisk_float+0x2634>
   12f04:	3490406f          	j	17a4c <_zisk_float+0x7178>
   12f08:	0004a603          	lw	a2,0(s1)
   12f0c:	7f800737          	lui	a4,0x7f800
   12f10:	0044a683          	lw	a3,4(s1)
   12f14:	00e67633          	and	a2,a2,a4
   12f18:	02e61e63          	bne	a2,a4,12f54 <_zisk_float+0x2680>
   12f1c:	0004a603          	lw	a2,0(s1)
   12f20:	0044a683          	lw	a3,4(s1)
   12f24:	00961613          	slli	a2,a2,0x9
   12f28:	02061663          	bnez	a2,12f54 <_zisk_float+0x2680>
   12f2c:	0004a603          	lw	a2,0(s1)
   12f30:	0044a683          	lw	a3,4(s1)
   12f34:	00069463          	bnez	a3,12f3c <_zisk_float+0x2668>
   12f38:	00065e63          	bgez	a2,12f54 <_zisk_float+0x2680>
   12f3c:	0009a603          	lw	a2,0(s3)
   12f40:	7f800737          	lui	a4,0x7f800
   12f44:	0049a683          	lw	a3,4(s3)
   12f48:	00e67633          	and	a2,a2,a4
   12f4c:	00e61463          	bne	a2,a4,12f54 <_zisk_float+0x2680>
   12f50:	6c50606f          	j	19e14 <_zisk_float+0x9540>
   12f54:	00cb5793          	srli	a5,s6,0xc
   12f58:	0077f413          	andi	s0,a5,7
   12f5c:	00040513          	mv	a0,s0
   12f60:	00400613          	li	a2,4
   12f64:	00000693          	li	a3,0
   12f68:	00000593          	li	a1,0
   12f6c:	6f8070ef          	jal	1a664 <__ucmpdi2>
   12f70:	00100793          	li	a5,1
   12f74:	38a7e2e3          	bltu	a5,a0,13af8 <_zisk_float+0x3224>
   12f78:	0000c717          	auipc	a4,0xc
   12f7c:	1fc70713          	addi	a4,a4,508 # 1f174 <softfloat_addM+0x390>
   12f80:	00241793          	slli	a5,s0,0x2
   12f84:	00e787b3          	add	a5,a5,a4
   12f88:	0007a783          	lw	a5,0(a5) # 7f800000 <_float_lib_entry+0x7f700000>
   12f8c:	00e787b3          	add	a5,a5,a4
   12f90:	00078067          	jr	a5
   12f94:	00cb5713          	srli	a4,s6,0xc
   12f98:	00777713          	andi	a4,a4,7
   12f9c:	00071463          	bnez	a4,12fa4 <_zisk_float+0x26d0>
   12fa0:	0150206f          	j	157b4 <_zisk_float+0x4ee0>
   12fa4:	00100693          	li	a3,1
   12fa8:	00d70463          	beq	a4,a3,12fb0 <_zisk_float+0x26dc>
   12fac:	a8dfd06f          	j	10a38 <_zisk_float+0x164>
   12fb0:	014b5713          	srli	a4,s6,0x14
   12fb4:	01f77713          	andi	a4,a4,31
   12fb8:	00070463          	beqz	a4,12fc0 <_zisk_float+0x26ec>
   12fbc:	a7dfd06f          	j	10a38 <_zisk_float+0x164>
   12fc0:	007b5713          	srli	a4,s6,0x7
   12fc4:	01f77713          	andi	a4,a4,31
   12fc8:	00071463          	bnez	a4,12fd0 <_zisk_float+0x26fc>
   12fcc:	9bdfd06f          	j	10988 <_zisk_float+0xb4>
   12fd0:	00cb5793          	srli	a5,s6,0xc
   12fd4:	0f87f793          	andi	a5,a5,248
   12fd8:	002006b7          	lui	a3,0x200
   12fdc:	00d787b3          	add	a5,a5,a3
   12fe0:	0007a503          	lw	a0,0(a5)
   12fe4:	0047a583          	lw	a1,4(a5)
   12fe8:	00051463          	bnez	a0,12ff0 <_zisk_float+0x271c>
   12fec:	7690606f          	j	19f54 <_zisk_float+0x9680>
   12ff0:	0007a503          	lw	a0,0(a5)
   12ff4:	0047a583          	lw	a1,4(a5)
   12ff8:	00051463          	bnez	a0,13000 <_zisk_float+0x272c>
   12ffc:	05c0706f          	j	1a058 <_zisk_float+0x9784>
   13000:	0007a503          	lw	a0,0(a5)
   13004:	0047a583          	lw	a1,4(a5)
   13008:	00051463          	bnez	a0,13010 <_zisk_float+0x273c>
   1300c:	03c0706f          	j	1a048 <_zisk_float+0x9774>
   13010:	0007a603          	lw	a2,0(a5)
   13014:	0047a683          	lw	a3,4(a5)
   13018:	00d66633          	or	a2,a2,a3
   1301c:	00061463          	bnez	a2,13024 <_zisk_float+0x2750>
   13020:	11d0606f          	j	1993c <_zisk_float+0x9068>
   13024:	0007a503          	lw	a0,0(a5)
   13028:	0047a583          	lw	a1,4(a5)
   1302c:	7ff006b7          	lui	a3,0x7ff00
   13030:	00d5f633          	and	a2,a1,a3
   13034:	00d61463          	bne	a2,a3,1303c <_zisk_float+0x2768>
   13038:	4a80706f          	j	1a4e0 <_zisk_float+0x9c0c>
   1303c:	0007a503          	lw	a0,0(a5)
   13040:	0047a583          	lw	a1,4(a5)
   13044:	7ff006b7          	lui	a3,0x7ff00
   13048:	00d5f633          	and	a2,a1,a3
   1304c:	00d61463          	bne	a2,a3,13054 <_zisk_float+0x2780>
   13050:	5800706f          	j	1a5d0 <_zisk_float+0x9cfc>
   13054:	0007a603          	lw	a2,0(a5)
   13058:	0047a683          	lw	a3,4(a5)
   1305c:	0146d613          	srli	a2,a3,0x14
   13060:	7ff67613          	andi	a2,a2,2047
   13064:	00060463          	beqz	a2,1306c <_zisk_float+0x2798>
   13068:	1100706f          	j	1a178 <_zisk_float+0x98a4>
   1306c:	0007a583          	lw	a1,0(a5)
   13070:	0047a603          	lw	a2,4(a5)
   13074:	00c61693          	slli	a3,a2,0xc
   13078:	00c6d693          	srli	a3,a3,0xc
   1307c:	00b6e6b3          	or	a3,a3,a1
   13080:	00069463          	bnez	a3,13088 <_zisk_float+0x27b4>
   13084:	0f40706f          	j	1a178 <_zisk_float+0x98a4>
   13088:	0007a503          	lw	a0,0(a5)
   1308c:	0047a583          	lw	a1,4(a5)
   13090:	002006b7          	lui	a3,0x200
   13094:	00371793          	slli	a5,a4,0x3
   13098:	11868713          	addi	a4,a3,280 # 200118 <_float_lib_entry+0x100118>
   1309c:	00e787b3          	add	a5,a5,a4
   130a0:	0005d463          	bgez	a1,130a8 <_zisk_float+0x27d4>
   130a4:	2b90606f          	j	19b5c <_zisk_float+0x9288>
   130a8:	02000613          	li	a2,32
   130ac:	00000693          	li	a3,0
   130b0:	818ff06f          	j	120c8 <_zisk_float+0x17f4>
   130b4:	00cb5713          	srli	a4,s6,0xc
   130b8:	00777713          	andi	a4,a4,7
   130bc:	00071463          	bnez	a4,130c4 <_zisk_float+0x27f0>
   130c0:	6f40206f          	j	157b4 <_zisk_float+0x4ee0>
   130c4:	00100693          	li	a3,1
   130c8:	00d70463          	beq	a4,a3,130d0 <_zisk_float+0x27fc>
   130cc:	96dfd06f          	j	10a38 <_zisk_float+0x164>
   130d0:	014b5713          	srli	a4,s6,0x14
   130d4:	01f77713          	andi	a4,a4,31
   130d8:	00070463          	beqz	a4,130e0 <_zisk_float+0x280c>
   130dc:	95dfd06f          	j	10a38 <_zisk_float+0x164>
   130e0:	007b5713          	srli	a4,s6,0x7
   130e4:	01f77713          	andi	a4,a4,31
   130e8:	00071463          	bnez	a4,130f0 <_zisk_float+0x281c>
   130ec:	89dfd06f          	j	10988 <_zisk_float+0xb4>
   130f0:	00cb5793          	srli	a5,s6,0xc
   130f4:	002006b7          	lui	a3,0x200
   130f8:	0f87f793          	andi	a5,a5,248
   130fc:	00d787b3          	add	a5,a5,a3
   13100:	0007a603          	lw	a2,0(a5)
   13104:	7f8005b7          	lui	a1,0x7f800
   13108:	0047a683          	lw	a3,4(a5)
   1310c:	00b67633          	and	a2,a2,a1
   13110:	00b61463          	bne	a2,a1,13118 <_zisk_float+0x2844>
   13114:	53d0606f          	j	19e50 <_zisk_float+0x957c>
   13118:	0007a603          	lw	a2,0(a5)
   1311c:	7f8005b7          	lui	a1,0x7f800
   13120:	0047a683          	lw	a3,4(a5)
   13124:	00b67633          	and	a2,a2,a1
   13128:	00b61463          	bne	a2,a1,13130 <_zisk_float+0x285c>
   1312c:	4a10606f          	j	19dcc <_zisk_float+0x94f8>
   13130:	0007a583          	lw	a1,0(a5)
   13134:	0047a603          	lw	a2,4(a5)
   13138:	7f8006b7          	lui	a3,0x7f800
   1313c:	00d5f633          	and	a2,a1,a3
   13140:	00060463          	beqz	a2,13148 <_zisk_float+0x2874>
   13144:	7c40606f          	j	19908 <_zisk_float+0x9034>
   13148:	0007a603          	lw	a2,0(a5)
   1314c:	0047a683          	lw	a3,4(a5)
   13150:	00961613          	slli	a2,a2,0x9
   13154:	00060463          	beqz	a2,1315c <_zisk_float+0x2888>
   13158:	7b00606f          	j	19908 <_zisk_float+0x9034>
   1315c:	0007a603          	lw	a2,0(a5)
   13160:	0047a683          	lw	a3,4(a5)
   13164:	00069663          	bnez	a3,13170 <_zisk_float+0x289c>
   13168:	00064463          	bltz	a2,13170 <_zisk_float+0x289c>
   1316c:	79c0606f          	j	19908 <_zisk_float+0x9034>
   13170:	002006b7          	lui	a3,0x200
   13174:	00371793          	slli	a5,a4,0x3
   13178:	11868713          	addi	a4,a3,280 # 200118 <_float_lib_entry+0x100118>
   1317c:	00e787b3          	add	a5,a5,a4
   13180:	00800613          	li	a2,8
   13184:	00000693          	li	a3,0
   13188:	f41fe06f          	j	120c8 <_zisk_float+0x17f4>
   1318c:	014b5713          	srli	a4,s6,0x14
   13190:	01f77713          	andi	a4,a4,31
   13194:	00200693          	li	a3,2
   13198:	00d71463          	bne	a4,a3,131a0 <_zisk_float+0x28cc>
   1319c:	1040506f          	j	182a0 <_zisk_float+0x79cc>
   131a0:	00e6f463          	bgeu	a3,a4,131a8 <_zisk_float+0x28d4>
   131a4:	2a50306f          	j	16c48 <_zisk_float+0x6374>
   131a8:	00071463          	bnez	a4,131b0 <_zisk_float+0x28dc>
   131ac:	5990406f          	j	17f44 <_zisk_float+0x7670>
   131b0:	00cb5613          	srli	a2,s6,0xc
   131b4:	007b5413          	srli	s0,s6,0x7
   131b8:	00fb5493          	srli	s1,s6,0xf
   131bc:	00767613          	andi	a2,a2,7
   131c0:	00700793          	li	a5,7
   131c4:	01f47413          	andi	s0,s0,31
   131c8:	01f4f493          	andi	s1,s1,31
   131cc:	00f61863          	bne	a2,a5,131dc <_zisk_float+0x2908>
   131d0:	0000c617          	auipc	a2,0xc
   131d4:	2a862603          	lw	a2,680(a2) # 1f478 <softfloat_roundingMode>
   131d8:	00f67633          	and	a2,a2,a5
   131dc:	002007b7          	lui	a5,0x200
   131e0:	00349493          	slli	s1,s1,0x3
   131e4:	00f484b3          	add	s1,s1,a5
   131e8:	0004a503          	lw	a0,0(s1)
   131ec:	0044a583          	lw	a1,4(s1)
   131f0:	00100693          	li	a3,1
   131f4:	351080ef          	jal	1bd44 <f64_to_ui32>
   131f8:	00200737          	lui	a4,0x200
   131fc:	0000c597          	auipc	a1,0xc
   13200:	2785a583          	lw	a1,632(a1) # 1f474 <softfloat_exceptionFlags>
   13204:	11870713          	addi	a4,a4,280 # 200118 <_float_lib_entry+0x100118>
   13208:	00341793          	slli	a5,s0,0x3
   1320c:	00e787b3          	add	a5,a5,a4
   13210:	00000693          	li	a3,0
   13214:	00a7a023          	sw	a0,0(a5) # 200000 <_float_lib_entry+0x100000>
   13218:	00d7a223          	sw	a3,4(a5)
   1321c:	0105f713          	andi	a4,a1,16
   13220:	00071463          	bnez	a4,13228 <_zisk_float+0x2954>
   13224:	1c80606f          	j	193ec <_zisk_float+0x8b18>
   13228:	0004a603          	lw	a2,0(s1)
   1322c:	0044a683          	lw	a3,4(s1)
   13230:	7ff00737          	lui	a4,0x7ff00
   13234:	00e6f6b3          	and	a3,a3,a4
   13238:	00e69463          	bne	a3,a4,13240 <_zisk_float+0x296c>
   1323c:	4c50606f          	j	19f00 <_zisk_float+0x962c>
   13240:	0004a603          	lw	a2,0(s1)
   13244:	0044a683          	lw	a3,4(s1)
   13248:	0006d463          	bgez	a3,13250 <_zisk_float+0x297c>
   1324c:	52d0606f          	j	19f78 <_zisk_float+0x96a4>
   13250:	fff00613          	li	a2,-1
   13254:	fff00693          	li	a3,-1
   13258:	00c7a023          	sw	a2,0(a5)
   1325c:	00d7a223          	sw	a3,4(a5)
   13260:	09812403          	lw	s0,152(sp)
   13264:	09412483          	lw	s1,148(sp)
   13268:	09012903          	lw	s2,144(sp)
   1326c:	01f5f313          	andi	t1,a1,31
   13270:	f28fd06f          	j	10998 <_zisk_float+0xc4>
   13274:	014b5713          	srli	a4,s6,0x14
   13278:	01f77713          	andi	a4,a4,31
   1327c:	00200693          	li	a3,2
   13280:	00d71463          	bne	a4,a3,13288 <_zisk_float+0x29b4>
   13284:	3ed0406f          	j	17e70 <_zisk_float+0x759c>
   13288:	00e6f463          	bgeu	a3,a4,13290 <_zisk_float+0x29bc>
   1328c:	7800306f          	j	16a0c <_zisk_float+0x6138>
   13290:	00071463          	bnez	a4,13298 <_zisk_float+0x29c4>
   13294:	30d0406f          	j	17da0 <_zisk_float+0x74cc>
   13298:	00cb5593          	srli	a1,s6,0xc
   1329c:	007b5413          	srli	s0,s6,0x7
   132a0:	00fb5493          	srli	s1,s6,0xf
   132a4:	0075f593          	andi	a1,a1,7
   132a8:	00700793          	li	a5,7
   132ac:	01f47413          	andi	s0,s0,31
   132b0:	01f4f493          	andi	s1,s1,31
   132b4:	00f59863          	bne	a1,a5,132c4 <_zisk_float+0x29f0>
   132b8:	0000c597          	auipc	a1,0xc
   132bc:	1c05a583          	lw	a1,448(a1) # 1f478 <softfloat_roundingMode>
   132c0:	00f5f5b3          	and	a1,a1,a5
   132c4:	002007b7          	lui	a5,0x200
   132c8:	00349493          	slli	s1,s1,0x3
   132cc:	00f484b3          	add	s1,s1,a5
   132d0:	0004a703          	lw	a4,0(s1)
   132d4:	0044a783          	lw	a5,4(s1)
   132d8:	00100613          	li	a2,1
   132dc:	00070513          	mv	a0,a4
   132e0:	481070ef          	jal	1af60 <f32_to_ui32>
   132e4:	00200737          	lui	a4,0x200
   132e8:	0000c597          	auipc	a1,0xc
   132ec:	18c5a583          	lw	a1,396(a1) # 1f474 <softfloat_exceptionFlags>
   132f0:	11870713          	addi	a4,a4,280 # 200118 <_float_lib_entry+0x100118>
   132f4:	00341793          	slli	a5,s0,0x3
   132f8:	00e787b3          	add	a5,a5,a4
   132fc:	00000693          	li	a3,0
   13300:	00a7a023          	sw	a0,0(a5) # 200000 <_float_lib_entry+0x100000>
   13304:	00d7a223          	sw	a3,4(a5)
   13308:	0105f713          	andi	a4,a1,16
   1330c:	00071463          	bnez	a4,13314 <_zisk_float+0x2a40>
   13310:	0000606f          	j	19310 <_zisk_float+0x8a3c>
   13314:	0004a603          	lw	a2,0(s1)
   13318:	7f800737          	lui	a4,0x7f800
   1331c:	0044a683          	lw	a3,4(s1)
   13320:	00e67633          	and	a2,a2,a4
   13324:	00e61463          	bne	a2,a4,1332c <_zisk_float+0x2a58>
   13328:	4dc0606f          	j	19804 <_zisk_float+0x8f30>
   1332c:	0004a603          	lw	a2,0(s1)
   13330:	0044a683          	lw	a3,4(s1)
   13334:	00069663          	bnez	a3,13340 <_zisk_float+0x2a6c>
   13338:	00064463          	bltz	a2,13340 <_zisk_float+0x2a6c>
   1333c:	4dc0606f          	j	19818 <_zisk_float+0x8f44>
   13340:	00000693          	li	a3,0
   13344:	00000713          	li	a4,0
   13348:	00d7a023          	sw	a3,0(a5)
   1334c:	00e7a223          	sw	a4,4(a5)
   13350:	09812403          	lw	s0,152(sp)
   13354:	09412483          	lw	s1,148(sp)
   13358:	09012903          	lw	s2,144(sp)
   1335c:	01f5f313          	andi	t1,a1,31
   13360:	e38fd06f          	j	10998 <_zisk_float+0xc4>
   13364:	00cb5713          	srli	a4,s6,0xc
   13368:	00777713          	andi	a4,a4,7
   1336c:	00100693          	li	a3,1
   13370:	00d71463          	bne	a4,a3,13378 <_zisk_float+0x2aa4>
   13374:	6250306f          	j	17198 <_zisk_float+0x68c4>
   13378:	00200693          	li	a3,2
   1337c:	00d71463          	bne	a4,a3,13384 <_zisk_float+0x2ab0>
   13380:	5ad0306f          	j	1712c <_zisk_float+0x6858>
   13384:	00070463          	beqz	a4,1338c <_zisk_float+0x2ab8>
   13388:	eb0fd06f          	j	10a38 <_zisk_float+0x164>
   1338c:	00cb5693          	srli	a3,s6,0xc
   13390:	011b5713          	srli	a4,s6,0x11
   13394:	00200637          	lui	a2,0x200
   13398:	0f86f693          	andi	a3,a3,248
   1339c:	0f877713          	andi	a4,a4,248
   133a0:	00c686b3          	add	a3,a3,a2
   133a4:	00c70733          	add	a4,a4,a2
   133a8:	0006a503          	lw	a0,0(a3)
   133ac:	0046a583          	lw	a1,4(a3)
   133b0:	00072603          	lw	a2,0(a4) # 7f800000 <_float_lib_entry+0x7f700000>
   133b4:	00472683          	lw	a3,4(a4)
   133b8:	10c080ef          	jal	1b4c4 <f64_le>
   133bc:	004b5793          	srli	a5,s6,0x4
   133c0:	00200737          	lui	a4,0x200
   133c4:	0000c597          	auipc	a1,0xc
   133c8:	0b05a583          	lw	a1,176(a1) # 1f474 <softfloat_exceptionFlags>
   133cc:	0f87f793          	andi	a5,a5,248
   133d0:	11870713          	addi	a4,a4,280 # 200118 <_float_lib_entry+0x100118>
   133d4:	00e787b3          	add	a5,a5,a4
   133d8:	00000693          	li	a3,0
   133dc:	00a7a023          	sw	a0,0(a5)
   133e0:	09812403          	lw	s0,152(sp)
   133e4:	09412483          	lw	s1,148(sp)
   133e8:	09012903          	lw	s2,144(sp)
   133ec:	00d7a223          	sw	a3,4(a5)
   133f0:	01f5f313          	andi	t1,a1,31
   133f4:	da4fd06f          	j	10998 <_zisk_float+0xc4>
   133f8:	00cb5713          	srli	a4,s6,0xc
   133fc:	00777713          	andi	a4,a4,7
   13400:	00100693          	li	a3,1
   13404:	00d71463          	bne	a4,a3,1340c <_zisk_float+0x2b38>
   13408:	7cd0306f          	j	173d4 <_zisk_float+0x6b00>
   1340c:	00200693          	li	a3,2
   13410:	00d71463          	bne	a4,a3,13418 <_zisk_float+0x2b44>
   13414:	7510306f          	j	17364 <_zisk_float+0x6a90>
   13418:	00070463          	beqz	a4,13420 <_zisk_float+0x2b4c>
   1341c:	e1cfd06f          	j	10a38 <_zisk_float+0x164>
   13420:	00cb5693          	srli	a3,s6,0xc
   13424:	011b5713          	srli	a4,s6,0x11
   13428:	00200637          	lui	a2,0x200
   1342c:	0f86f693          	andi	a3,a3,248
   13430:	0f877713          	andi	a4,a4,248
   13434:	00c686b3          	add	a3,a3,a2
   13438:	00c70733          	add	a4,a4,a2
   1343c:	0006a503          	lw	a0,0(a3)
   13440:	0046a583          	lw	a1,4(a3)
   13444:	00072603          	lw	a2,0(a4)
   13448:	00472683          	lw	a3,4(a4)
   1344c:	00060593          	mv	a1,a2
   13450:	504070ef          	jal	1a954 <f32_le>
   13454:	004b5793          	srli	a5,s6,0x4
   13458:	00200737          	lui	a4,0x200
   1345c:	0000c597          	auipc	a1,0xc
   13460:	0185a583          	lw	a1,24(a1) # 1f474 <softfloat_exceptionFlags>
   13464:	0f87f793          	andi	a5,a5,248
   13468:	11870713          	addi	a4,a4,280 # 200118 <_float_lib_entry+0x100118>
   1346c:	00e787b3          	add	a5,a5,a4
   13470:	00000693          	li	a3,0
   13474:	00a7a023          	sw	a0,0(a5)
   13478:	09812403          	lw	s0,152(sp)
   1347c:	09412483          	lw	s1,148(sp)
   13480:	09012903          	lw	s2,144(sp)
   13484:	00d7a223          	sw	a3,4(a5)
   13488:	01f5f313          	andi	t1,a1,31
   1348c:	d0cfd06f          	j	10998 <_zisk_float+0xc4>
   13490:	00cb5713          	srli	a4,s6,0xc
   13494:	00777713          	andi	a4,a4,7
   13498:	00071463          	bnez	a4,134a0 <_zisk_float+0x2bcc>
   1349c:	7e80206f          	j	15c84 <_zisk_float+0x53b0>
   134a0:	00100693          	li	a3,1
   134a4:	00d70463          	beq	a4,a3,134ac <_zisk_float+0x2bd8>
   134a8:	d90fd06f          	j	10a38 <_zisk_float+0x164>
   134ac:	00cb5713          	srli	a4,s6,0xc
   134b0:	0f877713          	andi	a4,a4,248
   134b4:	002005b7          	lui	a1,0x200
   134b8:	00b704b3          	add	s1,a4,a1
   134bc:	0004a603          	lw	a2,0(s1)
   134c0:	0044a683          	lw	a3,4(s1)
   134c4:	011b5713          	srli	a4,s6,0x11
   134c8:	7ff007b7          	lui	a5,0x7ff00
   134cc:	0f877713          	andi	a4,a4,248
   134d0:	007b5413          	srli	s0,s6,0x7
   134d4:	00f6f6b3          	and	a3,a3,a5
   134d8:	00b70933          	add	s2,a4,a1
   134dc:	01f47413          	andi	s0,s0,31
   134e0:	00f69463          	bne	a3,a5,134e8 <_zisk_float+0x2c14>
   134e4:	2350506f          	j	18f18 <_zisk_float+0x8644>
   134e8:	0004a603          	lw	a2,0(s1)
   134ec:	0044a683          	lw	a3,4(s1)
   134f0:	7ff007b7          	lui	a5,0x7ff00
   134f4:	00f6f6b3          	and	a3,a3,a5
   134f8:	00f69463          	bne	a3,a5,13500 <_zisk_float+0x2c2c>
   134fc:	1c10506f          	j	18ebc <_zisk_float+0x85e8>
   13500:	00092603          	lw	a2,0(s2)
   13504:	00492683          	lw	a3,4(s2)
   13508:	7ff007b7          	lui	a5,0x7ff00
   1350c:	00f6f6b3          	and	a3,a3,a5
   13510:	00f69463          	bne	a3,a5,13518 <_zisk_float+0x2c44>
   13514:	42d0506f          	j	19140 <_zisk_float+0x886c>
   13518:	0004a783          	lw	a5,0(s1)
   1351c:	0044a803          	lw	a6,4(s1)
   13520:	00341413          	slli	s0,s0,0x3
   13524:	002006b7          	lui	a3,0x200
   13528:	00d40433          	add	s0,s0,a3
   1352c:	00079463          	bnez	a5,13534 <_zisk_float+0x2c60>
   13530:	2500606f          	j	19780 <_zisk_float+0x8eac>
   13534:	0004a703          	lw	a4,0(s1)
   13538:	0044a783          	lw	a5,4(s1)
   1353c:	00f76733          	or	a4,a4,a5
   13540:	00071a63          	bnez	a4,13554 <_zisk_float+0x2c80>
   13544:	00092783          	lw	a5,0(s2)
   13548:	00492803          	lw	a6,4(s2)
   1354c:	00079463          	bnez	a5,13554 <_zisk_float+0x2c80>
   13550:	71c0606f          	j	19c6c <_zisk_float+0x9398>
   13554:	0004a503          	lw	a0,0(s1)
   13558:	0044a583          	lw	a1,4(s1)
   1355c:	00092603          	lw	a2,0(s2)
   13560:	00492683          	lw	a3,4(s2)
   13564:	04c080ef          	jal	1b5b0 <f64_lt>
   13568:	00051463          	bnez	a0,13570 <_zisk_float+0x2c9c>
   1356c:	28c0606f          	j	197f8 <_zisk_float+0x8f24>
   13570:	00092703          	lw	a4,0(s2)
   13574:	00492783          	lw	a5,4(s2)
   13578:	00e42023          	sw	a4,0(s0)
   1357c:	00f42223          	sw	a5,4(s0)
   13580:	0000c817          	auipc	a6,0xc
   13584:	ef480813          	addi	a6,a6,-268 # 1f474 <softfloat_exceptionFlags>
   13588:	00082683          	lw	a3,0(a6)
   1358c:	09812403          	lw	s0,152(sp)
   13590:	09412483          	lw	s1,148(sp)
   13594:	09012903          	lw	s2,144(sp)
   13598:	01f6f313          	andi	t1,a3,31
   1359c:	bfcfd06f          	j	10998 <_zisk_float+0xc4>
   135a0:	00cb5713          	srli	a4,s6,0xc
   135a4:	00777713          	andi	a4,a4,7
   135a8:	00071463          	bnez	a4,135b0 <_zisk_float+0x2cdc>
   135ac:	33d0206f          	j	160e8 <_zisk_float+0x5814>
   135b0:	00100693          	li	a3,1
   135b4:	00d70463          	beq	a4,a3,135bc <_zisk_float+0x2ce8>
   135b8:	c80fd06f          	j	10a38 <_zisk_float+0x164>
   135bc:	00cb5413          	srli	s0,s6,0xc
   135c0:	00200737          	lui	a4,0x200
   135c4:	0f847413          	andi	s0,s0,248
   135c8:	00e40433          	add	s0,s0,a4
   135cc:	00042803          	lw	a6,0(s0)
   135d0:	7f8005b7          	lui	a1,0x7f800
   135d4:	011b5693          	srli	a3,s6,0x11
   135d8:	004b5793          	srli	a5,s6,0x4
   135dc:	00442883          	lw	a7,4(s0)
   135e0:	0f86f693          	andi	a3,a3,248
   135e4:	0f87f793          	andi	a5,a5,248
   135e8:	00b87633          	and	a2,a6,a1
   135ec:	00e684b3          	add	s1,a3,a4
   135f0:	00e78933          	add	s2,a5,a4
   135f4:	00060463          	beqz	a2,135fc <_zisk_float+0x2d28>
   135f8:	18c0306f          	j	16784 <_zisk_float+0x5eb0>
   135fc:	00042603          	lw	a2,0(s0)
   13600:	00800737          	lui	a4,0x800
   13604:	fff70713          	addi	a4,a4,-1 # 7fffff <_float_lib_entry+0x6fffff>
   13608:	00442683          	lw	a3,4(s0)
   1360c:	00e67633          	and	a2,a2,a4
   13610:	00060463          	beqz	a2,13618 <_zisk_float+0x2d44>
   13614:	1700306f          	j	16784 <_zisk_float+0x5eb0>
   13618:	00042603          	lw	a2,0(s0)
   1361c:	00442683          	lw	a3,4(s0)
   13620:	00068463          	beqz	a3,13628 <_zisk_float+0x2d54>
   13624:	1600306f          	j	16784 <_zisk_float+0x5eb0>
   13628:	800007b7          	lui	a5,0x80000
   1362c:	fff78793          	addi	a5,a5,-1 # 7fffffff <_float_lib_entry+0x7fefffff>
   13630:	00c7f463          	bgeu	a5,a2,13638 <_zisk_float+0x2d64>
   13634:	1500306f          	j	16784 <_zisk_float+0x5eb0>
   13638:	0004a603          	lw	a2,0(s1)
   1363c:	0044a683          	lw	a3,4(s1)
   13640:	00b67633          	and	a2,a2,a1
   13644:	00060463          	beqz	a2,1364c <_zisk_float+0x2d78>
   13648:	13c0306f          	j	16784 <_zisk_float+0x5eb0>
   1364c:	0004a603          	lw	a2,0(s1)
   13650:	0044a683          	lw	a3,4(s1)
   13654:	00e67633          	and	a2,a2,a4
   13658:	00060463          	beqz	a2,13660 <_zisk_float+0x2d8c>
   1365c:	1280306f          	j	16784 <_zisk_float+0x5eb0>
   13660:	0004a603          	lw	a2,0(s1)
   13664:	0044a683          	lw	a3,4(s1)
   13668:	00069663          	bnez	a3,13674 <_zisk_float+0x2da0>
   1366c:	00c7e463          	bltu	a5,a2,13674 <_zisk_float+0x2da0>
   13670:	1140306f          	j	16784 <_zisk_float+0x5eb0>
   13674:	00000793          	li	a5,0
   13678:	00000813          	li	a6,0
   1367c:	00f92023          	sw	a5,0(s2)
   13680:	01092223          	sw	a6,4(s2)
   13684:	0000c817          	auipc	a6,0xc
   13688:	df080813          	addi	a6,a6,-528 # 1f474 <softfloat_exceptionFlags>
   1368c:	00082683          	lw	a3,0(a6)
   13690:	09812403          	lw	s0,152(sp)
   13694:	09412483          	lw	s1,148(sp)
   13698:	09012903          	lw	s2,144(sp)
   1369c:	01f6f313          	andi	t1,a3,31
   136a0:	af8fd06f          	j	10998 <_zisk_float+0xc4>
   136a4:	014b5713          	srli	a4,s6,0x14
   136a8:	01f77713          	andi	a4,a4,31
   136ac:	00200693          	li	a3,2
   136b0:	00d71463          	bne	a4,a3,136b8 <_zisk_float+0x2de4>
   136b4:	4bd0406f          	j	18370 <_zisk_float+0x7a9c>
   136b8:	00e6f463          	bgeu	a3,a4,136c0 <_zisk_float+0x2dec>
   136bc:	6600306f          	j	16d1c <_zisk_float+0x6448>
   136c0:	00071463          	bnez	a4,136c8 <_zisk_float+0x2df4>
   136c4:	2350406f          	j	180f8 <_zisk_float+0x7824>
   136c8:	00cb5413          	srli	s0,s6,0xc
   136cc:	00747413          	andi	s0,s0,7
   136d0:	00fb5793          	srli	a5,s6,0xf
   136d4:	00040513          	mv	a0,s0
   136d8:	00400613          	li	a2,4
   136dc:	00000693          	li	a3,0
   136e0:	00000593          	li	a1,0
   136e4:	01f7f493          	andi	s1,a5,31
   136e8:	77d060ef          	jal	1a664 <__ucmpdi2>
   136ec:	007b5913          	srli	s2,s6,0x7
   136f0:	00100793          	li	a5,1
   136f4:	01f97913          	andi	s2,s2,31
   136f8:	04a7e2e3          	bltu	a5,a0,13f3c <_zisk_float+0x3668>
   136fc:	0000c717          	auipc	a4,0xc
   13700:	a8c70713          	addi	a4,a4,-1396 # 1f188 <softfloat_addM+0x3a4>
   13704:	00241793          	slli	a5,s0,0x2
   13708:	00e787b3          	add	a5,a5,a4
   1370c:	0007a783          	lw	a5,0(a5)
   13710:	00e787b3          	add	a5,a5,a4
   13714:	00078067          	jr	a5
   13718:	014b5713          	srli	a4,s6,0x14
   1371c:	01f77713          	andi	a4,a4,31
   13720:	00200693          	li	a3,2
   13724:	00d71463          	bne	a4,a3,1372c <_zisk_float+0x2e58>
   13728:	0e90406f          	j	18010 <_zisk_float+0x773c>
   1372c:	00e6f463          	bgeu	a3,a4,13734 <_zisk_float+0x2e60>
   13730:	4240306f          	j	16b54 <_zisk_float+0x6280>
   13734:	00071463          	bnez	a4,1373c <_zisk_float+0x2e68>
   13738:	52d0406f          	j	18464 <_zisk_float+0x7b90>
   1373c:	00cb5413          	srli	s0,s6,0xc
   13740:	00747413          	andi	s0,s0,7
   13744:	00fb5793          	srli	a5,s6,0xf
   13748:	00040513          	mv	a0,s0
   1374c:	00400613          	li	a2,4
   13750:	00000693          	li	a3,0
   13754:	00000593          	li	a1,0
   13758:	01f7f493          	andi	s1,a5,31
   1375c:	709060ef          	jal	1a664 <__ucmpdi2>
   13760:	007b5913          	srli	s2,s6,0x7
   13764:	00100793          	li	a5,1
   13768:	01f97913          	andi	s2,s2,31
   1376c:	76a7ec63          	bltu	a5,a0,13ee4 <_zisk_float+0x3610>
   13770:	0000c717          	auipc	a4,0xc
   13774:	a2c70713          	addi	a4,a4,-1492 # 1f19c <softfloat_addM+0x3b8>
   13778:	00241793          	slli	a5,s0,0x2
   1377c:	00e787b3          	add	a5,a5,a4
   13780:	0007a783          	lw	a5,0(a5)
   13784:	00e787b3          	add	a5,a5,a4
   13788:	00078067          	jr	a5
   1378c:	014b5713          	srli	a4,s6,0x14
   13790:	01f77713          	andi	a4,a4,31
   13794:	00070463          	beqz	a4,1379c <_zisk_float+0x2ec8>
   13798:	aa0fd06f          	j	10a38 <_zisk_float+0x164>
   1379c:	00cb5713          	srli	a4,s6,0xc
   137a0:	0f877713          	andi	a4,a4,248
   137a4:	002006b7          	lui	a3,0x200
   137a8:	00d70433          	add	s0,a4,a3
   137ac:	00042503          	lw	a0,0(s0)
   137b0:	00442583          	lw	a1,4(s0)
   137b4:	004b5713          	srli	a4,s6,0x4
   137b8:	0f877713          	andi	a4,a4,248
   137bc:	00d704b3          	add	s1,a4,a3
   137c0:	00058463          	beqz	a1,137c8 <_zisk_float+0x2ef4>
   137c4:	4080206f          	j	15bcc <_zisk_float+0x52f8>
   137c8:	00042603          	lw	a2,0(s0)
   137cc:	7f800737          	lui	a4,0x7f800
   137d0:	00442683          	lw	a3,4(s0)
   137d4:	00e67633          	and	a2,a2,a4
   137d8:	00e61463          	bne	a2,a4,137e0 <_zisk_float+0x2f0c>
   137dc:	7490506f          	j	19724 <_zisk_float+0x8e50>
   137e0:	00042603          	lw	a2,0(s0)
   137e4:	7f800737          	lui	a4,0x7f800
   137e8:	00442683          	lw	a3,4(s0)
   137ec:	00e67633          	and	a2,a2,a4
   137f0:	00e61463          	bne	a2,a4,137f8 <_zisk_float+0x2f24>
   137f4:	3c00206f          	j	15bb4 <_zisk_float+0x52e0>
   137f8:	00042603          	lw	a2,0(s0)
   137fc:	7f800737          	lui	a4,0x7f800
   13800:	00442683          	lw	a3,4(s0)
   13804:	00e67633          	and	a2,a2,a4
   13808:	00e61463          	bne	a2,a4,13810 <_zisk_float+0x2f3c>
   1380c:	0880606f          	j	19894 <_zisk_float+0x8fc0>
   13810:	00042603          	lw	a2,0(s0)
   13814:	7f800737          	lui	a4,0x7f800
   13818:	00442683          	lw	a3,4(s0)
   1381c:	00e67633          	and	a2,a2,a4
   13820:	00e61463          	bne	a2,a4,13828 <_zisk_float+0x2f54>
   13824:	0340606f          	j	19858 <_zisk_float+0x8f84>
   13828:	00042603          	lw	a2,0(s0)
   1382c:	7f800737          	lui	a4,0x7f800
   13830:	00442683          	lw	a3,4(s0)
   13834:	00e67633          	and	a2,a2,a4
   13838:	02061463          	bnez	a2,13860 <_zisk_float+0x2f8c>
   1383c:	00042603          	lw	a2,0(s0)
   13840:	00442683          	lw	a3,4(s0)
   13844:	00961613          	slli	a2,a2,0x9
   13848:	00061c63          	bnez	a2,13860 <_zisk_float+0x2f8c>
   1384c:	00042603          	lw	a2,0(s0)
   13850:	00442683          	lw	a3,4(s0)
   13854:	00069663          	bnez	a3,13860 <_zisk_float+0x2f8c>
   13858:	00064463          	bltz	a2,13860 <_zisk_float+0x2f8c>
   1385c:	3700206f          	j	15bcc <_zisk_float+0x52f8>
   13860:	00042603          	lw	a2,0(s0)
   13864:	7f800737          	lui	a4,0x7f800
   13868:	00442683          	lw	a3,4(s0)
   1386c:	00e67633          	and	a2,a2,a4
   13870:	02061663          	bnez	a2,1389c <_zisk_float+0x2fc8>
   13874:	00042603          	lw	a2,0(s0)
   13878:	00442683          	lw	a3,4(s0)
   1387c:	00961613          	slli	a2,a2,0x9
   13880:	00061e63          	bnez	a2,1389c <_zisk_float+0x2fc8>
   13884:	00042603          	lw	a2,0(s0)
   13888:	00442683          	lw	a3,4(s0)
   1388c:	00068463          	beqz	a3,13894 <_zisk_float+0x2fc0>
   13890:	33c0206f          	j	15bcc <_zisk_float+0x52f8>
   13894:	00065463          	bgez	a2,1389c <_zisk_float+0x2fc8>
   13898:	3340206f          	j	15bcc <_zisk_float+0x52f8>
   1389c:	00042603          	lw	a2,0(s0)
   138a0:	7f800737          	lui	a4,0x7f800
   138a4:	00442683          	lw	a3,4(s0)
   138a8:	00e67633          	and	a2,a2,a4
   138ac:	00061c63          	bnez	a2,138c4 <_zisk_float+0x2ff0>
   138b0:	00042603          	lw	a2,0(s0)
   138b4:	00442683          	lw	a3,4(s0)
   138b8:	00961613          	slli	a2,a2,0x9
   138bc:	00060463          	beqz	a2,138c4 <_zisk_float+0x2ff0>
   138c0:	30c0206f          	j	15bcc <_zisk_float+0x52f8>
   138c4:	00cb5513          	srli	a0,s6,0xc
   138c8:	00757513          	andi	a0,a0,7
   138cc:	00000593          	li	a1,0
   138d0:	f35fc0ef          	jal	10804 <set_rounding_mode>
   138d4:	00042503          	lw	a0,0(s0)
   138d8:	00442583          	lw	a1,4(s0)
   138dc:	470070ef          	jal	1ad4c <f32_to_f64>
   138e0:	04a12c23          	sw	a0,88(sp)
   138e4:	05812783          	lw	a5,88(sp)
   138e8:	04b12e23          	sw	a1,92(sp)
   138ec:	0000c697          	auipc	a3,0xc
   138f0:	b886a683          	lw	a3,-1144(a3) # 1f474 <softfloat_exceptionFlags>
   138f4:	05c12803          	lw	a6,92(sp)
   138f8:	00f4a023          	sw	a5,0(s1)
   138fc:	09812403          	lw	s0,152(sp)
   13900:	0104a223          	sw	a6,4(s1)
   13904:	09012903          	lw	s2,144(sp)
   13908:	09412483          	lw	s1,148(sp)
   1390c:	01f6f313          	andi	t1,a3,31
   13910:	888fd06f          	j	10998 <_zisk_float+0xc4>
   13914:	00cb5713          	srli	a4,s6,0xc
   13918:	00777713          	andi	a4,a4,7
   1391c:	00100693          	li	a3,1
   13920:	00d71463          	bne	a4,a3,13928 <_zisk_float+0x3054>
   13924:	1a50306f          	j	172c8 <_zisk_float+0x69f4>
   13928:	00200693          	li	a3,2
   1392c:	00d71463          	bne	a4,a3,13934 <_zisk_float+0x3060>
   13930:	1e90306f          	j	17318 <_zisk_float+0x6a44>
   13934:	00070463          	beqz	a4,1393c <_zisk_float+0x3068>
   13938:	900fd06f          	j	10a38 <_zisk_float+0x164>
   1393c:	011b5713          	srli	a4,s6,0x11
   13940:	002006b7          	lui	a3,0x200
   13944:	0f877713          	andi	a4,a4,248
   13948:	00d70733          	add	a4,a4,a3
   1394c:	00072503          	lw	a0,0(a4) # 7f800000 <_float_lib_entry+0x7f700000>
   13950:	00472583          	lw	a1,4(a4)
   13954:	00cb5713          	srli	a4,s6,0xc
   13958:	0f877713          	andi	a4,a4,248
   1395c:	00d70733          	add	a4,a4,a3
   13960:	004b5793          	srli	a5,s6,0x4
   13964:	00072503          	lw	a0,0(a4)
   13968:	0f87f793          	andi	a5,a5,248
   1396c:	00d787b3          	add	a5,a5,a3
   13970:	0005d463          	bgez	a1,13978 <_zisk_float+0x30a4>
   13974:	1910306f          	j	17304 <_zisk_float+0x6a30>
   13978:	00472583          	lw	a1,4(a4)
   1397c:	00050613          	mv	a2,a0
   13980:	00159713          	slli	a4,a1,0x1
   13984:	00175693          	srli	a3,a4,0x1
   13988:	f40fe06f          	j	120c8 <_zisk_float+0x17f4>
   1398c:	00cb5713          	srli	a4,s6,0xc
   13990:	00777713          	andi	a4,a4,7
   13994:	00100693          	li	a3,1
   13998:	00d71463          	bne	a4,a3,139a0 <_zisk_float+0x30cc>
   1399c:	0dd0306f          	j	17278 <_zisk_float+0x69a4>
   139a0:	00200693          	li	a3,2
   139a4:	00d71463          	bne	a4,a3,139ac <_zisk_float+0x30d8>
   139a8:	0750306f          	j	1721c <_zisk_float+0x6948>
   139ac:	00070463          	beqz	a4,139b4 <_zisk_float+0x30e0>
   139b0:	888fd06f          	j	10a38 <_zisk_float+0x164>
   139b4:	011b5713          	srli	a4,s6,0x11
   139b8:	002006b7          	lui	a3,0x200
   139bc:	0f877713          	andi	a4,a4,248
   139c0:	00d70733          	add	a4,a4,a3
   139c4:	00072503          	lw	a0,0(a4)
   139c8:	00472583          	lw	a1,4(a4)
   139cc:	004b5793          	srli	a5,s6,0x4
   139d0:	00cb5713          	srli	a4,s6,0xc
   139d4:	0f877713          	andi	a4,a4,248
   139d8:	0f87f793          	andi	a5,a5,248
   139dc:	00d70733          	add	a4,a4,a3
   139e0:	00d787b3          	add	a5,a5,a3
   139e4:	00059a63          	bnez	a1,139f8 <_zisk_float+0x3124>
   139e8:	800006b7          	lui	a3,0x80000
   139ec:	fff68693          	addi	a3,a3,-1 # 7fffffff <_float_lib_entry+0x7fefffff>
   139f0:	00a6e463          	bltu	a3,a0,139f8 <_zisk_float+0x3124>
   139f4:	1b00506f          	j	18ba4 <_zisk_float+0x82d0>
   139f8:	00072503          	lw	a0,0(a4)
   139fc:	00472583          	lw	a1,4(a4)
   13a00:	80000737          	lui	a4,0x80000
   13a04:	00e56633          	or	a2,a0,a4
   13a08:	fff00693          	li	a3,-1
   13a0c:	ebcfe06f          	j	120c8 <_zisk_float+0x17f4>
   13a10:	01f00737          	lui	a4,0x1f00
   13a14:	00eb7733          	and	a4,s6,a4
   13a18:	001006b7          	lui	a3,0x100
   13a1c:	00d70463          	beq	a4,a3,13a24 <_zisk_float+0x3150>
   13a20:	818fd06f          	j	10a38 <_zisk_float+0x164>
   13a24:	00cb5713          	srli	a4,s6,0xc
   13a28:	0f877713          	andi	a4,a4,248
   13a2c:	00200637          	lui	a2,0x200
   13a30:	00c70933          	add	s2,a4,a2
   13a34:	00092503          	lw	a0,0(s2)
   13a38:	00492583          	lw	a1,4(s2)
   13a3c:	004b5713          	srli	a4,s6,0x4
   13a40:	7ff006b7          	lui	a3,0x7ff00
   13a44:	0f877713          	andi	a4,a4,248
   13a48:	00d5f5b3          	and	a1,a1,a3
   13a4c:	00c704b3          	add	s1,a4,a2
   13a50:	00d59463          	bne	a1,a3,13a58 <_zisk_float+0x3184>
   13a54:	3600506f          	j	18db4 <_zisk_float+0x84e0>
   13a58:	00092603          	lw	a2,0(s2)
   13a5c:	00492683          	lw	a3,4(s2)
   13a60:	7ff00737          	lui	a4,0x7ff00
   13a64:	00e6f6b3          	and	a3,a3,a4
   13a68:	00e68463          	beq	a3,a4,13a70 <_zisk_float+0x319c>
   13a6c:	5d80306f          	j	17044 <_zisk_float+0x6770>
   13a70:	00092783          	lw	a5,0(s2)
   13a74:	00492803          	lw	a6,4(s2)
   13a78:	00c81693          	slli	a3,a6,0xc
   13a7c:	00c6d693          	srli	a3,a3,0xc
   13a80:	00f6e6b3          	or	a3,a3,a5
   13a84:	00069463          	bnez	a3,13a8c <_zisk_float+0x31b8>
   13a88:	5bc0306f          	j	17044 <_zisk_float+0x6770>
   13a8c:	00092603          	lw	a2,0(s2)
   13a90:	00492683          	lw	a3,4(s2)
   13a94:	00c69713          	slli	a4,a3,0xc
   13a98:	00075463          	bgez	a4,13aa0 <_zisk_float+0x31cc>
   13a9c:	5a80306f          	j	17044 <_zisk_float+0x6770>
   13aa0:	7fc00637          	lui	a2,0x7fc00
   13aa4:	00c4a023          	sw	a2,0(s1)
   13aa8:	00000693          	li	a3,0
   13aac:	0000c817          	auipc	a6,0xc
   13ab0:	9c880813          	addi	a6,a6,-1592 # 1f474 <softfloat_exceptionFlags>
   13ab4:	01000713          	li	a4,16
   13ab8:	00d4a223          	sw	a3,4(s1)
   13abc:	00e82023          	sw	a4,0(a6)
   13ac0:	0004a703          	lw	a4,0(s1)
   13ac4:	00082683          	lw	a3,0(a6)
   13ac8:	0044a783          	lw	a5,4(s1)
   13acc:	fff00593          	li	a1,-1
   13ad0:	00e4a023          	sw	a4,0(s1)
   13ad4:	00b4a223          	sw	a1,4(s1)
   13ad8:	09812403          	lw	s0,152(sp)
   13adc:	09412483          	lw	s1,148(sp)
   13ae0:	09012903          	lw	s2,144(sp)
   13ae4:	01f6f313          	andi	t1,a3,31
   13ae8:	eb1fc06f          	j	10998 <_zisk_float+0xc4>
   13aec:	00300793          	li	a5,3
   13af0:	0000c717          	auipc	a4,0xc
   13af4:	98f72423          	sw	a5,-1656(a4) # 1f478 <softfloat_roundingMode>
   13af8:	0004a503          	lw	a0,0(s1)
   13afc:	0044a583          	lw	a1,4(s1)
   13b00:	0009a703          	lw	a4,0(s3)
   13b04:	0049a783          	lw	a5,4(s3)
   13b08:	00070593          	mv	a1,a4
   13b0c:	385060ef          	jal	1a690 <f32_add>
   13b10:	0000c697          	auipc	a3,0xc
   13b14:	9646a683          	lw	a3,-1692(a3) # 1f474 <softfloat_exceptionFlags>
   13b18:	00000793          	li	a5,0
   13b1c:	00a92023          	sw	a0,0(s2)
   13b20:	00f92223          	sw	a5,4(s2)
   13b24:	09812403          	lw	s0,152(sp)
   13b28:	09412483          	lw	s1,148(sp)
   13b2c:	09012903          	lw	s2,144(sp)
   13b30:	08c12983          	lw	s3,140(sp)
   13b34:	01f6f313          	andi	t1,a3,31
   13b38:	e61fc06f          	j	10998 <_zisk_float+0xc4>
   13b3c:	00200793          	li	a5,2
   13b40:	0000c717          	auipc	a4,0xc
   13b44:	92f72c23          	sw	a5,-1736(a4) # 1f478 <softfloat_roundingMode>
   13b48:	fb1ff06f          	j	13af8 <_zisk_float+0x3224>
   13b4c:	00300793          	li	a5,3
   13b50:	0000c717          	auipc	a4,0xc
   13b54:	92f72423          	sw	a5,-1752(a4) # 1f478 <softfloat_roundingMode>
   13b58:	0004a503          	lw	a0,0(s1)
   13b5c:	0044a583          	lw	a1,4(s1)
   13b60:	0009a703          	lw	a4,0(s3)
   13b64:	0049a783          	lw	a5,4(s3)
   13b68:	00070593          	mv	a1,a4
   13b6c:	1c0070ef          	jal	1ad2c <f32_sub>
   13b70:	0000c697          	auipc	a3,0xc
   13b74:	9046a683          	lw	a3,-1788(a3) # 1f474 <softfloat_exceptionFlags>
   13b78:	00000793          	li	a5,0
   13b7c:	00a92023          	sw	a0,0(s2)
   13b80:	00f92223          	sw	a5,4(s2)
   13b84:	09812403          	lw	s0,152(sp)
   13b88:	09412483          	lw	s1,148(sp)
   13b8c:	09012903          	lw	s2,144(sp)
   13b90:	08c12983          	lw	s3,140(sp)
   13b94:	01f6f313          	andi	t1,a3,31
   13b98:	e01fc06f          	j	10998 <_zisk_float+0xc4>
   13b9c:	00200793          	li	a5,2
   13ba0:	0000c717          	auipc	a4,0xc
   13ba4:	8cf72c23          	sw	a5,-1832(a4) # 1f478 <softfloat_roundingMode>
   13ba8:	fb1ff06f          	j	13b58 <_zisk_float+0x3284>
   13bac:	00100793          	li	a5,1
   13bb0:	0000c717          	auipc	a4,0xc
   13bb4:	8cf72423          	sw	a5,-1848(a4) # 1f478 <softfloat_roundingMode>
   13bb8:	fa1ff06f          	j	13b58 <_zisk_float+0x3284>
   13bbc:	00400793          	li	a5,4
   13bc0:	0000c717          	auipc	a4,0xc
   13bc4:	8af72c23          	sw	a5,-1864(a4) # 1f478 <softfloat_roundingMode>
   13bc8:	f91ff06f          	j	13b58 <_zisk_float+0x3284>
   13bcc:	0000c797          	auipc	a5,0xc
   13bd0:	8a07a623          	sw	zero,-1876(a5) # 1f478 <softfloat_roundingMode>
   13bd4:	f85ff06f          	j	13b58 <_zisk_float+0x3284>
   13bd8:	00100793          	li	a5,1
   13bdc:	0000c717          	auipc	a4,0xc
   13be0:	88f72e23          	sw	a5,-1892(a4) # 1f478 <softfloat_roundingMode>
   13be4:	f15ff06f          	j	13af8 <_zisk_float+0x3224>
   13be8:	00400793          	li	a5,4
   13bec:	0000c717          	auipc	a4,0xc
   13bf0:	88f72623          	sw	a5,-1908(a4) # 1f478 <softfloat_roundingMode>
   13bf4:	f05ff06f          	j	13af8 <_zisk_float+0x3224>
   13bf8:	0000c797          	auipc	a5,0xc
   13bfc:	8807a023          	sw	zero,-1920(a5) # 1f478 <softfloat_roundingMode>
   13c00:	ef9ff06f          	j	13af8 <_zisk_float+0x3224>
   13c04:	00300793          	li	a5,3
   13c08:	0000c717          	auipc	a4,0xc
   13c0c:	86f72823          	sw	a5,-1936(a4) # 1f478 <softfloat_roundingMode>
   13c10:	0004a503          	lw	a0,0(s1)
   13c14:	0044a583          	lw	a1,4(s1)
   13c18:	0009a703          	lw	a4,0(s3)
   13c1c:	0049a783          	lw	a5,4(s3)
   13c20:	00070593          	mv	a1,a4
   13c24:	28d060ef          	jal	1a6b0 <f32_div>
   13c28:	0000c697          	auipc	a3,0xc
   13c2c:	84c6a683          	lw	a3,-1972(a3) # 1f474 <softfloat_exceptionFlags>
   13c30:	00000793          	li	a5,0
   13c34:	00a92023          	sw	a0,0(s2)
   13c38:	00f92223          	sw	a5,4(s2)
   13c3c:	09812403          	lw	s0,152(sp)
   13c40:	09412483          	lw	s1,148(sp)
   13c44:	09012903          	lw	s2,144(sp)
   13c48:	08c12983          	lw	s3,140(sp)
   13c4c:	01f6f313          	andi	t1,a3,31
   13c50:	d49fc06f          	j	10998 <_zisk_float+0xc4>
   13c54:	00200793          	li	a5,2
   13c58:	0000c717          	auipc	a4,0xc
   13c5c:	82f72023          	sw	a5,-2016(a4) # 1f478 <softfloat_roundingMode>
   13c60:	fb1ff06f          	j	13c10 <_zisk_float+0x333c>
   13c64:	00100793          	li	a5,1
   13c68:	0000c717          	auipc	a4,0xc
   13c6c:	80f72823          	sw	a5,-2032(a4) # 1f478 <softfloat_roundingMode>
   13c70:	fa1ff06f          	j	13c10 <_zisk_float+0x333c>
   13c74:	00400793          	li	a5,4
   13c78:	0000c717          	auipc	a4,0xc
   13c7c:	80f72023          	sw	a5,-2048(a4) # 1f478 <softfloat_roundingMode>
   13c80:	f91ff06f          	j	13c10 <_zisk_float+0x333c>
   13c84:	0000b797          	auipc	a5,0xb
   13c88:	7e07aa23          	sw	zero,2036(a5) # 1f478 <softfloat_roundingMode>
   13c8c:	f85ff06f          	j	13c10 <_zisk_float+0x333c>
   13c90:	00300793          	li	a5,3
   13c94:	0000b717          	auipc	a4,0xb
   13c98:	7ef72223          	sw	a5,2020(a4) # 1f478 <softfloat_roundingMode>
   13c9c:	0004a503          	lw	a0,0(s1)
   13ca0:	0044a583          	lw	a1,4(s1)
   13ca4:	0009a603          	lw	a2,0(s3)
   13ca8:	0049a683          	lw	a3,4(s3)
   13cac:	1f1070ef          	jal	1b69c <f64_mul>
   13cb0:	0000b697          	auipc	a3,0xb
   13cb4:	7c46a683          	lw	a3,1988(a3) # 1f474 <softfloat_exceptionFlags>
   13cb8:	00a92023          	sw	a0,0(s2)
   13cbc:	00b92223          	sw	a1,4(s2)
   13cc0:	09812403          	lw	s0,152(sp)
   13cc4:	09412483          	lw	s1,148(sp)
   13cc8:	09012903          	lw	s2,144(sp)
   13ccc:	08c12983          	lw	s3,140(sp)
   13cd0:	07812c03          	lw	s8,120(sp)
   13cd4:	07412c83          	lw	s9,116(sp)
   13cd8:	01f6f313          	andi	t1,a3,31
   13cdc:	cbdfc06f          	j	10998 <_zisk_float+0xc4>
   13ce0:	00200793          	li	a5,2
   13ce4:	0000b717          	auipc	a4,0xb
   13ce8:	78f72a23          	sw	a5,1940(a4) # 1f478 <softfloat_roundingMode>
   13cec:	fb1ff06f          	j	13c9c <_zisk_float+0x33c8>
   13cf0:	00300793          	li	a5,3
   13cf4:	0000b717          	auipc	a4,0xb
   13cf8:	78f72223          	sw	a5,1924(a4) # 1f478 <softfloat_roundingMode>
   13cfc:	0004a503          	lw	a0,0(s1)
   13d00:	0044a583          	lw	a1,4(s1)
   13d04:	0009a703          	lw	a4,0(s3)
   13d08:	0049a783          	lw	a5,4(s3)
   13d0c:	00070593          	mv	a1,a4
   13d10:	55d060ef          	jal	1aa6c <f32_mul>
   13d14:	0000b817          	auipc	a6,0xb
   13d18:	76080813          	addi	a6,a6,1888 # 1f474 <softfloat_exceptionFlags>
   13d1c:	00082703          	lw	a4,0(a6)
   13d20:	00000693          	li	a3,0
   13d24:	00a92023          	sw	a0,0(s2)
   13d28:	00d92223          	sw	a3,4(s2)
   13d2c:	00277693          	andi	a3,a4,2
   13d30:	00068463          	beqz	a3,13d38 <_zisk_float+0x3464>
   13d34:	5f50206f          	j	16b28 <_zisk_float+0x6254>
   13d38:	09812403          	lw	s0,152(sp)
   13d3c:	09412483          	lw	s1,148(sp)
   13d40:	09012903          	lw	s2,144(sp)
   13d44:	08c12983          	lw	s3,140(sp)
   13d48:	01f77313          	andi	t1,a4,31
   13d4c:	c4dfc06f          	j	10998 <_zisk_float+0xc4>
   13d50:	00200793          	li	a5,2
   13d54:	0000b717          	auipc	a4,0xb
   13d58:	72f72223          	sw	a5,1828(a4) # 1f478 <softfloat_roundingMode>
   13d5c:	fa1ff06f          	j	13cfc <_zisk_float+0x3428>
   13d60:	00100793          	li	a5,1
   13d64:	0000b717          	auipc	a4,0xb
   13d68:	70f72a23          	sw	a5,1812(a4) # 1f478 <softfloat_roundingMode>
   13d6c:	f31ff06f          	j	13c9c <_zisk_float+0x33c8>
   13d70:	00400793          	li	a5,4
   13d74:	0000b717          	auipc	a4,0xb
   13d78:	70f72223          	sw	a5,1796(a4) # 1f478 <softfloat_roundingMode>
   13d7c:	f21ff06f          	j	13c9c <_zisk_float+0x33c8>
   13d80:	0000b797          	auipc	a5,0xb
   13d84:	6e07ac23          	sw	zero,1784(a5) # 1f478 <softfloat_roundingMode>
   13d88:	f15ff06f          	j	13c9c <_zisk_float+0x33c8>
   13d8c:	00100793          	li	a5,1
   13d90:	0000b717          	auipc	a4,0xb
   13d94:	6ef72423          	sw	a5,1768(a4) # 1f478 <softfloat_roundingMode>
   13d98:	f65ff06f          	j	13cfc <_zisk_float+0x3428>
   13d9c:	00400793          	li	a5,4
   13da0:	0000b717          	auipc	a4,0xb
   13da4:	6cf72c23          	sw	a5,1752(a4) # 1f478 <softfloat_roundingMode>
   13da8:	f55ff06f          	j	13cfc <_zisk_float+0x3428>
   13dac:	0000b797          	auipc	a5,0xb
   13db0:	6c07a623          	sw	zero,1740(a5) # 1f478 <softfloat_roundingMode>
   13db4:	f49ff06f          	j	13cfc <_zisk_float+0x3428>
   13db8:	00300793          	li	a5,3
   13dbc:	0000b717          	auipc	a4,0xb
   13dc0:	6af72e23          	sw	a5,1724(a4) # 1f478 <softfloat_roundingMode>
   13dc4:	0004a503          	lw	a0,0(s1)
   13dc8:	0044a583          	lw	a1,4(s1)
   13dcc:	0009a603          	lw	a2,0(s3)
   13dd0:	0049a683          	lw	a3,4(s3)
   13dd4:	310070ef          	jal	1b0e4 <f64_div>
   13dd8:	0000b697          	auipc	a3,0xb
   13ddc:	69c6a683          	lw	a3,1692(a3) # 1f474 <softfloat_exceptionFlags>
   13de0:	00a92023          	sw	a0,0(s2)
   13de4:	00b92223          	sw	a1,4(s2)
   13de8:	09812403          	lw	s0,152(sp)
   13dec:	09412483          	lw	s1,148(sp)
   13df0:	09012903          	lw	s2,144(sp)
   13df4:	08c12983          	lw	s3,140(sp)
   13df8:	07012d03          	lw	s10,112(sp)
   13dfc:	06c12d83          	lw	s11,108(sp)
   13e00:	01f6f313          	andi	t1,a3,31
   13e04:	b95fc06f          	j	10998 <_zisk_float+0xc4>
   13e08:	00200793          	li	a5,2
   13e0c:	0000b717          	auipc	a4,0xb
   13e10:	66f72623          	sw	a5,1644(a4) # 1f478 <softfloat_roundingMode>
   13e14:	fb1ff06f          	j	13dc4 <_zisk_float+0x34f0>
   13e18:	00100793          	li	a5,1
   13e1c:	0000b717          	auipc	a4,0xb
   13e20:	64f72e23          	sw	a5,1628(a4) # 1f478 <softfloat_roundingMode>
   13e24:	fa1ff06f          	j	13dc4 <_zisk_float+0x34f0>
   13e28:	00400793          	li	a5,4
   13e2c:	0000b717          	auipc	a4,0xb
   13e30:	64f72623          	sw	a5,1612(a4) # 1f478 <softfloat_roundingMode>
   13e34:	f91ff06f          	j	13dc4 <_zisk_float+0x34f0>
   13e38:	0000b797          	auipc	a5,0xb
   13e3c:	6407a023          	sw	zero,1600(a5) # 1f478 <softfloat_roundingMode>
   13e40:	f85ff06f          	j	13dc4 <_zisk_float+0x34f0>
   13e44:	00300793          	li	a5,3
   13e48:	0000b717          	auipc	a4,0xb
   13e4c:	62f72823          	sw	a5,1584(a4) # 1f478 <softfloat_roundingMode>
   13e50:	0004a503          	lw	a0,0(s1)
   13e54:	0044a583          	lw	a1,4(s1)
   13e58:	0009a603          	lw	a2,0(s3)
   13e5c:	0049a683          	lw	a3,4(s3)
   13e60:	461070ef          	jal	1bac0 <f64_sub>
   13e64:	00a12023          	sw	a0,0(sp)
   13e68:	00012783          	lw	a5,0(sp)
   13e6c:	00b12223          	sw	a1,4(sp)
   13e70:	0000b697          	auipc	a3,0xb
   13e74:	6046a683          	lw	a3,1540(a3) # 1f474 <softfloat_exceptionFlags>
   13e78:	00412803          	lw	a6,4(sp)
   13e7c:	00f92023          	sw	a5,0(s2)
   13e80:	09812403          	lw	s0,152(sp)
   13e84:	01092223          	sw	a6,4(s2)
   13e88:	09412483          	lw	s1,148(sp)
   13e8c:	09012903          	lw	s2,144(sp)
   13e90:	08c12983          	lw	s3,140(sp)
   13e94:	01f6f313          	andi	t1,a3,31
   13e98:	b01fc06f          	j	10998 <_zisk_float+0xc4>
   13e9c:	00200793          	li	a5,2
   13ea0:	0000b717          	auipc	a4,0xb
   13ea4:	5cf72c23          	sw	a5,1496(a4) # 1f478 <softfloat_roundingMode>
   13ea8:	fa9ff06f          	j	13e50 <_zisk_float+0x357c>
   13eac:	00100793          	li	a5,1
   13eb0:	0000b717          	auipc	a4,0xb
   13eb4:	5cf72423          	sw	a5,1480(a4) # 1f478 <softfloat_roundingMode>
   13eb8:	f99ff06f          	j	13e50 <_zisk_float+0x357c>
   13ebc:	0000b797          	auipc	a5,0xb
   13ec0:	5a07ae23          	sw	zero,1468(a5) # 1f478 <softfloat_roundingMode>
   13ec4:	f8dff06f          	j	13e50 <_zisk_float+0x357c>
   13ec8:	00400793          	li	a5,4
   13ecc:	0000b717          	auipc	a4,0xb
   13ed0:	5af72623          	sw	a5,1452(a4) # 1f478 <softfloat_roundingMode>
   13ed4:	f7dff06f          	j	13e50 <_zisk_float+0x357c>
   13ed8:	00300793          	li	a5,3
   13edc:	0000b717          	auipc	a4,0xb
   13ee0:	58f72e23          	sw	a5,1436(a4) # 1f478 <softfloat_roundingMode>
   13ee4:	00200737          	lui	a4,0x200
   13ee8:	11870713          	addi	a4,a4,280 # 200118 <_float_lib_entry+0x100118>
   13eec:	00349793          	slli	a5,s1,0x3
   13ef0:	00e787b3          	add	a5,a5,a4
   13ef4:	0007a503          	lw	a0,0(a5)
   13ef8:	0047a583          	lw	a1,4(a5)
   13efc:	00200437          	lui	s0,0x200
   13f00:	210080ef          	jal	1c110 <ui32_to_f32>
   13f04:	0000b717          	auipc	a4,0xb
   13f08:	57072703          	lw	a4,1392(a4) # 1f474 <softfloat_exceptionFlags>
   13f0c:	00391793          	slli	a5,s2,0x3
   13f10:	008787b3          	add	a5,a5,s0
   13f14:	00000693          	li	a3,0
   13f18:	00a7a023          	sw	a0,0(a5)
   13f1c:	09812403          	lw	s0,152(sp)
   13f20:	09412483          	lw	s1,148(sp)
   13f24:	09012903          	lw	s2,144(sp)
   13f28:	00d7a223          	sw	a3,4(a5)
   13f2c:	01f77313          	andi	t1,a4,31
   13f30:	a69fc06f          	j	10998 <_zisk_float+0xc4>
   13f34:	0000b797          	auipc	a5,0xb
   13f38:	5407a223          	sw	zero,1348(a5) # 1f478 <softfloat_roundingMode>
   13f3c:	00200737          	lui	a4,0x200
   13f40:	00349793          	slli	a5,s1,0x3
   13f44:	11870713          	addi	a4,a4,280 # 200118 <_float_lib_entry+0x100118>
   13f48:	00e787b3          	add	a5,a5,a4
   13f4c:	0007a503          	lw	a0,0(a5)
   13f50:	0047a583          	lw	a1,4(a5)
   13f54:	00200437          	lui	s0,0x200
   13f58:	1ec080ef          	jal	1c144 <ui32_to_f64>
   13f5c:	04a12023          	sw	a0,64(sp)
   13f60:	04b12223          	sw	a1,68(sp)
   13f64:	04012583          	lw	a1,64(sp)
   13f68:	0000b697          	auipc	a3,0xb
   13f6c:	50c6a683          	lw	a3,1292(a3) # 1f474 <softfloat_exceptionFlags>
   13f70:	00391793          	slli	a5,s2,0x3
   13f74:	04412603          	lw	a2,68(sp)
   13f78:	008787b3          	add	a5,a5,s0
   13f7c:	00b7a023          	sw	a1,0(a5)
   13f80:	09812403          	lw	s0,152(sp)
   13f84:	09412483          	lw	s1,148(sp)
   13f88:	09012903          	lw	s2,144(sp)
   13f8c:	00c7a223          	sw	a2,4(a5)
   13f90:	01f6f313          	andi	t1,a3,31
   13f94:	a05fc06f          	j	10998 <_zisk_float+0xc4>
   13f98:	00400793          	li	a5,4
   13f9c:	0000b717          	auipc	a4,0xb
   13fa0:	4cf72e23          	sw	a5,1244(a4) # 1f478 <softfloat_roundingMode>
   13fa4:	f99ff06f          	j	13f3c <_zisk_float+0x3668>
   13fa8:	00300793          	li	a5,3
   13fac:	0000b717          	auipc	a4,0xb
   13fb0:	4cf72623          	sw	a5,1228(a4) # 1f478 <softfloat_roundingMode>
   13fb4:	f89ff06f          	j	13f3c <_zisk_float+0x3668>
   13fb8:	00200793          	li	a5,2
   13fbc:	0000b717          	auipc	a4,0xb
   13fc0:	4af72e23          	sw	a5,1212(a4) # 1f478 <softfloat_roundingMode>
   13fc4:	f79ff06f          	j	13f3c <_zisk_float+0x3668>
   13fc8:	00100793          	li	a5,1
   13fcc:	0000b717          	auipc	a4,0xb
   13fd0:	4af72623          	sw	a5,1196(a4) # 1f478 <softfloat_roundingMode>
   13fd4:	f69ff06f          	j	13f3c <_zisk_float+0x3668>
   13fd8:	00200793          	li	a5,2
   13fdc:	0000b717          	auipc	a4,0xb
   13fe0:	48f72e23          	sw	a5,1180(a4) # 1f478 <softfloat_roundingMode>
   13fe4:	f01ff06f          	j	13ee4 <_zisk_float+0x3610>
   13fe8:	00100793          	li	a5,1
   13fec:	0000b717          	auipc	a4,0xb
   13ff0:	48f72623          	sw	a5,1164(a4) # 1f478 <softfloat_roundingMode>
   13ff4:	ef1ff06f          	j	13ee4 <_zisk_float+0x3610>
   13ff8:	0000b797          	auipc	a5,0xb
   13ffc:	4807a023          	sw	zero,1152(a5) # 1f478 <softfloat_roundingMode>
   14000:	ee5ff06f          	j	13ee4 <_zisk_float+0x3610>
   14004:	00400793          	li	a5,4
   14008:	0000b717          	auipc	a4,0xb
   1400c:	46f72823          	sw	a5,1136(a4) # 1f478 <softfloat_roundingMode>
   14010:	ed5ff06f          	j	13ee4 <_zisk_float+0x3610>
   14014:	00cb5793          	srli	a5,s6,0xc
   14018:	0077f913          	andi	s2,a5,7
   1401c:	00090513          	mv	a0,s2
   14020:	00400613          	li	a2,4
   14024:	00000693          	li	a3,0
   14028:	00000593          	li	a1,0
   1402c:	638060ef          	jal	1a664 <__ucmpdi2>
   14030:	00100793          	li	a5,1
   14034:	02a7e663          	bltu	a5,a0,14060 <_zisk_float+0x378c>
   14038:	0000b717          	auipc	a4,0xb
   1403c:	17870713          	addi	a4,a4,376 # 1f1b0 <softfloat_addM+0x3cc>
   14040:	00291913          	slli	s2,s2,0x2
   14044:	00e90933          	add	s2,s2,a4
   14048:	00092783          	lw	a5,0(s2)
   1404c:	00e787b3          	add	a5,a5,a4
   14050:	00078067          	jr	a5
   14054:	00300793          	li	a5,3
   14058:	0000b717          	auipc	a4,0xb
   1405c:	42f72023          	sw	a5,1056(a4) # 1f478 <softfloat_roundingMode>
   14060:	00042503          	lw	a0,0(s0) # 200000 <_float_lib_entry+0x100000>
   14064:	00442583          	lw	a1,4(s0)
   14068:	0004a703          	lw	a4,0(s1)
   1406c:	0044a783          	lw	a5,4(s1)
   14070:	000a2603          	lw	a2,0(s4)
   14074:	004a2683          	lw	a3,4(s4)
   14078:	00070593          	mv	a1,a4
   1407c:	37d060ef          	jal	1abf8 <f32_mulAdd>
   14080:	0000b617          	auipc	a2,0xb
   14084:	3f460613          	addi	a2,a2,1012 # 1f474 <softfloat_exceptionFlags>
   14088:	00062683          	lw	a3,0(a2)
   1408c:	00050713          	mv	a4,a0
   14090:	00000793          	li	a5,0
   14094:	0016f593          	andi	a1,a3,1
   14098:	02058063          	beqz	a1,140b8 <_zisk_float+0x37e4>
   1409c:	7f8005b7          	lui	a1,0x7f800
   140a0:	00b57833          	and	a6,a0,a1
   140a4:	00081463          	bnez	a6,140ac <_zisk_float+0x37d8>
   140a8:	66c0106f          	j	15714 <_zisk_float+0x4e40>
   140ac:	00b80663          	beq	a6,a1,140b8 <_zisk_float+0x37e4>
   140b0:	ffd6f693          	andi	a3,a3,-3
   140b4:	00d62023          	sw	a3,0(a2)
   140b8:	00e9a023          	sw	a4,0(s3)
   140bc:	00f9a223          	sw	a5,4(s3)
   140c0:	09812403          	lw	s0,152(sp)
   140c4:	09412483          	lw	s1,148(sp)
   140c8:	09012903          	lw	s2,144(sp)
   140cc:	08c12983          	lw	s3,140(sp)
   140d0:	08812a03          	lw	s4,136(sp)
   140d4:	01f6f313          	andi	t1,a3,31
   140d8:	8c1fc06f          	j	10998 <_zisk_float+0xc4>
   140dc:	00200793          	li	a5,2
   140e0:	0000b717          	auipc	a4,0xb
   140e4:	38f72c23          	sw	a5,920(a4) # 1f478 <softfloat_roundingMode>
   140e8:	f79ff06f          	j	14060 <_zisk_float+0x378c>
   140ec:	00100793          	li	a5,1
   140f0:	0000b717          	auipc	a4,0xb
   140f4:	38f72423          	sw	a5,904(a4) # 1f478 <softfloat_roundingMode>
   140f8:	f69ff06f          	j	14060 <_zisk_float+0x378c>
   140fc:	0000b797          	auipc	a5,0xb
   14100:	3607ae23          	sw	zero,892(a5) # 1f478 <softfloat_roundingMode>
   14104:	f5dff06f          	j	14060 <_zisk_float+0x378c>
   14108:	00400793          	li	a5,4
   1410c:	0000b717          	auipc	a4,0xb
   14110:	36f72623          	sw	a5,876(a4) # 1f478 <softfloat_roundingMode>
   14114:	f4dff06f          	j	14060 <_zisk_float+0x378c>
   14118:	00042603          	lw	a2,0(s0)
   1411c:	00442683          	lw	a3,4(s0)
   14120:	0146d713          	srli	a4,a3,0x14
   14124:	7ff77713          	andi	a4,a4,2047
   14128:	02071063          	bnez	a4,14148 <_zisk_float+0x3874>
   1412c:	00042603          	lw	a2,0(s0)
   14130:	00442683          	lw	a3,4(s0)
   14134:	00c69713          	slli	a4,a3,0xc
   14138:	00c75713          	srli	a4,a4,0xc
   1413c:	00c76733          	or	a4,a4,a2
   14140:	00071463          	bnez	a4,14148 <_zisk_float+0x3874>
   14144:	fadfc06f          	j	110f0 <_zisk_float+0x81c>
   14148:	00092603          	lw	a2,0(s2)
   1414c:	00492683          	lw	a3,4(s2)
   14150:	0146d713          	srli	a4,a3,0x14
   14154:	7ff77713          	andi	a4,a4,2047
   14158:	68071263          	bnez	a4,147dc <_zisk_float+0x3f08>
   1415c:	00092783          	lw	a5,0(s2)
   14160:	00492803          	lw	a6,4(s2)
   14164:	00100737          	lui	a4,0x100
   14168:	fff70713          	addi	a4,a4,-1 # fffff <softfloat_roundingMode+0xe0b87>
   1416c:	00e876b3          	and	a3,a6,a4
   14170:	00f6e6b3          	or	a3,a3,a5
   14174:	66069463          	bnez	a3,147dc <_zisk_float+0x3f08>
   14178:	0004a603          	lw	a2,0(s1)
   1417c:	0044a683          	lw	a3,4(s1)
   14180:	0146d613          	srli	a2,a3,0x14
   14184:	7ff67613          	andi	a2,a2,2047
   14188:	62061463          	bnez	a2,147b0 <_zisk_float+0x3edc>
   1418c:	0004a603          	lw	a2,0(s1)
   14190:	0044a683          	lw	a3,4(s1)
   14194:	00e6f733          	and	a4,a3,a4
   14198:	00c76733          	or	a4,a4,a2
   1419c:	60071a63          	bnez	a4,147b0 <_zisk_float+0x3edc>
   141a0:	0004a603          	lw	a2,0(s1)
   141a4:	0044a683          	lw	a3,4(s1)
   141a8:	00042703          	lw	a4,0(s0)
   141ac:	00442783          	lw	a5,4(s0)
   141b0:	00092703          	lw	a4,0(s2)
   141b4:	00f6c7b3          	xor	a5,a3,a5
   141b8:	0007d463          	bgez	a5,141c0 <_zisk_float+0x38ec>
   141bc:	0480306f          	j	17204 <_zisk_float+0x6930>
   141c0:	00492783          	lw	a5,4(s2)
   141c4:	0007d463          	bgez	a5,141cc <_zisk_float+0x38f8>
   141c8:	0400306f          	j	17208 <_zisk_float+0x6934>
   141cc:	00000713          	li	a4,0
   141d0:	800007b7          	lui	a5,0x80000
   141d4:	00e9a023          	sw	a4,0(s3)
   141d8:	00f9a223          	sw	a5,4(s3)
   141dc:	f5dfc06f          	j	11138 <_zisk_float+0x864>
   141e0:	000a2603          	lw	a2,0(s4)
   141e4:	004a2683          	lw	a3,4(s4)
   141e8:	00c69713          	slli	a4,a3,0xc
   141ec:	00c75713          	srli	a4,a4,0xc
   141f0:	00c76733          	or	a4,a4,a2
   141f4:	00071463          	bnez	a4,141fc <_zisk_float+0x3928>
   141f8:	a0dfc06f          	j	10c04 <_zisk_float+0x330>
   141fc:	000a2603          	lw	a2,0(s4)
   14200:	004a2683          	lw	a3,4(s4)
   14204:	00c69713          	slli	a4,a3,0xc
   14208:	00075463          	bgez	a4,14210 <_zisk_float+0x393c>
   1420c:	9f9fc06f          	j	10c04 <_zisk_float+0x330>
   14210:	9f1fd06f          	j	11c00 <_zisk_float+0x132c>
   14214:	0009a603          	lw	a2,0(s3)
   14218:	0049a683          	lw	a3,4(s3)
   1421c:	00961613          	slli	a2,a2,0x9
   14220:	00061463          	bnez	a2,14228 <_zisk_float+0x3954>
   14224:	eccfd06f          	j	118f0 <_zisk_float+0x101c>
   14228:	0009a783          	lw	a5,0(s3)
   1422c:	004006b7          	lui	a3,0x400
   14230:	0049a803          	lw	a6,4(s3)
   14234:	00d7f633          	and	a2,a5,a3
   14238:	00060463          	beqz	a2,14240 <_zisk_float+0x396c>
   1423c:	eb4fd06f          	j	118f0 <_zisk_float+0x101c>
   14240:	08c12983          	lw	s3,140(sp)
   14244:	ae5fd06f          	j	11d28 <_zisk_float+0x1454>
   14248:	00092603          	lw	a2,0(s2)
   1424c:	00492683          	lw	a3,4(s2)
   14250:	00961613          	slli	a2,a2,0x9
   14254:	00061463          	bnez	a2,1425c <_zisk_float+0x3988>
   14258:	ae4fd06f          	j	1153c <_zisk_float+0xc68>
   1425c:	00092603          	lw	a2,0(s2)
   14260:	00400737          	lui	a4,0x400
   14264:	00492683          	lw	a3,4(s2)
   14268:	00e67633          	and	a2,a2,a4
   1426c:	00060463          	beqz	a2,14274 <_zisk_float+0x39a0>
   14270:	accfd06f          	j	1153c <_zisk_float+0xc68>
   14274:	8b1fd06f          	j	11b24 <_zisk_float+0x1250>
   14278:	00092503          	lw	a0,0(s2)
   1427c:	00492583          	lw	a1,4(s2)
   14280:	00c59713          	slli	a4,a1,0xc
   14284:	00c75713          	srli	a4,a4,0xc
   14288:	00a76733          	or	a4,a4,a0
   1428c:	00071463          	bnez	a4,14294 <_zisk_float+0x39c0>
   14290:	d75fc06f          	j	11004 <_zisk_float+0x730>
   14294:	00092503          	lw	a0,0(s2)
   14298:	00492583          	lw	a1,4(s2)
   1429c:	00c59713          	slli	a4,a1,0xc
   142a0:	00075463          	bgez	a4,142a8 <_zisk_float+0x39d4>
   142a4:	d61fc06f          	j	11004 <_zisk_float+0x730>
   142a8:	819fd06f          	j	11ac0 <_zisk_float+0x11ec>
   142ac:	0009a603          	lw	a2,0(s3)
   142b0:	0049a683          	lw	a3,4(s3)
   142b4:	00961613          	slli	a2,a2,0x9
   142b8:	00061463          	bnez	a2,142c0 <_zisk_float+0x39ec>
   142bc:	c5cfd06f          	j	11718 <_zisk_float+0xe44>
   142c0:	0009a783          	lw	a5,0(s3)
   142c4:	004006b7          	lui	a3,0x400
   142c8:	0049a803          	lw	a6,4(s3)
   142cc:	00d7f633          	and	a2,a5,a3
   142d0:	00060463          	beqz	a2,142d8 <_zisk_float+0x3a04>
   142d4:	c44fd06f          	j	11718 <_zisk_float+0xe44>
   142d8:	08c12983          	lw	s3,140(sp)
   142dc:	9e9fd06f          	j	11cc4 <_zisk_float+0x13f0>
   142e0:	00092503          	lw	a0,0(s2)
   142e4:	00492583          	lw	a1,4(s2)
   142e8:	00c59713          	slli	a4,a1,0xc
   142ec:	00c75713          	srli	a4,a4,0xc
   142f0:	00a76733          	or	a4,a4,a0
   142f4:	00071463          	bnez	a4,142fc <_zisk_float+0x3a28>
   142f8:	b09fc06f          	j	10e00 <_zisk_float+0x52c>
   142fc:	00092503          	lw	a0,0(s2)
   14300:	00492583          	lw	a1,4(s2)
   14304:	00c59713          	slli	a4,a1,0xc
   14308:	00075463          	bgez	a4,14310 <_zisk_float+0x3a3c>
   1430c:	af5fc06f          	j	10e00 <_zisk_float+0x52c>
   14310:	881fd06f          	j	11b90 <_zisk_float+0x12bc>
   14314:	00092503          	lw	a0,0(s2)
   14318:	00800737          	lui	a4,0x800
   1431c:	fff70713          	addi	a4,a4,-1 # 7fffff <_float_lib_entry+0x6fffff>
   14320:	00492583          	lw	a1,4(s2)
   14324:	00e57533          	and	a0,a0,a4
   14328:	00050463          	beqz	a0,14330 <_zisk_float+0x3a5c>
   1432c:	c10fd06f          	j	1173c <_zisk_float+0xe68>
   14330:	00042503          	lw	a0,0(s0)
   14334:	00442583          	lw	a1,4(s0)
   14338:	00c57533          	and	a0,a0,a2
   1433c:	00050463          	beqz	a0,14344 <_zisk_float+0x3a70>
   14340:	bfcfd06f          	j	1173c <_zisk_float+0xe68>
   14344:	00042603          	lw	a2,0(s0)
   14348:	00442683          	lw	a3,4(s0)
   1434c:	00e67633          	and	a2,a2,a4
   14350:	00060463          	beqz	a2,14358 <_zisk_float+0x3a84>
   14354:	be8fd06f          	j	1173c <_zisk_float+0xe68>
   14358:	7fc00737          	lui	a4,0x7fc00
   1435c:	00e4a023          	sw	a4,0(s1)
   14360:	00000793          	li	a5,0
   14364:	00f4a223          	sw	a5,4(s1)
   14368:	01000513          	li	a0,16
   1436c:	2610a0ef          	jal	1edcc <softfloat_raiseFlags>
   14370:	0000b697          	auipc	a3,0xb
   14374:	1046a683          	lw	a3,260(a3) # 1f474 <softfloat_exceptionFlags>
   14378:	09812403          	lw	s0,152(sp)
   1437c:	09412483          	lw	s1,148(sp)
   14380:	09012903          	lw	s2,144(sp)
   14384:	08c12983          	lw	s3,140(sp)
   14388:	01f6f313          	andi	t1,a3,31
   1438c:	e0cfc06f          	j	10998 <_zisk_float+0xc4>
   14390:	0004a503          	lw	a0,0(s1)
   14394:	0044a583          	lw	a1,4(s1)
   14398:	00100737          	lui	a4,0x100
   1439c:	fff70713          	addi	a4,a4,-1 # fffff <softfloat_roundingMode+0xe0b87>
   143a0:	00e5f6b3          	and	a3,a1,a4
   143a4:	00a6e6b3          	or	a3,a3,a0
   143a8:	00068463          	beqz	a3,143b0 <_zisk_float+0x3adc>
   143ac:	a7dfc06f          	j	10e28 <_zisk_float+0x554>
   143b0:	00042503          	lw	a0,0(s0)
   143b4:	00442583          	lw	a1,4(s0)
   143b8:	00c5f633          	and	a2,a1,a2
   143bc:	00060463          	beqz	a2,143c4 <_zisk_float+0x3af0>
   143c0:	a69fc06f          	j	10e28 <_zisk_float+0x554>
   143c4:	00042603          	lw	a2,0(s0)
   143c8:	00442683          	lw	a3,4(s0)
   143cc:	00e6f733          	and	a4,a3,a4
   143d0:	00c76733          	or	a4,a4,a2
   143d4:	00070463          	beqz	a4,143dc <_zisk_float+0x3b08>
   143d8:	a51fc06f          	j	10e28 <_zisk_float+0x554>
   143dc:	00000713          	li	a4,0
   143e0:	00e9a023          	sw	a4,0(s3)
   143e4:	7ff807b7          	lui	a5,0x7ff80
   143e8:	00f9a223          	sw	a5,4(s3)
   143ec:	01000513          	li	a0,16
   143f0:	1dd0a0ef          	jal	1edcc <softfloat_raiseFlags>
   143f4:	0000b697          	auipc	a3,0xb
   143f8:	0806a683          	lw	a3,128(a3) # 1f474 <softfloat_exceptionFlags>
   143fc:	09812403          	lw	s0,152(sp)
   14400:	09412483          	lw	s1,148(sp)
   14404:	09012903          	lw	s2,144(sp)
   14408:	08c12983          	lw	s3,140(sp)
   1440c:	01f6f313          	andi	t1,a3,31
   14410:	d88fc06f          	j	10998 <_zisk_float+0xc4>
   14414:	00092503          	lw	a0,0(s2)
   14418:	00800737          	lui	a4,0x800
   1441c:	fff70713          	addi	a4,a4,-1 # 7fffff <_float_lib_entry+0x6fffff>
   14420:	00492583          	lw	a1,4(s2)
   14424:	00e57533          	and	a0,a0,a4
   14428:	00050463          	beqz	a0,14430 <_zisk_float+0x3b5c>
   1442c:	ce8fd06f          	j	11914 <_zisk_float+0x1040>
   14430:	00042503          	lw	a0,0(s0)
   14434:	00442583          	lw	a1,4(s0)
   14438:	00c57533          	and	a0,a0,a2
   1443c:	00050463          	beqz	a0,14444 <_zisk_float+0x3b70>
   14440:	cd4fd06f          	j	11914 <_zisk_float+0x1040>
   14444:	00042603          	lw	a2,0(s0)
   14448:	00442683          	lw	a3,4(s0)
   1444c:	00e67633          	and	a2,a2,a4
   14450:	00060463          	beqz	a2,14458 <_zisk_float+0x3b84>
   14454:	cc0fd06f          	j	11914 <_zisk_float+0x1040>
   14458:	7fc00737          	lui	a4,0x7fc00
   1445c:	00e4a023          	sw	a4,0(s1)
   14460:	00000793          	li	a5,0
   14464:	00f4a223          	sw	a5,4(s1)
   14468:	01000513          	li	a0,16
   1446c:	1610a0ef          	jal	1edcc <softfloat_raiseFlags>
   14470:	0000b697          	auipc	a3,0xb
   14474:	0046a683          	lw	a3,4(a3) # 1f474 <softfloat_exceptionFlags>
   14478:	09812403          	lw	s0,152(sp)
   1447c:	09412483          	lw	s1,148(sp)
   14480:	09012903          	lw	s2,144(sp)
   14484:	08c12983          	lw	s3,140(sp)
   14488:	01f6f313          	andi	t1,a3,31
   1448c:	d0cfc06f          	j	10998 <_zisk_float+0xc4>
   14490:	0004a503          	lw	a0,0(s1)
   14494:	0044a583          	lw	a1,4(s1)
   14498:	00100737          	lui	a4,0x100
   1449c:	fff70713          	addi	a4,a4,-1 # fffff <softfloat_roundingMode+0xe0b87>
   144a0:	00e5f6b3          	and	a3,a1,a4
   144a4:	00a6e6b3          	or	a3,a3,a0
   144a8:	00068463          	beqz	a3,144b0 <_zisk_float+0x3bdc>
   144ac:	b81fc06f          	j	1102c <_zisk_float+0x758>
   144b0:	00042503          	lw	a0,0(s0)
   144b4:	00442583          	lw	a1,4(s0)
   144b8:	00c5f633          	and	a2,a1,a2
   144bc:	00060463          	beqz	a2,144c4 <_zisk_float+0x3bf0>
   144c0:	b6dfc06f          	j	1102c <_zisk_float+0x758>
   144c4:	00042603          	lw	a2,0(s0)
   144c8:	00442683          	lw	a3,4(s0)
   144cc:	00e6f733          	and	a4,a3,a4
   144d0:	00c76733          	or	a4,a4,a2
   144d4:	00070463          	beqz	a4,144dc <_zisk_float+0x3c08>
   144d8:	b55fc06f          	j	1102c <_zisk_float+0x758>
   144dc:	00000713          	li	a4,0
   144e0:	00e9a023          	sw	a4,0(s3)
   144e4:	7ff807b7          	lui	a5,0x7ff80
   144e8:	00f9a223          	sw	a5,4(s3)
   144ec:	01000513          	li	a0,16
   144f0:	0dd0a0ef          	jal	1edcc <softfloat_raiseFlags>
   144f4:	0000b697          	auipc	a3,0xb
   144f8:	f806a683          	lw	a3,-128(a3) # 1f474 <softfloat_exceptionFlags>
   144fc:	09812403          	lw	s0,152(sp)
   14500:	09412483          	lw	s1,148(sp)
   14504:	09012903          	lw	s2,144(sp)
   14508:	08c12983          	lw	s3,140(sp)
   1450c:	01f6f313          	andi	t1,a3,31
   14510:	c88fc06f          	j	10998 <_zisk_float+0xc4>
   14514:	0004a503          	lw	a0,0(s1)
   14518:	0044a583          	lw	a1,4(s1)
   1451c:	00100737          	lui	a4,0x100
   14520:	fff70713          	addi	a4,a4,-1 # fffff <softfloat_roundingMode+0xe0b87>
   14524:	00e5f633          	and	a2,a1,a4
   14528:	00a66633          	or	a2,a2,a0
   1452c:	00060463          	beqz	a2,14534 <_zisk_float+0x3c60>
   14530:	eecfc06f          	j	10c1c <_zisk_float+0x348>
   14534:	00042503          	lw	a0,0(s0)
   14538:	00442583          	lw	a1,4(s0)
   1453c:	00d5f6b3          	and	a3,a1,a3
   14540:	00068463          	beqz	a3,14548 <_zisk_float+0x3c74>
   14544:	ed8fc06f          	j	10c1c <_zisk_float+0x348>
   14548:	00042603          	lw	a2,0(s0)
   1454c:	00442683          	lw	a3,4(s0)
   14550:	00e6f733          	and	a4,a3,a4
   14554:	00c76733          	or	a4,a4,a2
   14558:	00070463          	beqz	a4,14560 <_zisk_float+0x3c8c>
   1455c:	ec0fc06f          	j	10c1c <_zisk_float+0x348>
   14560:	003a9793          	slli	a5,s5,0x3
   14564:	00200737          	lui	a4,0x200
   14568:	00e787b3          	add	a5,a5,a4
   1456c:	00000613          	li	a2,0
   14570:	7ff806b7          	lui	a3,0x7ff80
   14574:	00c7a023          	sw	a2,0(a5) # 7ff80000 <_float_lib_entry+0x7fe80000>
   14578:	00d7a223          	sw	a3,4(a5)
   1457c:	01000513          	li	a0,16
   14580:	04d0a0ef          	jal	1edcc <softfloat_raiseFlags>
   14584:	0000b697          	auipc	a3,0xb
   14588:	ef06a683          	lw	a3,-272(a3) # 1f474 <softfloat_exceptionFlags>
   1458c:	09812403          	lw	s0,152(sp)
   14590:	09412483          	lw	s1,148(sp)
   14594:	09012903          	lw	s2,144(sp)
   14598:	08812a03          	lw	s4,136(sp)
   1459c:	08412a83          	lw	s5,132(sp)
   145a0:	01f6f313          	andi	t1,a3,31
   145a4:	bf4fc06f          	j	10998 <_zisk_float+0xc4>
   145a8:	0004a503          	lw	a0,0(s1)
   145ac:	00800737          	lui	a4,0x800
   145b0:	fff70713          	addi	a4,a4,-1 # 7fffff <_float_lib_entry+0x6fffff>
   145b4:	0044a583          	lw	a1,4(s1)
   145b8:	00e57533          	and	a0,a0,a4
   145bc:	00050463          	beqz	a0,145c4 <_zisk_float+0x3cf0>
   145c0:	f95fc06f          	j	11554 <_zisk_float+0xc80>
   145c4:	00042503          	lw	a0,0(s0)
   145c8:	00442583          	lw	a1,4(s0)
   145cc:	00c57533          	and	a0,a0,a2
   145d0:	00050463          	beqz	a0,145d8 <_zisk_float+0x3d04>
   145d4:	f81fc06f          	j	11554 <_zisk_float+0xc80>
   145d8:	00042603          	lw	a2,0(s0)
   145dc:	00442683          	lw	a3,4(s0)
   145e0:	00e67633          	and	a2,a2,a4
   145e4:	00060463          	beqz	a2,145ec <_zisk_float+0x3d18>
   145e8:	f6dfc06f          	j	11554 <_zisk_float+0xc80>
   145ec:	00399793          	slli	a5,s3,0x3
   145f0:	00200737          	lui	a4,0x200
   145f4:	00e787b3          	add	a5,a5,a4
   145f8:	7fc00637          	lui	a2,0x7fc00
   145fc:	00000693          	li	a3,0
   14600:	00c7a023          	sw	a2,0(a5)
   14604:	00d7a223          	sw	a3,4(a5)
   14608:	01000513          	li	a0,16
   1460c:	7c00a0ef          	jal	1edcc <softfloat_raiseFlags>
   14610:	0000b697          	auipc	a3,0xb
   14614:	e646a683          	lw	a3,-412(a3) # 1f474 <softfloat_exceptionFlags>
   14618:	09812403          	lw	s0,152(sp)
   1461c:	09412483          	lw	s1,148(sp)
   14620:	09012903          	lw	s2,144(sp)
   14624:	08c12983          	lw	s3,140(sp)
   14628:	01f6f313          	andi	t1,a3,31
   1462c:	b6cfc06f          	j	10998 <_zisk_float+0xc4>
   14630:	000a2503          	lw	a0,0(s4)
   14634:	004a2583          	lw	a1,4(s4)
   14638:	00c59613          	slli	a2,a1,0xc
   1463c:	00c65613          	srli	a2,a2,0xc
   14640:	00a66633          	or	a2,a2,a0
   14644:	00061463          	bnez	a2,1464c <_zisk_float+0x3d78>
   14648:	b45fc06f          	j	1118c <_zisk_float+0x8b8>
   1464c:	08812a03          	lw	s4,136(sp)
   14650:	f58fd06f          	j	11da8 <_zisk_float+0x14d4>
   14654:	0004a603          	lw	a2,0(s1)
   14658:	0044a683          	lw	a3,4(s1)
   1465c:	00961613          	slli	a2,a2,0x9
   14660:	00060463          	beqz	a2,14668 <_zisk_float+0x3d94>
   14664:	895fd06f          	j	11ef8 <_zisk_float+0x1624>
   14668:	d29fc06f          	j	11390 <_zisk_float+0xabc>
   1466c:	0004a603          	lw	a2,0(s1)
   14670:	0044a683          	lw	a3,4(s1)
   14674:	00c69713          	slli	a4,a3,0xc
   14678:	00074463          	bltz	a4,14680 <_zisk_float+0x3dac>
   1467c:	a11fc06f          	j	1108c <_zisk_float+0x7b8>
   14680:	00000713          	li	a4,0
   14684:	7ff807b7          	lui	a5,0x7ff80
   14688:	00e9a023          	sw	a4,0(s3)
   1468c:	00f9a223          	sw	a5,4(s3)
   14690:	aa9fc06f          	j	11138 <_zisk_float+0x864>
   14694:	0004a603          	lw	a2,0(s1)
   14698:	0044a683          	lw	a3,4(s1)
   1469c:	00c69713          	slli	a4,a3,0xc
   146a0:	00074463          	bltz	a4,146a8 <_zisk_float+0x3dd4>
   146a4:	fe4fc06f          	j	10e88 <_zisk_float+0x5b4>
   146a8:	00000713          	li	a4,0
   146ac:	7ff807b7          	lui	a5,0x7ff80
   146b0:	00e9a023          	sw	a4,0(s3)
   146b4:	00f9a223          	sw	a5,4(s3)
   146b8:	8a5fc06f          	j	10f5c <_zisk_float+0x688>
   146bc:	00092603          	lw	a2,0(s2)
   146c0:	00400737          	lui	a4,0x400
   146c4:	00492683          	lw	a3,4(s2)
   146c8:	00e67633          	and	a2,a2,a4
   146cc:	00061463          	bnez	a2,146d4 <_zisk_float+0x3e00>
   146d0:	a9cfd06f          	j	1196c <_zisk_float+0x1098>
   146d4:	7fc00737          	lui	a4,0x7fc00
   146d8:	00000793          	li	a5,0
   146dc:	00e4a023          	sw	a4,0(s1)
   146e0:	00f4a223          	sw	a5,4(s1)
   146e4:	b58fd06f          	j	11a3c <_zisk_float+0x1168>
   146e8:	00092603          	lw	a2,0(s2)
   146ec:	00400737          	lui	a4,0x400
   146f0:	00492683          	lw	a3,4(s2)
   146f4:	00e67633          	and	a2,a2,a4
   146f8:	00061463          	bnez	a2,14700 <_zisk_float+0x3e2c>
   146fc:	898fd06f          	j	11794 <_zisk_float+0xec0>
   14700:	7fc00737          	lui	a4,0x7fc00
   14704:	00000793          	li	a5,0
   14708:	00e4a023          	sw	a4,0(s1)
   1470c:	00f4a223          	sw	a5,4(s1)
   14710:	948fd06f          	j	11858 <_zisk_float+0xf84>
   14714:	0004a603          	lw	a2,0(s1)
   14718:	0044a683          	lw	a3,4(s1)
   1471c:	00961613          	slli	a2,a2,0x9
   14720:	00061463          	bnez	a2,14728 <_zisk_float+0x3e54>
   14724:	e89fc06f          	j	115ac <_zisk_float+0xcd8>
   14728:	002007b7          	lui	a5,0x200
   1472c:	00399693          	slli	a3,s3,0x3
   14730:	00f686b3          	add	a3,a3,a5
   14734:	7fc00737          	lui	a4,0x7fc00
   14738:	00000793          	li	a5,0
   1473c:	00e6a023          	sw	a4,0(a3)
   14740:	00f6a223          	sw	a5,4(a3)
   14744:	09812403          	lw	s0,152(sp)
   14748:	09412483          	lw	s1,148(sp)
   1474c:	09012903          	lw	s2,144(sp)
   14750:	08c12983          	lw	s3,140(sp)
   14754:	00000313          	li	t1,0
   14758:	a40fc06f          	j	10998 <_zisk_float+0xc4>
   1475c:	0004a603          	lw	a2,0(s1)
   14760:	0044a683          	lw	a3,4(s1)
   14764:	00c69713          	slli	a4,a3,0xc
   14768:	00c75713          	srli	a4,a4,0xc
   1476c:	00c76733          	or	a4,a4,a2
   14770:	00071463          	bnez	a4,14778 <_zisk_float+0x3ea4>
   14774:	d08fc06f          	j	10c7c <_zisk_float+0x3a8>
   14778:	002007b7          	lui	a5,0x200
   1477c:	003a9693          	slli	a3,s5,0x3
   14780:	00f686b3          	add	a3,a3,a5
   14784:	00000713          	li	a4,0
   14788:	7ff807b7          	lui	a5,0x7ff80
   1478c:	00e6a023          	sw	a4,0(a3)
   14790:	00f6a223          	sw	a5,4(a3)
   14794:	09812403          	lw	s0,152(sp)
   14798:	09412483          	lw	s1,148(sp)
   1479c:	09012903          	lw	s2,144(sp)
   147a0:	08812a03          	lw	s4,136(sp)
   147a4:	08412a83          	lw	s5,132(sp)
   147a8:	00000313          	li	t1,0
   147ac:	9ecfc06f          	j	10998 <_zisk_float+0xc4>
   147b0:	00042603          	lw	a2,0(s0)
   147b4:	00442683          	lw	a3,4(s0)
   147b8:	0146d713          	srli	a4,a3,0x14
   147bc:	7ff77713          	andi	a4,a4,2047
   147c0:	00071e63          	bnez	a4,147dc <_zisk_float+0x3f08>
   147c4:	00042603          	lw	a2,0(s0)
   147c8:	00442683          	lw	a3,4(s0)
   147cc:	00c69713          	slli	a4,a3,0xc
   147d0:	00c75713          	srli	a4,a4,0xc
   147d4:	00c76733          	or	a4,a4,a2
   147d8:	9c0704e3          	beqz	a4,141a0 <_zisk_float+0x38cc>
   147dc:	00cb5793          	srli	a5,s6,0xc
   147e0:	09412423          	sw	s4,136(sp)
   147e4:	0077fa13          	andi	s4,a5,7
   147e8:	000a0513          	mv	a0,s4
   147ec:	00400613          	li	a2,4
   147f0:	00000693          	li	a3,0
   147f4:	00000593          	li	a1,0
   147f8:	66d050ef          	jal	1a664 <__ucmpdi2>
   147fc:	00100793          	li	a5,1
   14800:	00a7f463          	bgeu	a5,a0,14808 <_zisk_float+0x3f34>
   14804:	2880106f          	j	15a8c <_zisk_float+0x51b8>
   14808:	0000b717          	auipc	a4,0xb
   1480c:	9bc70713          	addi	a4,a4,-1604 # 1f1c4 <softfloat_addM+0x3e0>
   14810:	002a1793          	slli	a5,s4,0x2
   14814:	00e787b3          	add	a5,a5,a4
   14818:	0007a783          	lw	a5,0(a5) # 7ff80000 <_float_lib_entry+0x7fe80000>
   1481c:	00e787b3          	add	a5,a5,a4
   14820:	00078067          	jr	a5
   14824:	0000b797          	auipc	a5,0xb
   14828:	c5478793          	addi	a5,a5,-940 # 1f478 <softfloat_roundingMode>
   1482c:	00200713          	li	a4,2
   14830:	00e7a023          	sw	a4,0(a5)
   14834:	0004a503          	lw	a0,0(s1)
   14838:	0044a583          	lw	a1,4(s1)
   1483c:	00042603          	lw	a2,0(s0)
   14840:	00442683          	lw	a3,4(s0)
   14844:	00092703          	lw	a4,0(s2)
   14848:	00492783          	lw	a5,4(s2)
   1484c:	058070ef          	jal	1b8a4 <f64_mulAdd>
   14850:	0000b817          	auipc	a6,0xb
   14854:	c2480813          	addi	a6,a6,-988 # 1f474 <softfloat_exceptionFlags>
   14858:	00082683          	lw	a3,0(a6)
   1485c:	0016f713          	andi	a4,a3,1
   14860:	56071ae3          	bnez	a4,155d4 <_zisk_float+0x4d00>
   14864:	00a5e7b3          	or	a5,a1,a0
   14868:	4a079063          	bnez	a5,14d08 <_zisk_float+0x4434>
   1486c:	00000793          	li	a5,0
   14870:	00f9a023          	sw	a5,0(s3)
   14874:	00000813          	li	a6,0
   14878:	0109a223          	sw	a6,4(s3)
   1487c:	09812403          	lw	s0,152(sp)
   14880:	09412483          	lw	s1,148(sp)
   14884:	09012903          	lw	s2,144(sp)
   14888:	08c12983          	lw	s3,140(sp)
   1488c:	08812a03          	lw	s4,136(sp)
   14890:	01f6f313          	andi	t1,a3,31
   14894:	904fc06f          	j	10998 <_zisk_float+0xc4>
   14898:	0000b797          	auipc	a5,0xb
   1489c:	be078793          	addi	a5,a5,-1056 # 1f478 <softfloat_roundingMode>
   148a0:	00300713          	li	a4,3
   148a4:	00e7a023          	sw	a4,0(a5)
   148a8:	f8dff06f          	j	14834 <_zisk_float+0x3f60>
   148ac:	00100793          	li	a5,1
   148b0:	0000b717          	auipc	a4,0xb
   148b4:	bcf72423          	sw	a5,-1080(a4) # 1f478 <softfloat_roundingMode>
   148b8:	f7dff06f          	j	14834 <_zisk_float+0x3f60>
   148bc:	0000b797          	auipc	a5,0xb
   148c0:	ba07ae23          	sw	zero,-1092(a5) # 1f478 <softfloat_roundingMode>
   148c4:	f71ff06f          	j	14834 <_zisk_float+0x3f60>
   148c8:	00400793          	li	a5,4
   148cc:	0000b717          	auipc	a4,0xb
   148d0:	baf72623          	sw	a5,-1108(a4) # 1f478 <softfloat_roundingMode>
   148d4:	f61ff06f          	j	14834 <_zisk_float+0x3f60>
   148d8:	000a2603          	lw	a2,0(s4)
   148dc:	004a2683          	lw	a3,4(s4)
   148e0:	00961613          	slli	a2,a2,0x9
   148e4:	00061463          	bnez	a2,148ec <_zisk_float+0x4018>
   148e8:	ad1fc06f          	j	113b8 <_zisk_float+0xae4>
   148ec:	08812a03          	lw	s4,136(sp)
   148f0:	e08fd06f          	j	11ef8 <_zisk_float+0x1624>
   148f4:	00042603          	lw	a2,0(s0)
   148f8:	7f800737          	lui	a4,0x7f800
   148fc:	00442683          	lw	a3,4(s0)
   14900:	00e67633          	and	a2,a2,a4
   14904:	00061c63          	bnez	a2,1491c <_zisk_float+0x4048>
   14908:	00042603          	lw	a2,0(s0)
   1490c:	00442683          	lw	a3,4(s0)
   14910:	00961613          	slli	a2,a2,0x9
   14914:	00061463          	bnez	a2,1491c <_zisk_float+0x4048>
   14918:	8e0fd06f          	j	119f8 <_zisk_float+0x1124>
   1491c:	0009a603          	lw	a2,0(s3)
   14920:	7f8005b7          	lui	a1,0x7f800
   14924:	0049a683          	lw	a3,4(s3)
   14928:	00b67633          	and	a2,a2,a1
   1492c:	5a061a63          	bnez	a2,14ee0 <_zisk_float+0x460c>
   14930:	0009a603          	lw	a2,0(s3)
   14934:	00800737          	lui	a4,0x800
   14938:	fff70713          	addi	a4,a4,-1 # 7fffff <_float_lib_entry+0x6fffff>
   1493c:	0049a683          	lw	a3,4(s3)
   14940:	00e67633          	and	a2,a2,a4
   14944:	58061e63          	bnez	a2,14ee0 <_zisk_float+0x460c>
   14948:	00092603          	lw	a2,0(s2)
   1494c:	00492683          	lw	a3,4(s2)
   14950:	00b67633          	and	a2,a2,a1
   14954:	56061463          	bnez	a2,14ebc <_zisk_float+0x45e8>
   14958:	00092603          	lw	a2,0(s2)
   1495c:	00492683          	lw	a3,4(s2)
   14960:	00e67633          	and	a2,a2,a4
   14964:	54061c63          	bnez	a2,14ebc <_zisk_float+0x45e8>
   14968:	00092503          	lw	a0,0(s2)
   1496c:	00492583          	lw	a1,4(s2)
   14970:	00042603          	lw	a2,0(s0)
   14974:	00442683          	lw	a3,4(s0)
   14978:	00100713          	li	a4,1
   1497c:	04059063          	bnez	a1,149bc <_zisk_float+0x40e8>
   14980:	02054e63          	bltz	a0,149bc <_zisk_float+0x40e8>
   14984:	00100793          	li	a5,1
   14988:	02069663          	bnez	a3,149b4 <_zisk_float+0x40e0>
   1498c:	02064463          	bltz	a2,149b4 <_zisk_float+0x40e0>
   14990:	00f71463          	bne	a4,a5,14998 <_zisk_float+0x40c4>
   14994:	4790406f          	j	1960c <_zisk_float+0x8d38>
   14998:	0009a703          	lw	a4,0(s3)
   1499c:	0049a783          	lw	a5,4(s3)
   149a0:	00000793          	li	a5,0
   149a4:	00000813          	li	a6,0
   149a8:	00f4a023          	sw	a5,0(s1)
   149ac:	0104a223          	sw	a6,4(s1)
   149b0:	88cfd06f          	j	11a3c <_zisk_float+0x1168>
   149b4:	00000793          	li	a5,0
   149b8:	fd9ff06f          	j	14990 <_zisk_float+0x40bc>
   149bc:	00000713          	li	a4,0
   149c0:	fc5ff06f          	j	14984 <_zisk_float+0x40b0>
   149c4:	00042603          	lw	a2,0(s0)
   149c8:	00442683          	lw	a3,4(s0)
   149cc:	0146d713          	srli	a4,a3,0x14
   149d0:	7ff77713          	andi	a4,a4,2047
   149d4:	02071063          	bnez	a4,149f4 <_zisk_float+0x4120>
   149d8:	00042603          	lw	a2,0(s0)
   149dc:	00442683          	lw	a3,4(s0)
   149e0:	00c69713          	slli	a4,a3,0xc
   149e4:	00c75713          	srli	a4,a4,0xc
   149e8:	00c76733          	or	a4,a4,a2
   149ec:	00071463          	bnez	a4,149f4 <_zisk_float+0x4120>
   149f0:	d2cfc06f          	j	10f1c <_zisk_float+0x648>
   149f4:	00cb5793          	srli	a5,s6,0xc
   149f8:	0077fb13          	andi	s6,a5,7
   149fc:	000b0513          	mv	a0,s6
   14a00:	00400613          	li	a2,4
   14a04:	00000693          	li	a3,0
   14a08:	00000593          	li	a1,0
   14a0c:	09412423          	sw	s4,136(sp)
   14a10:	09512223          	sw	s5,132(sp)
   14a14:	451050ef          	jal	1a664 <__ucmpdi2>
   14a18:	00100793          	li	a5,1
   14a1c:	02a7e663          	bltu	a5,a0,14a48 <_zisk_float+0x4174>
   14a20:	0000a717          	auipc	a4,0xa
   14a24:	7b870713          	addi	a4,a4,1976 # 1f1d8 <softfloat_addM+0x3f4>
   14a28:	002b1793          	slli	a5,s6,0x2
   14a2c:	00e787b3          	add	a5,a5,a4
   14a30:	0007a783          	lw	a5,0(a5)
   14a34:	00e787b3          	add	a5,a5,a4
   14a38:	00078067          	jr	a5
   14a3c:	00300793          	li	a5,3
   14a40:	0000b717          	auipc	a4,0xb
   14a44:	a2f72c23          	sw	a5,-1480(a4) # 1f478 <softfloat_roundingMode>
   14a48:	0004a803          	lw	a6,0(s1)
   14a4c:	0044a883          	lw	a7,4(s1)
   14a50:	00042603          	lw	a2,0(s0)
   14a54:	00442683          	lw	a3,4(s0)
   14a58:	00092703          	lw	a4,0(s2)
   14a5c:	00492783          	lw	a5,4(s2)
   14a60:	800005b7          	lui	a1,0x80000
   14a64:	00080513          	mv	a0,a6
   14a68:	0115c5b3          	xor	a1,a1,a7
   14a6c:	639060ef          	jal	1b8a4 <f64_mulAdd>
   14a70:	0000b817          	auipc	a6,0xb
   14a74:	a0480813          	addi	a6,a6,-1532 # 1f474 <softfloat_exceptionFlags>
   14a78:	00082683          	lw	a3,0(a6)
   14a7c:	00050a13          	mv	s4,a0
   14a80:	00058a93          	mv	s5,a1
   14a84:	0016f713          	andi	a4,a3,1
   14a88:	02070063          	beqz	a4,14aa8 <_zisk_float+0x41d4>
   14a8c:	7ff00737          	lui	a4,0x7ff00
   14a90:	00e5f633          	and	a2,a1,a4
   14a94:	00061463          	bnez	a2,14a9c <_zisk_float+0x41c8>
   14a98:	0640106f          	j	15afc <_zisk_float+0x5228>
   14a9c:	00e60663          	beq	a2,a4,14aa8 <_zisk_float+0x41d4>
   14aa0:	ffd6f693          	andi	a3,a3,-3
   14aa4:	00d82023          	sw	a3,0(a6)
   14aa8:	0149a023          	sw	s4,0(s3)
   14aac:	0159a223          	sw	s5,4(s3)
   14ab0:	09812403          	lw	s0,152(sp)
   14ab4:	09412483          	lw	s1,148(sp)
   14ab8:	09012903          	lw	s2,144(sp)
   14abc:	08c12983          	lw	s3,140(sp)
   14ac0:	08812a03          	lw	s4,136(sp)
   14ac4:	08412a83          	lw	s5,132(sp)
   14ac8:	01f6f313          	andi	t1,a3,31
   14acc:	ecdfb06f          	j	10998 <_zisk_float+0xc4>
   14ad0:	00200793          	li	a5,2
   14ad4:	0000b717          	auipc	a4,0xb
   14ad8:	9af72223          	sw	a5,-1628(a4) # 1f478 <softfloat_roundingMode>
   14adc:	f6dff06f          	j	14a48 <_zisk_float+0x4174>
   14ae0:	00100793          	li	a5,1
   14ae4:	0000b717          	auipc	a4,0xb
   14ae8:	98f72a23          	sw	a5,-1644(a4) # 1f478 <softfloat_roundingMode>
   14aec:	f5dff06f          	j	14a48 <_zisk_float+0x4174>
   14af0:	0000b797          	auipc	a5,0xb
   14af4:	9807a423          	sw	zero,-1656(a5) # 1f478 <softfloat_roundingMode>
   14af8:	f51ff06f          	j	14a48 <_zisk_float+0x4174>
   14afc:	00400793          	li	a5,4
   14b00:	0000b717          	auipc	a4,0xb
   14b04:	96f72c23          	sw	a5,-1672(a4) # 1f478 <softfloat_roundingMode>
   14b08:	f41ff06f          	j	14a48 <_zisk_float+0x4174>
   14b0c:	000aa503          	lw	a0,0(s5)
   14b10:	004aa583          	lw	a1,4(s5)
   14b14:	00c59613          	slli	a2,a1,0xc
   14b18:	00c65613          	srli	a2,a2,0xc
   14b1c:	00a66633          	or	a2,a2,a0
   14b20:	00061463          	bnez	a2,14b28 <_zisk_float+0x4254>
   14b24:	e90fc06f          	j	111b4 <_zisk_float+0x8e0>
   14b28:	08812a03          	lw	s4,136(sp)
   14b2c:	08412a83          	lw	s5,132(sp)
   14b30:	a78fd06f          	j	11da8 <_zisk_float+0x14d4>
   14b34:	00042603          	lw	a2,0(s0)
   14b38:	7f800737          	lui	a4,0x7f800
   14b3c:	00442683          	lw	a3,4(s0)
   14b40:	00e67633          	and	a2,a2,a4
   14b44:	00061c63          	bnez	a2,14b5c <_zisk_float+0x4288>
   14b48:	00042603          	lw	a2,0(s0)
   14b4c:	00442683          	lw	a3,4(s0)
   14b50:	00961613          	slli	a2,a2,0x9
   14b54:	00061463          	bnez	a2,14b5c <_zisk_float+0x4288>
   14b58:	cc9fc06f          	j	11820 <_zisk_float+0xf4c>
   14b5c:	00cb5793          	srli	a5,s6,0xc
   14b60:	09412423          	sw	s4,136(sp)
   14b64:	0077fa13          	andi	s4,a5,7
   14b68:	000a0513          	mv	a0,s4
   14b6c:	00400613          	li	a2,4
   14b70:	00000693          	li	a3,0
   14b74:	00000593          	li	a1,0
   14b78:	2ed050ef          	jal	1a664 <__ucmpdi2>
   14b7c:	00100793          	li	a5,1
   14b80:	02a7e663          	bltu	a5,a0,14bac <_zisk_float+0x42d8>
   14b84:	0000a717          	auipc	a4,0xa
   14b88:	66870713          	addi	a4,a4,1640 # 1f1ec <softfloat_addM+0x408>
   14b8c:	002a1793          	slli	a5,s4,0x2
   14b90:	00e787b3          	add	a5,a5,a4
   14b94:	0007a783          	lw	a5,0(a5)
   14b98:	00e787b3          	add	a5,a5,a4
   14b9c:	00078067          	jr	a5
   14ba0:	00300793          	li	a5,3
   14ba4:	0000b717          	auipc	a4,0xb
   14ba8:	8cf72a23          	sw	a5,-1836(a4) # 1f478 <softfloat_roundingMode>
   14bac:	00092503          	lw	a0,0(s2)
   14bb0:	00492583          	lw	a1,4(s2)
   14bb4:	00042803          	lw	a6,0(s0)
   14bb8:	00442883          	lw	a7,4(s0)
   14bbc:	0009a603          	lw	a2,0(s3)
   14bc0:	800007b7          	lui	a5,0x80000
   14bc4:	0049a683          	lw	a3,4(s3)
   14bc8:	00a7c533          	xor	a0,a5,a0
   14bcc:	00080593          	mv	a1,a6
   14bd0:	028060ef          	jal	1abf8 <f32_mulAdd>
   14bd4:	0000b617          	auipc	a2,0xb
   14bd8:	8a060613          	addi	a2,a2,-1888 # 1f474 <softfloat_exceptionFlags>
   14bdc:	00062683          	lw	a3,0(a2)
   14be0:	00050713          	mv	a4,a0
   14be4:	00000793          	li	a5,0
   14be8:	0016f593          	andi	a1,a3,1
   14bec:	00058e63          	beqz	a1,14c08 <_zisk_float+0x4334>
   14bf0:	7f8005b7          	lui	a1,0x7f800
   14bf4:	00b57833          	and	a6,a0,a1
   14bf8:	720802e3          	beqz	a6,15b1c <_zisk_float+0x5248>
   14bfc:	00b80663          	beq	a6,a1,14c08 <_zisk_float+0x4334>
   14c00:	ffd6f693          	andi	a3,a3,-3
   14c04:	00d62023          	sw	a3,0(a2)
   14c08:	00e4a023          	sw	a4,0(s1)
   14c0c:	00f4a223          	sw	a5,4(s1)
   14c10:	09812403          	lw	s0,152(sp)
   14c14:	09412483          	lw	s1,148(sp)
   14c18:	09012903          	lw	s2,144(sp)
   14c1c:	08c12983          	lw	s3,140(sp)
   14c20:	08812a03          	lw	s4,136(sp)
   14c24:	01f6f313          	andi	t1,a3,31
   14c28:	d71fb06f          	j	10998 <_zisk_float+0xc4>
   14c2c:	00400793          	li	a5,4
   14c30:	0000b717          	auipc	a4,0xb
   14c34:	84f72423          	sw	a5,-1976(a4) # 1f478 <softfloat_roundingMode>
   14c38:	f75ff06f          	j	14bac <_zisk_float+0x42d8>
   14c3c:	00100793          	li	a5,1
   14c40:	0000b717          	auipc	a4,0xb
   14c44:	82f72c23          	sw	a5,-1992(a4) # 1f478 <softfloat_roundingMode>
   14c48:	f65ff06f          	j	14bac <_zisk_float+0x42d8>
   14c4c:	0000b797          	auipc	a5,0xb
   14c50:	8207a623          	sw	zero,-2004(a5) # 1f478 <softfloat_roundingMode>
   14c54:	f59ff06f          	j	14bac <_zisk_float+0x42d8>
   14c58:	00200793          	li	a5,2
   14c5c:	0000b717          	auipc	a4,0xb
   14c60:	80f72e23          	sw	a5,-2020(a4) # 1f478 <softfloat_roundingMode>
   14c64:	f49ff06f          	j	14bac <_zisk_float+0x42d8>
   14c68:	00042603          	lw	a2,0(s0)
   14c6c:	00442683          	lw	a3,4(s0)
   14c70:	00c69713          	slli	a4,a3,0xc
   14c74:	a2074ae3          	bltz	a4,146a8 <_zisk_float+0x3dd4>
   14c78:	a28fc06f          	j	10ea0 <_zisk_float+0x5cc>
   14c7c:	00042603          	lw	a2,0(s0)
   14c80:	00442683          	lw	a3,4(s0)
   14c84:	00c69713          	slli	a4,a3,0xc
   14c88:	9e074ce3          	bltz	a4,14680 <_zisk_float+0x3dac>
   14c8c:	c18fc06f          	j	110a4 <_zisk_float+0x7d0>
   14c90:	00042603          	lw	a2,0(s0)
   14c94:	00400737          	lui	a4,0x400
   14c98:	00442683          	lw	a3,4(s0)
   14c9c:	00e67633          	and	a2,a2,a4
   14ca0:	a60610e3          	bnez	a2,14700 <_zisk_float+0x3e2c>
   14ca4:	b09fc06f          	j	117ac <_zisk_float+0xed8>
   14ca8:	00042603          	lw	a2,0(s0)
   14cac:	00400737          	lui	a4,0x400
   14cb0:	00442683          	lw	a3,4(s0)
   14cb4:	00e67633          	and	a2,a2,a4
   14cb8:	a0061ee3          	bnez	a2,146d4 <_zisk_float+0x3e00>
   14cbc:	cc9fc06f          	j	11984 <_zisk_float+0x10b0>
   14cc0:	00042603          	lw	a2,0(s0)
   14cc4:	00442683          	lw	a3,4(s0)
   14cc8:	00961613          	slli	a2,a2,0x9
   14ccc:	a4061ee3          	bnez	a2,14728 <_zisk_float+0x3e54>
   14cd0:	8f5fc06f          	j	115c4 <_zisk_float+0xcf0>
   14cd4:	00042603          	lw	a2,0(s0)
   14cd8:	00442683          	lw	a3,4(s0)
   14cdc:	00c69713          	slli	a4,a3,0xc
   14ce0:	00c75713          	srli	a4,a4,0xc
   14ce4:	00c76733          	or	a4,a4,a2
   14ce8:	a80718e3          	bnez	a4,14778 <_zisk_float+0x3ea4>
   14cec:	fa9fb06f          	j	10c94 <_zisk_float+0x3c0>
   14cf0:	00c59713          	slli	a4,a1,0xc
   14cf4:	00c75713          	srli	a4,a4,0xc
   14cf8:	00a76733          	or	a4,a4,a0
   14cfc:	00070663          	beqz	a4,14d08 <_zisk_float+0x4434>
   14d00:	0026e693          	ori	a3,a3,2
   14d04:	00d82023          	sw	a3,0(a6)
   14d08:	80000637          	lui	a2,0x80000
   14d0c:	00a9a023          	sw	a0,0(s3)
   14d10:	00b647b3          	xor	a5,a2,a1
   14d14:	00f9a223          	sw	a5,4(s3)
   14d18:	09812403          	lw	s0,152(sp)
   14d1c:	09412483          	lw	s1,148(sp)
   14d20:	09012903          	lw	s2,144(sp)
   14d24:	08c12983          	lw	s3,140(sp)
   14d28:	08812a03          	lw	s4,136(sp)
   14d2c:	01f6f313          	andi	t1,a3,31
   14d30:	c69fb06f          	j	10998 <_zisk_float+0xc4>
   14d34:	00042503          	lw	a0,0(s0)
   14d38:	00800737          	lui	a4,0x800
   14d3c:	fff70713          	addi	a4,a4,-1 # 7fffff <_float_lib_entry+0x6fffff>
   14d40:	00442583          	lw	a1,4(s0)
   14d44:	00e57533          	and	a0,a0,a4
   14d48:	00050463          	beqz	a0,14d50 <_zisk_float+0x447c>
   14d4c:	e94fc06f          	j	113e0 <_zisk_float+0xb0c>
   14d50:	00042503          	lw	a0,0(s0)
   14d54:	00442583          	lw	a1,4(s0)
   14d58:	00058463          	beqz	a1,14d60 <_zisk_float+0x448c>
   14d5c:	e84fc06f          	j	113e0 <_zisk_float+0xb0c>
   14d60:	800006b7          	lui	a3,0x80000
   14d64:	fff68693          	addi	a3,a3,-1 # 7fffffff <_float_lib_entry+0x7fefffff>
   14d68:	00a6f463          	bgeu	a3,a0,14d70 <_zisk_float+0x449c>
   14d6c:	e74fc06f          	j	113e0 <_zisk_float+0xb0c>
   14d70:	0004a503          	lw	a0,0(s1)
   14d74:	0044a583          	lw	a1,4(s1)
   14d78:	00058463          	beqz	a1,14d80 <_zisk_float+0x44ac>
   14d7c:	7d00306f          	j	1854c <_zisk_float+0x7c78>
   14d80:	00a6f463          	bgeu	a3,a0,14d88 <_zisk_float+0x44b4>
   14d84:	7c80306f          	j	1854c <_zisk_float+0x7c78>
   14d88:	000a2503          	lw	a0,0(s4)
   14d8c:	004a2583          	lw	a1,4(s4)
   14d90:	00c57533          	and	a0,a0,a2
   14d94:	00c51463          	bne	a0,a2,14d9c <_zisk_float+0x44c8>
   14d98:	4550406f          	j	199ec <_zisk_float+0x9118>
   14d9c:	7f800737          	lui	a4,0x7f800
   14da0:	00000793          	li	a5,0
   14da4:	00e9a023          	sw	a4,0(s3)
   14da8:	00f9a223          	sw	a5,4(s3)
   14dac:	eecfc06f          	j	11498 <_zisk_float+0xbc4>
   14db0:	00092503          	lw	a0,0(s2)
   14db4:	00492583          	lw	a1,4(s2)
   14db8:	00100737          	lui	a4,0x100
   14dbc:	fff70713          	addi	a4,a4,-1 # fffff <softfloat_roundingMode+0xe0b87>
   14dc0:	00e5f633          	and	a2,a1,a4
   14dc4:	00a66633          	or	a2,a2,a0
   14dc8:	00060463          	beqz	a2,14dd0 <_zisk_float+0x44fc>
   14dcc:	c0cfc06f          	j	111d8 <_zisk_float+0x904>
   14dd0:	00092503          	lw	a0,0(s2)
   14dd4:	00492583          	lw	a1,4(s2)
   14dd8:	0005d463          	bgez	a1,14de0 <_zisk_float+0x450c>
   14ddc:	bfcfc06f          	j	111d8 <_zisk_float+0x904>
   14de0:	000a2503          	lw	a0,0(s4)
   14de4:	004a2583          	lw	a1,4(s4)
   14de8:	000aa503          	lw	a0,0(s5)
   14dec:	0005d463          	bgez	a1,14df4 <_zisk_float+0x4520>
   14df0:	4380306f          	j	18228 <_zisk_float+0x7954>
   14df4:	004aa583          	lw	a1,4(s5)
   14df8:	00d5f7b3          	and	a5,a1,a3
   14dfc:	00d79463          	bne	a5,a3,14e04 <_zisk_float+0x4530>
   14e00:	7900406f          	j	19590 <_zisk_float+0x8cbc>
   14e04:	00000713          	li	a4,0
   14e08:	7ff007b7          	lui	a5,0x7ff00
   14e0c:	00e9a023          	sw	a4,0(s3)
   14e10:	00f9a223          	sw	a5,4(s3)
   14e14:	09812403          	lw	s0,152(sp)
   14e18:	09412483          	lw	s1,148(sp)
   14e1c:	09012903          	lw	s2,144(sp)
   14e20:	08c12983          	lw	s3,140(sp)
   14e24:	08812a03          	lw	s4,136(sp)
   14e28:	08412a83          	lw	s5,132(sp)
   14e2c:	00000313          	li	t1,0
   14e30:	b69fb06f          	j	10998 <_zisk_float+0xc4>
   14e34:	0009a603          	lw	a2,0(s3)
   14e38:	00400737          	lui	a4,0x400
   14e3c:	0049a683          	lw	a3,4(s3)
   14e40:	00e67633          	and	a2,a2,a4
   14e44:	00061463          	bnez	a2,14e4c <_zisk_float+0x4578>
   14e48:	b55fc06f          	j	1199c <_zisk_float+0x10c8>
   14e4c:	889ff06f          	j	146d4 <_zisk_float+0x3e00>
   14e50:	0009a603          	lw	a2,0(s3)
   14e54:	00400737          	lui	a4,0x400
   14e58:	0049a683          	lw	a3,4(s3)
   14e5c:	00e67633          	and	a2,a2,a4
   14e60:	00061463          	bnez	a2,14e68 <_zisk_float+0x4594>
   14e64:	961fc06f          	j	117c4 <_zisk_float+0xef0>
   14e68:	899ff06f          	j	14700 <_zisk_float+0x3e2c>
   14e6c:	00092603          	lw	a2,0(s2)
   14e70:	00492683          	lw	a3,4(s2)
   14e74:	00c69713          	slli	a4,a3,0xc
   14e78:	00074463          	bltz	a4,14e80 <_zisk_float+0x45ac>
   14e7c:	83cfc06f          	j	10eb8 <_zisk_float+0x5e4>
   14e80:	829ff06f          	j	146a8 <_zisk_float+0x3dd4>
   14e84:	00092603          	lw	a2,0(s2)
   14e88:	00492683          	lw	a3,4(s2)
   14e8c:	00c69713          	slli	a4,a3,0xc
   14e90:	00074463          	bltz	a4,14e98 <_zisk_float+0x45c4>
   14e94:	a28fc06f          	j	110bc <_zisk_float+0x7e8>
   14e98:	fe8ff06f          	j	14680 <_zisk_float+0x3dac>
   14e9c:	000a2603          	lw	a2,0(s4)
   14ea0:	004a2683          	lw	a3,4(s4)
   14ea4:	00c69713          	slli	a4,a3,0xc
   14ea8:	00c75713          	srli	a4,a4,0xc
   14eac:	00c76733          	or	a4,a4,a2
   14eb0:	00071463          	bnez	a4,14eb8 <_zisk_float+0x45e4>
   14eb4:	df9fb06f          	j	10cac <_zisk_float+0x3d8>
   14eb8:	8c1ff06f          	j	14778 <_zisk_float+0x3ea4>
   14ebc:	00042603          	lw	a2,0(s0)
   14ec0:	7f800737          	lui	a4,0x7f800
   14ec4:	00442683          	lw	a3,4(s0)
   14ec8:	00e67633          	and	a2,a2,a4
   14ecc:	00061a63          	bnez	a2,14ee0 <_zisk_float+0x460c>
   14ed0:	00042603          	lw	a2,0(s0)
   14ed4:	00442683          	lw	a3,4(s0)
   14ed8:	00961613          	slli	a2,a2,0x9
   14edc:	a80606e3          	beqz	a2,14968 <_zisk_float+0x4094>
   14ee0:	00cb5793          	srli	a5,s6,0xc
   14ee4:	09412423          	sw	s4,136(sp)
   14ee8:	0077fa13          	andi	s4,a5,7
   14eec:	000a0513          	mv	a0,s4
   14ef0:	00400613          	li	a2,4
   14ef4:	00000693          	li	a3,0
   14ef8:	00000593          	li	a1,0
   14efc:	768050ef          	jal	1a664 <__ucmpdi2>
   14f00:	00100793          	li	a5,1
   14f04:	00a7f463          	bgeu	a5,a0,14f0c <_zisk_float+0x4638>
   14f08:	0980106f          	j	15fa0 <_zisk_float+0x56cc>
   14f0c:	0000a717          	auipc	a4,0xa
   14f10:	2f470713          	addi	a4,a4,756 # 1f200 <softfloat_addM+0x41c>
   14f14:	002a1793          	slli	a5,s4,0x2
   14f18:	00e787b3          	add	a5,a5,a4
   14f1c:	0007a783          	lw	a5,0(a5) # 7ff00000 <_float_lib_entry+0x7fe00000>
   14f20:	00e787b3          	add	a5,a5,a4
   14f24:	00078067          	jr	a5
   14f28:	0000a797          	auipc	a5,0xa
   14f2c:	55078793          	addi	a5,a5,1360 # 1f478 <softfloat_roundingMode>
   14f30:	00200713          	li	a4,2
   14f34:	00e7a023          	sw	a4,0(a5)
   14f38:	00092503          	lw	a0,0(s2)
   14f3c:	00492583          	lw	a1,4(s2)
   14f40:	00042703          	lw	a4,0(s0)
   14f44:	00442783          	lw	a5,4(s0)
   14f48:	0009a603          	lw	a2,0(s3)
   14f4c:	0049a683          	lw	a3,4(s3)
   14f50:	00070593          	mv	a1,a4
   14f54:	4a5050ef          	jal	1abf8 <f32_mulAdd>
   14f58:	0000a797          	auipc	a5,0xa
   14f5c:	51c78793          	addi	a5,a5,1308 # 1f474 <softfloat_exceptionFlags>
   14f60:	0007a683          	lw	a3,0(a5)
   14f64:	0016f713          	andi	a4,a3,1
   14f68:	7e070263          	beqz	a4,1574c <_zisk_float+0x4e78>
   14f6c:	7f800737          	lui	a4,0x7f800
   14f70:	00e57633          	and	a2,a0,a4
   14f74:	4e060ee3          	beqz	a2,15c70 <_zisk_float+0x539c>
   14f78:	00e60663          	beq	a2,a4,14f84 <_zisk_float+0x46b0>
   14f7c:	ffd6f693          	andi	a3,a3,-3
   14f80:	00d7a023          	sw	a3,0(a5)
   14f84:	80000637          	lui	a2,0x80000
   14f88:	00c54733          	xor	a4,a0,a2
   14f8c:	00e4a023          	sw	a4,0(s1)
   14f90:	fff00793          	li	a5,-1
   14f94:	00f4a223          	sw	a5,4(s1)
   14f98:	09812403          	lw	s0,152(sp)
   14f9c:	09412483          	lw	s1,148(sp)
   14fa0:	09012903          	lw	s2,144(sp)
   14fa4:	08c12983          	lw	s3,140(sp)
   14fa8:	08812a03          	lw	s4,136(sp)
   14fac:	01f6f313          	andi	t1,a3,31
   14fb0:	9e9fb06f          	j	10998 <_zisk_float+0xc4>
   14fb4:	0000a797          	auipc	a5,0xa
   14fb8:	4c478793          	addi	a5,a5,1220 # 1f478 <softfloat_roundingMode>
   14fbc:	00300713          	li	a4,3
   14fc0:	00e7a023          	sw	a4,0(a5)
   14fc4:	f75ff06f          	j	14f38 <_zisk_float+0x4664>
   14fc8:	00100793          	li	a5,1
   14fcc:	0000a717          	auipc	a4,0xa
   14fd0:	4af72623          	sw	a5,1196(a4) # 1f478 <softfloat_roundingMode>
   14fd4:	f65ff06f          	j	14f38 <_zisk_float+0x4664>
   14fd8:	0000a797          	auipc	a5,0xa
   14fdc:	4a07a023          	sw	zero,1184(a5) # 1f478 <softfloat_roundingMode>
   14fe0:	f59ff06f          	j	14f38 <_zisk_float+0x4664>
   14fe4:	00400793          	li	a5,4
   14fe8:	0000a717          	auipc	a4,0xa
   14fec:	48f72823          	sw	a5,1168(a4) # 1f478 <softfloat_roundingMode>
   14ff0:	f49ff06f          	j	14f38 <_zisk_float+0x4664>
   14ff4:	00042603          	lw	a2,0(s0)
   14ff8:	00442683          	lw	a3,4(s0)
   14ffc:	00961613          	slli	a2,a2,0x9
   15000:	00060463          	beqz	a2,15008 <_zisk_float+0x4734>
   15004:	bf4fc06f          	j	113f8 <_zisk_float+0xb24>
   15008:	00042603          	lw	a2,0(s0)
   1500c:	00442683          	lw	a3,4(s0)
   15010:	00069663          	bnez	a3,1501c <_zisk_float+0x4748>
   15014:	00064463          	bltz	a2,1501c <_zisk_float+0x4748>
   15018:	be0fc06f          	j	113f8 <_zisk_float+0xb24>
   1501c:	0004a683          	lw	a3,0(s1)
   15020:	0044a703          	lw	a4,4(s1)
   15024:	00070463          	beqz	a4,1502c <_zisk_float+0x4758>
   15028:	5a40306f          	j	185cc <_zisk_float+0x7cf8>
   1502c:	800007b7          	lui	a5,0x80000
   15030:	fff78793          	addi	a5,a5,-1 # 7fffffff <_float_lib_entry+0x7fefffff>
   15034:	00d7f463          	bgeu	a5,a3,1503c <_zisk_float+0x4768>
   15038:	5940306f          	j	185cc <_zisk_float+0x7cf8>
   1503c:	000a2603          	lw	a2,0(s4)
   15040:	7f800737          	lui	a4,0x7f800
   15044:	004a2683          	lw	a3,4(s4)
   15048:	00e67633          	and	a2,a2,a4
   1504c:	00e60463          	beq	a2,a4,15054 <_zisk_float+0x4780>
   15050:	c38fc06f          	j	11488 <_zisk_float+0xbb4>
   15054:	000a2603          	lw	a2,0(s4)
   15058:	004a2683          	lw	a3,4(s4)
   1505c:	00961613          	slli	a2,a2,0x9
   15060:	00060463          	beqz	a2,15068 <_zisk_float+0x4794>
   15064:	c24fc06f          	j	11488 <_zisk_float+0xbb4>
   15068:	000a2603          	lw	a2,0(s4)
   1506c:	004a2683          	lw	a3,4(s4)
   15070:	00068463          	beqz	a3,15078 <_zisk_float+0x47a4>
   15074:	c14fc06f          	j	11488 <_zisk_float+0xbb4>
   15078:	00c7f463          	bgeu	a5,a2,15080 <_zisk_float+0x47ac>
   1507c:	c0cfc06f          	j	11488 <_zisk_float+0xbb4>
   15080:	7fc00737          	lui	a4,0x7fc00
   15084:	00e9a023          	sw	a4,0(s3)
   15088:	00000793          	li	a5,0
   1508c:	00f9a223          	sw	a5,4(s3)
   15090:	01000513          	li	a0,16
   15094:	539090ef          	jal	1edcc <softfloat_raiseFlags>
   15098:	0000a697          	auipc	a3,0xa
   1509c:	3dc6a683          	lw	a3,988(a3) # 1f474 <softfloat_exceptionFlags>
   150a0:	09812403          	lw	s0,152(sp)
   150a4:	09412483          	lw	s1,148(sp)
   150a8:	09012903          	lw	s2,144(sp)
   150ac:	08c12983          	lw	s3,140(sp)
   150b0:	08812a03          	lw	s4,136(sp)
   150b4:	01f6f313          	andi	t1,a3,31
   150b8:	8e1fb06f          	j	10998 <_zisk_float+0xc4>
   150bc:	00092603          	lw	a2,0(s2)
   150c0:	00492683          	lw	a3,4(s2)
   150c4:	00961613          	slli	a2,a2,0x9
   150c8:	00061463          	bnez	a2,150d0 <_zisk_float+0x47fc>
   150cc:	d10fc06f          	j	115dc <_zisk_float+0xd08>
   150d0:	e58ff06f          	j	14728 <_zisk_float+0x3e54>
   150d4:	00092503          	lw	a0,0(s2)
   150d8:	00492583          	lw	a1,4(s2)
   150dc:	00100737          	lui	a4,0x100
   150e0:	fff70713          	addi	a4,a4,-1 # fffff <softfloat_roundingMode+0xe0b87>
   150e4:	00e5f633          	and	a2,a1,a4
   150e8:	00a66633          	or	a2,a2,a0
   150ec:	00060463          	beqz	a2,150f4 <_zisk_float+0x4820>
   150f0:	900fc06f          	j	111f0 <_zisk_float+0x91c>
   150f4:	00092503          	lw	a0,0(s2)
   150f8:	00492583          	lw	a1,4(s2)
   150fc:	0005c463          	bltz	a1,15104 <_zisk_float+0x4830>
   15100:	8f0fc06f          	j	111f0 <_zisk_float+0x91c>
   15104:	000a2503          	lw	a0,0(s4)
   15108:	004a2583          	lw	a1,4(s4)
   1510c:	000aa503          	lw	a0,0(s5)
   15110:	0005d463          	bgez	a1,15118 <_zisk_float+0x4844>
   15114:	3e10306f          	j	18cf4 <_zisk_float+0x8420>
   15118:	004aa583          	lw	a1,4(s5)
   1511c:	00d5f7b3          	and	a5,a1,a3
   15120:	00d79463          	bne	a5,a3,15128 <_zisk_float+0x4854>
   15124:	0610406f          	j	19984 <_zisk_float+0x90b0>
   15128:	00000713          	li	a4,0
   1512c:	fff007b7          	lui	a5,0xfff00
   15130:	00e9a023          	sw	a4,0(s3)
   15134:	00f9a223          	sw	a5,4(s3)
   15138:	cddff06f          	j	14e14 <_zisk_float+0x4540>
   1513c:	000a2503          	lw	a0,0(s4)
   15140:	004a2583          	lw	a1,4(s4)
   15144:	00100737          	lui	a4,0x100
   15148:	fff70713          	addi	a4,a4,-1 # fffff <softfloat_roundingMode+0xe0b87>
   1514c:	00e5f633          	and	a2,a1,a4
   15150:	00a66633          	or	a2,a2,a0
   15154:	00060463          	beqz	a2,1515c <_zisk_float+0x4888>
   15158:	8b0fc06f          	j	11208 <_zisk_float+0x934>
   1515c:	000a2503          	lw	a0,0(s4)
   15160:	004a2583          	lw	a1,4(s4)
   15164:	0005d463          	bgez	a1,1516c <_zisk_float+0x4898>
   15168:	8a0fc06f          	j	11208 <_zisk_float+0x934>
   1516c:	00092503          	lw	a0,0(s2)
   15170:	00492583          	lw	a1,4(s2)
   15174:	000aa503          	lw	a0,0(s5)
   15178:	0005d463          	bgez	a1,15180 <_zisk_float+0x48ac>
   1517c:	56c0306f          	j	186e8 <_zisk_float+0x7e14>
   15180:	004aa583          	lw	a1,4(s5)
   15184:	00d5f7b3          	and	a5,a1,a3
   15188:	c6d79ee3          	bne	a5,a3,14e04 <_zisk_float+0x4530>
   1518c:	000aa603          	lw	a2,0(s5)
   15190:	004aa683          	lw	a3,4(s5)
   15194:	00e6f7b3          	and	a5,a3,a4
   15198:	00c7e7b3          	or	a5,a5,a2
   1519c:	c60794e3          	bnez	a5,14e04 <_zisk_float+0x4530>
   151a0:	000aa703          	lw	a4,0(s5)
   151a4:	004aa783          	lw	a5,4(s5)
   151a8:	c407dee3          	bgez	a5,14e04 <_zisk_float+0x4530>
   151ac:	00000713          	li	a4,0
   151b0:	00e9a023          	sw	a4,0(s3)
   151b4:	7ff807b7          	lui	a5,0x7ff80
   151b8:	00f9a223          	sw	a5,4(s3)
   151bc:	01000513          	li	a0,16
   151c0:	40d090ef          	jal	1edcc <softfloat_raiseFlags>
   151c4:	0000a697          	auipc	a3,0xa
   151c8:	2b06a683          	lw	a3,688(a3) # 1f474 <softfloat_exceptionFlags>
   151cc:	09812403          	lw	s0,152(sp)
   151d0:	09412483          	lw	s1,148(sp)
   151d4:	09012903          	lw	s2,144(sp)
   151d8:	08c12983          	lw	s3,140(sp)
   151dc:	08812a03          	lw	s4,136(sp)
   151e0:	08412a83          	lw	s5,132(sp)
   151e4:	01f6f313          	andi	t1,a3,31
   151e8:	fb0fb06f          	j	10998 <_zisk_float+0xc4>
   151ec:	0004a503          	lw	a0,0(s1)
   151f0:	00800737          	lui	a4,0x800
   151f4:	fff70713          	addi	a4,a4,-1 # 7fffff <_float_lib_entry+0x6fffff>
   151f8:	0044a583          	lw	a1,4(s1)
   151fc:	00e57533          	and	a0,a0,a4
   15200:	00050463          	beqz	a0,15208 <_zisk_float+0x4934>
   15204:	a0cfc06f          	j	11410 <_zisk_float+0xb3c>
   15208:	0004a503          	lw	a0,0(s1)
   1520c:	0044a583          	lw	a1,4(s1)
   15210:	00058463          	beqz	a1,15218 <_zisk_float+0x4944>
   15214:	9fcfc06f          	j	11410 <_zisk_float+0xb3c>
   15218:	800006b7          	lui	a3,0x80000
   1521c:	fff68693          	addi	a3,a3,-1 # 7fffffff <_float_lib_entry+0x7fefffff>
   15220:	00a6f463          	bgeu	a3,a0,15228 <_zisk_float+0x4954>
   15224:	9ecfc06f          	j	11410 <_zisk_float+0xb3c>
   15228:	00042503          	lw	a0,0(s0)
   1522c:	00442583          	lw	a1,4(s0)
   15230:	00058463          	beqz	a1,15238 <_zisk_float+0x4964>
   15234:	57c0306f          	j	187b0 <_zisk_float+0x7edc>
   15238:	00a6f463          	bgeu	a3,a0,15240 <_zisk_float+0x496c>
   1523c:	5740306f          	j	187b0 <_zisk_float+0x7edc>
   15240:	000a2503          	lw	a0,0(s4)
   15244:	004a2583          	lw	a1,4(s4)
   15248:	00c57533          	and	a0,a0,a2
   1524c:	b4c518e3          	bne	a0,a2,14d9c <_zisk_float+0x44c8>
   15250:	000a2503          	lw	a0,0(s4)
   15254:	004a2583          	lw	a1,4(s4)
   15258:	00e57533          	and	a0,a0,a4
   1525c:	b40510e3          	bnez	a0,14d9c <_zisk_float+0x44c8>
   15260:	000a2703          	lw	a4,0(s4)
   15264:	004a2783          	lw	a5,4(s4)
   15268:	00079463          	bnez	a5,15270 <_zisk_float+0x499c>
   1526c:	b2e6f8e3          	bgeu	a3,a4,14d9c <_zisk_float+0x44c8>
   15270:	7fc00737          	lui	a4,0x7fc00
   15274:	00e9a023          	sw	a4,0(s3)
   15278:	00000793          	li	a5,0
   1527c:	00f9a223          	sw	a5,4(s3)
   15280:	01000513          	li	a0,16
   15284:	349090ef          	jal	1edcc <softfloat_raiseFlags>
   15288:	0000a697          	auipc	a3,0xa
   1528c:	1ec6a683          	lw	a3,492(a3) # 1f474 <softfloat_exceptionFlags>
   15290:	09812403          	lw	s0,152(sp)
   15294:	09412483          	lw	s1,148(sp)
   15298:	09012903          	lw	s2,144(sp)
   1529c:	08c12983          	lw	s3,140(sp)
   152a0:	08812a03          	lw	s4,136(sp)
   152a4:	01f6f313          	andi	t1,a3,31
   152a8:	ef0fb06f          	j	10998 <_zisk_float+0xc4>
   152ac:	00092603          	lw	a2,0(s2)
   152b0:	00492683          	lw	a3,4(s2)
   152b4:	00961613          	slli	a2,a2,0x9
   152b8:	00060463          	beqz	a2,152c0 <_zisk_float+0x49ec>
   152bc:	ef8fc06f          	j	119b4 <_zisk_float+0x10e0>
   152c0:	00092503          	lw	a0,0(s2)
   152c4:	00492583          	lw	a1,4(s2)
   152c8:	00042603          	lw	a2,0(s0)
   152cc:	00442683          	lw	a3,4(s0)
   152d0:	00100713          	li	a4,1
   152d4:	00059663          	bnez	a1,152e0 <_zisk_float+0x4a0c>
   152d8:	00054463          	bltz	a0,152e0 <_zisk_float+0x4a0c>
   152dc:	00000713          	li	a4,0
   152e0:	00100793          	li	a5,1
   152e4:	02069c63          	bnez	a3,1531c <_zisk_float+0x4a48>
   152e8:	02064a63          	bltz	a2,1531c <_zisk_float+0x4a48>
   152ec:	08f70ee3          	beq	a4,a5,15b88 <_zisk_float+0x52b4>
   152f0:	0009a703          	lw	a4,0(s3)
   152f4:	7f8006b7          	lui	a3,0x7f800
   152f8:	0049a783          	lw	a5,4(s3)
   152fc:	00d77733          	and	a4,a4,a3
   15300:	00d71463          	bne	a4,a3,15308 <_zisk_float+0x4a34>
   15304:	3d90106f          	j	16edc <_zisk_float+0x6608>
   15308:	ff800737          	lui	a4,0xff800
   1530c:	00000793          	li	a5,0
   15310:	00e4a023          	sw	a4,0(s1)
   15314:	00f4a223          	sw	a5,4(s1)
   15318:	f24fc06f          	j	11a3c <_zisk_float+0x1168>
   1531c:	00000793          	li	a5,0
   15320:	fcdff06f          	j	152ec <_zisk_float+0x4a18>
   15324:	00092603          	lw	a2,0(s2)
   15328:	00492683          	lw	a3,4(s2)
   1532c:	00961613          	slli	a2,a2,0x9
   15330:	00060463          	beqz	a2,15338 <_zisk_float+0x4a64>
   15334:	ca8fc06f          	j	117dc <_zisk_float+0xf08>
   15338:	00092503          	lw	a0,0(s2)
   1533c:	00492583          	lw	a1,4(s2)
   15340:	00042603          	lw	a2,0(s0)
   15344:	00442683          	lw	a3,4(s0)
   15348:	00100713          	li	a4,1
   1534c:	00059663          	bnez	a1,15358 <_zisk_float+0x4a84>
   15350:	00054463          	bltz	a0,15358 <_zisk_float+0x4a84>
   15354:	00000713          	li	a4,0
   15358:	00100793          	li	a5,1
   1535c:	02069c63          	bnez	a3,15394 <_zisk_float+0x4ac0>
   15360:	02064a63          	bltz	a2,15394 <_zisk_float+0x4ac0>
   15364:	7cf70663          	beq	a4,a5,15b30 <_zisk_float+0x525c>
   15368:	0009a703          	lw	a4,0(s3)
   1536c:	7f8006b7          	lui	a3,0x7f800
   15370:	0049a783          	lw	a5,4(s3)
   15374:	00d77733          	and	a4,a4,a3
   15378:	00d71463          	bne	a4,a3,15380 <_zisk_float+0x4aac>
   1537c:	4010106f          	j	16f7c <_zisk_float+0x66a8>
   15380:	ff800737          	lui	a4,0xff800
   15384:	00000793          	li	a5,0
   15388:	00e4a023          	sw	a4,0(s1)
   1538c:	00f4a223          	sw	a5,4(s1)
   15390:	cc8fc06f          	j	11858 <_zisk_float+0xf84>
   15394:	00000793          	li	a5,0
   15398:	fcdff06f          	j	15364 <_zisk_float+0x4a90>
   1539c:	0004a603          	lw	a2,0(s1)
   153a0:	0044a683          	lw	a3,4(s1)
   153a4:	00c69713          	slli	a4,a3,0xc
   153a8:	00c75713          	srli	a4,a4,0xc
   153ac:	00c76733          	or	a4,a4,a2
   153b0:	00070463          	beqz	a4,153b8 <_zisk_float+0x4ae4>
   153b4:	b1dfb06f          	j	10ed0 <_zisk_float+0x5fc>
   153b8:	0004a603          	lw	a2,0(s1)
   153bc:	0044a683          	lw	a3,4(s1)
   153c0:	00042703          	lw	a4,0(s0)
   153c4:	00442783          	lw	a5,4(s0)
   153c8:	00092603          	lw	a2,0(s2)
   153cc:	00f6c7b3          	xor	a5,a3,a5
   153d0:	00492683          	lw	a3,4(s2)
   153d4:	6e07c063          	bltz	a5,15ab4 <_zisk_float+0x51e0>
   153d8:	7ff007b7          	lui	a5,0x7ff00
   153dc:	00f6f733          	and	a4,a3,a5
   153e0:	00f71463          	bne	a4,a5,153e8 <_zisk_float+0x4b14>
   153e4:	6040206f          	j	179e8 <_zisk_float+0x7114>
   153e8:	00000713          	li	a4,0
   153ec:	fff007b7          	lui	a5,0xfff00
   153f0:	00e9a023          	sw	a4,0(s3)
   153f4:	00f9a223          	sw	a5,4(s3)
   153f8:	b65fb06f          	j	10f5c <_zisk_float+0x688>
   153fc:	0004a603          	lw	a2,0(s1)
   15400:	0044a683          	lw	a3,4(s1)
   15404:	00c69713          	slli	a4,a3,0xc
   15408:	00c75713          	srli	a4,a4,0xc
   1540c:	00c76733          	or	a4,a4,a2
   15410:	00070463          	beqz	a4,15418 <_zisk_float+0x4b44>
   15414:	8b1fb06f          	j	10cc4 <_zisk_float+0x3f0>
   15418:	0004a503          	lw	a0,0(s1)
   1541c:	0044a583          	lw	a1,4(s1)
   15420:	00042683          	lw	a3,0(s0)
   15424:	00442703          	lw	a4,4(s0)
   15428:	00200637          	lui	a2,0x200
   1542c:	003a9793          	slli	a5,s5,0x3
   15430:	00c787b3          	add	a5,a5,a2
   15434:	000a2603          	lw	a2,0(s4)
   15438:	004a2683          	lw	a3,4(s4)
   1543c:	00e5c733          	xor	a4,a1,a4
   15440:	68074c63          	bltz	a4,15ad8 <_zisk_float+0x5204>
   15444:	7ff00737          	lui	a4,0x7ff00
   15448:	00e6f6b3          	and	a3,a3,a4
   1544c:	00e69463          	bne	a3,a4,15454 <_zisk_float+0x4b80>
   15450:	3100206f          	j	17760 <_zisk_float+0x6e8c>
   15454:	00000613          	li	a2,0
   15458:	7ff006b7          	lui	a3,0x7ff00
   1545c:	00c7a023          	sw	a2,0(a5) # fff00000 <_float_lib_entry+0xffe00000>
   15460:	00d7a223          	sw	a3,4(a5)
   15464:	b30ff06f          	j	14794 <_zisk_float+0x3ec0>
   15468:	0004a603          	lw	a2,0(s1)
   1546c:	0044a683          	lw	a3,4(s1)
   15470:	00961613          	slli	a2,a2,0x9
   15474:	00060463          	beqz	a2,1547c <_zisk_float+0x4ba8>
   15478:	97cfc06f          	j	115f4 <_zisk_float+0xd20>
   1547c:	0004a503          	lw	a0,0(s1)
   15480:	0044a583          	lw	a1,4(s1)
   15484:	00042603          	lw	a2,0(s0)
   15488:	00442683          	lw	a3,4(s0)
   1548c:	00399993          	slli	s3,s3,0x3
   15490:	002007b7          	lui	a5,0x200
   15494:	00f989b3          	add	s3,s3,a5
   15498:	00100713          	li	a4,1
   1549c:	00059663          	bnez	a1,154a8 <_zisk_float+0x4bd4>
   154a0:	00054463          	bltz	a0,154a8 <_zisk_float+0x4bd4>
   154a4:	00000713          	li	a4,0
   154a8:	00100793          	li	a5,1
   154ac:	02069c63          	bnez	a3,154e4 <_zisk_float+0x4c10>
   154b0:	02064a63          	bltz	a2,154e4 <_zisk_float+0x4c10>
   154b4:	6af70463          	beq	a4,a5,15b5c <_zisk_float+0x5288>
   154b8:	00092703          	lw	a4,0(s2)
   154bc:	7f8006b7          	lui	a3,0x7f800
   154c0:	00492783          	lw	a5,4(s2)
   154c4:	00d77733          	and	a4,a4,a3
   154c8:	00d71463          	bne	a4,a3,154d0 <_zisk_float+0x4bfc>
   154cc:	3150106f          	j	16fe0 <_zisk_float+0x670c>
   154d0:	7f800737          	lui	a4,0x7f800
   154d4:	00000793          	li	a5,0
   154d8:	00e9a023          	sw	a4,0(s3)
   154dc:	00f9a223          	sw	a5,4(s3)
   154e0:	a64ff06f          	j	14744 <_zisk_float+0x3e70>
   154e4:	00000793          	li	a5,0
   154e8:	fcdff06f          	j	154b4 <_zisk_float+0x4be0>
   154ec:	00092503          	lw	a0,0(s2)
   154f0:	00492583          	lw	a1,4(s2)
   154f4:	00c59793          	slli	a5,a1,0xc
   154f8:	00c7d793          	srli	a5,a5,0xc
   154fc:	00a7e7b3          	or	a5,a5,a0
   15500:	00079463          	bnez	a5,15508 <_zisk_float+0x4c34>
   15504:	8bdfc06f          	j	11dc0 <_zisk_float+0x14ec>
   15508:	00092503          	lw	a0,0(s2)
   1550c:	00492583          	lw	a1,4(s2)
   15510:	00c59793          	slli	a5,a1,0xc
   15514:	0007d463          	bgez	a5,1551c <_zisk_float+0x4c48>
   15518:	8a9fc06f          	j	11dc0 <_zisk_float+0x14ec>
   1551c:	01000513          	li	a0,16
   15520:	0ad090ef          	jal	1edcc <softfloat_raiseFlags>
   15524:	0000a697          	auipc	a3,0xa
   15528:	f506a683          	lw	a3,-176(a3) # 1f474 <softfloat_exceptionFlags>
   1552c:	01f6f313          	andi	t1,a3,31
   15530:	8ddfc06f          	j	11e0c <_zisk_float+0x1538>
   15534:	00042603          	lw	a2,0(s0)
   15538:	00442683          	lw	a3,4(s0)
   1553c:	00961613          	slli	a2,a2,0x9
   15540:	00061463          	bnez	a2,15548 <_zisk_float+0x4c74>
   15544:	9cdfc06f          	j	11f10 <_zisk_float+0x163c>
   15548:	00042603          	lw	a2,0(s0)
   1554c:	004007b7          	lui	a5,0x400
   15550:	00442683          	lw	a3,4(s0)
   15554:	00f67633          	and	a2,a2,a5
   15558:	00060463          	beqz	a2,15560 <_zisk_float+0x4c8c>
   1555c:	9b5fc06f          	j	11f10 <_zisk_float+0x163c>
   15560:	01000513          	li	a0,16
   15564:	069090ef          	jal	1edcc <softfloat_raiseFlags>
   15568:	0000a697          	auipc	a3,0xa
   1556c:	f0c6a683          	lw	a3,-244(a3) # 1f474 <softfloat_exceptionFlags>
   15570:	01f6f313          	andi	t1,a3,31
   15574:	9e9fc06f          	j	11f5c <_zisk_float+0x1688>
   15578:	0007a503          	lw	a0,0(a5) # 400000 <_float_lib_entry+0x300000>
   1557c:	0047a583          	lw	a1,4(a5)
   15580:	00c59713          	slli	a4,a1,0xc
   15584:	00c75713          	srli	a4,a4,0xc
   15588:	00a76733          	or	a4,a4,a0
   1558c:	00071463          	bnez	a4,15594 <_zisk_float+0x4cc0>
   15590:	855fc06f          	j	11de4 <_zisk_float+0x1510>
   15594:	0007a703          	lw	a4,0(a5)
   15598:	0047a783          	lw	a5,4(a5)
   1559c:	00c79713          	slli	a4,a5,0xc
   155a0:	f6075ee3          	bgez	a4,1551c <_zisk_float+0x4c48>
   155a4:	841fc06f          	j	11de4 <_zisk_float+0x1510>
   155a8:	0007a603          	lw	a2,0(a5)
   155ac:	0047a683          	lw	a3,4(a5)
   155b0:	00961613          	slli	a2,a2,0x9
   155b4:	00061463          	bnez	a2,155bc <_zisk_float+0x4ce8>
   155b8:	97dfc06f          	j	11f34 <_zisk_float+0x1660>
   155bc:	0007a683          	lw	a3,0(a5)
   155c0:	0047a703          	lw	a4,4(a5)
   155c4:	004007b7          	lui	a5,0x400
   155c8:	00f6f733          	and	a4,a3,a5
   155cc:	f8070ae3          	beqz	a4,15560 <_zisk_float+0x4c8c>
   155d0:	965fc06f          	j	11f34 <_zisk_float+0x1660>
   155d4:	7ff00737          	lui	a4,0x7ff00
   155d8:	00b77633          	and	a2,a4,a1
   155dc:	f0060a63          	beqz	a2,14cf0 <_zisk_float+0x441c>
   155e0:	f2e60463          	beq	a2,a4,14d08 <_zisk_float+0x4434>
   155e4:	ffd6f693          	andi	a3,a3,-3
   155e8:	00d82023          	sw	a3,0(a6)
   155ec:	f1cff06f          	j	14d08 <_zisk_float+0x4434>
   155f0:	00042603          	lw	a2,0(s0)
   155f4:	00442683          	lw	a3,4(s0)
   155f8:	00961613          	slli	a2,a2,0x9
   155fc:	00060463          	beqz	a2,15604 <_zisk_float+0x4d30>
   15600:	9f4fc06f          	j	117f4 <_zisk_float+0xf20>
   15604:	d35ff06f          	j	15338 <_zisk_float+0x4a64>
   15608:	00042603          	lw	a2,0(s0)
   1560c:	00442683          	lw	a3,4(s0)
   15610:	00961613          	slli	a2,a2,0x9
   15614:	00060463          	beqz	a2,1561c <_zisk_float+0x4d48>
   15618:	bb4fc06f          	j	119cc <_zisk_float+0x10f8>
   1561c:	ca5ff06f          	j	152c0 <_zisk_float+0x49ec>
   15620:	00042603          	lw	a2,0(s0)
   15624:	00442683          	lw	a3,4(s0)
   15628:	00c69713          	slli	a4,a3,0xc
   1562c:	00c75713          	srli	a4,a4,0xc
   15630:	00c76733          	or	a4,a4,a2
   15634:	00070463          	beqz	a4,1563c <_zisk_float+0x4d68>
   15638:	8b1fb06f          	j	10ee8 <_zisk_float+0x614>
   1563c:	d7dff06f          	j	153b8 <_zisk_float+0x4ae4>
   15640:	00042603          	lw	a2,0(s0)
   15644:	00442683          	lw	a3,4(s0)
   15648:	00961613          	slli	a2,a2,0x9
   1564c:	00060463          	beqz	a2,15654 <_zisk_float+0x4d80>
   15650:	fbdfb06f          	j	1160c <_zisk_float+0xd38>
   15654:	e29ff06f          	j	1547c <_zisk_float+0x4ba8>
   15658:	00042603          	lw	a2,0(s0)
   1565c:	00442683          	lw	a3,4(s0)
   15660:	00c69713          	slli	a4,a3,0xc
   15664:	00c75713          	srli	a4,a4,0xc
   15668:	00c76733          	or	a4,a4,a2
   1566c:	00070463          	beqz	a4,15674 <_zisk_float+0x4da0>
   15670:	e6cfb06f          	j	10cdc <_zisk_float+0x408>
   15674:	da5ff06f          	j	15418 <_zisk_float+0x4b44>
   15678:	0007a503          	lw	a0,0(a5) # 400000 <_float_lib_entry+0x300000>
   1567c:	0047a583          	lw	a1,4(a5)
   15680:	00951513          	slli	a0,a0,0x9
   15684:	00051463          	bnez	a0,1568c <_zisk_float+0x4db8>
   15688:	8d5fc06f          	j	11f5c <_zisk_float+0x1688>
   1568c:	0007a683          	lw	a3,0(a5)
   15690:	0047a703          	lw	a4,4(a5)
   15694:	004007b7          	lui	a5,0x400
   15698:	00f6f733          	and	a4,a3,a5
   1569c:	00070463          	beqz	a4,156a4 <_zisk_float+0x4dd0>
   156a0:	8bdfc06f          	j	11f5c <_zisk_float+0x1688>
   156a4:	ebdff06f          	j	15560 <_zisk_float+0x4c8c>
   156a8:	0007a503          	lw	a0,0(a5) # 400000 <_float_lib_entry+0x300000>
   156ac:	0047a583          	lw	a1,4(a5)
   156b0:	00c59713          	slli	a4,a1,0xc
   156b4:	00c75713          	srli	a4,a4,0xc
   156b8:	00a76733          	or	a4,a4,a0
   156bc:	00071463          	bnez	a4,156c4 <_zisk_float+0x4df0>
   156c0:	f4cfc06f          	j	11e0c <_zisk_float+0x1538>
   156c4:	0007a703          	lw	a4,0(a5)
   156c8:	0047a783          	lw	a5,4(a5)
   156cc:	00c79713          	slli	a4,a5,0xc
   156d0:	00075463          	bgez	a4,156d8 <_zisk_float+0x4e04>
   156d4:	f38fc06f          	j	11e0c <_zisk_float+0x1538>
   156d8:	e45ff06f          	j	1551c <_zisk_float+0x4c48>
   156dc:	0004a603          	lw	a2,0(s1)
   156e0:	0044a683          	lw	a3,4(s1)
   156e4:	00c69713          	slli	a4,a3,0xc
   156e8:	00c75713          	srli	a4,a4,0xc
   156ec:	00c76733          	or	a4,a4,a2
   156f0:	00071463          	bnez	a4,156f8 <_zisk_float+0x4e24>
   156f4:	e30fb06f          	j	10d24 <_zisk_float+0x450>
   156f8:	dfcfb06f          	j	10cf4 <_zisk_float+0x420>
   156fc:	0004a603          	lw	a2,0(s1)
   15700:	0044a683          	lw	a3,4(s1)
   15704:	00961613          	slli	a2,a2,0x9
   15708:	00061463          	bnez	a2,15710 <_zisk_float+0x4e3c>
   1570c:	f49fb06f          	j	11654 <_zisk_float+0xd80>
   15710:	f15fb06f          	j	11624 <_zisk_float+0xd50>
   15714:	00951513          	slli	a0,a0,0x9
   15718:	00051463          	bnez	a0,15720 <_zisk_float+0x4e4c>
   1571c:	99dfe06f          	j	140b8 <_zisk_float+0x37e4>
   15720:	0026e693          	ori	a3,a3,2
   15724:	00d62023          	sw	a3,0(a2) # 200000 <_float_lib_entry+0x100000>
   15728:	991fe06f          	j	140b8 <_zisk_float+0x37e4>
   1572c:	00c59713          	slli	a4,a1,0xc
   15730:	00c75713          	srli	a4,a4,0xc
   15734:	00a76733          	or	a4,a4,a0
   15738:	00071463          	bnez	a4,15740 <_zisk_float+0x4e6c>
   1573c:	8ddfc06f          	j	12018 <_zisk_float+0x1744>
   15740:	0026e693          	ori	a3,a3,2
   15744:	00d82023          	sw	a3,0(a6)
   15748:	8d1fc06f          	j	12018 <_zisk_float+0x1744>
   1574c:	82051ce3          	bnez	a0,14f84 <_zisk_float+0x46b0>
   15750:	00000793          	li	a5,0
   15754:	00f4a023          	sw	a5,0(s1)
   15758:	00000813          	li	a6,0
   1575c:	0104a223          	sw	a6,4(s1)
   15760:	09812403          	lw	s0,152(sp)
   15764:	09412483          	lw	s1,148(sp)
   15768:	09012903          	lw	s2,144(sp)
   1576c:	08c12983          	lw	s3,140(sp)
   15770:	08812a03          	lw	s4,136(sp)
   15774:	01f6f313          	andi	t1,a3,31
   15778:	a20fb06f          	j	10998 <_zisk_float+0xc4>
   1577c:	00042603          	lw	a2,0(s0)
   15780:	00442683          	lw	a3,4(s0)
   15784:	00c69713          	slli	a4,a3,0xc
   15788:	00c75713          	srli	a4,a4,0xc
   1578c:	00c76733          	or	a4,a4,a2
   15790:	00071463          	bnez	a4,15798 <_zisk_float+0x4ec4>
   15794:	d90fb06f          	j	10d24 <_zisk_float+0x450>
   15798:	d74fb06f          	j	10d0c <_zisk_float+0x438>
   1579c:	00042603          	lw	a2,0(s0)
   157a0:	00442683          	lw	a3,4(s0)
   157a4:	00961613          	slli	a2,a2,0x9
   157a8:	00061463          	bnez	a2,157b0 <_zisk_float+0x4edc>
   157ac:	ea9fb06f          	j	11654 <_zisk_float+0xd80>
   157b0:	e8dfb06f          	j	1163c <_zisk_float+0xd68>
   157b4:	014b5713          	srli	a4,s6,0x14
   157b8:	01f77713          	andi	a4,a4,31
   157bc:	00070463          	beqz	a4,157c4 <_zisk_float+0x4ef0>
   157c0:	a78fb06f          	j	10a38 <_zisk_float+0x164>
   157c4:	00cb5713          	srli	a4,s6,0xc
   157c8:	002006b7          	lui	a3,0x200
   157cc:	0f877713          	andi	a4,a4,248
   157d0:	00d70733          	add	a4,a4,a3
   157d4:	004b5793          	srli	a5,s6,0x4
   157d8:	00072503          	lw	a0,0(a4) # 7ff00000 <_float_lib_entry+0x7fe00000>
   157dc:	0f87f793          	andi	a5,a5,248
   157e0:	00472583          	lw	a1,4(a4)
   157e4:	11868713          	addi	a4,a3,280 # 200118 <_float_lib_entry+0x100118>
   157e8:	00e787b3          	add	a5,a5,a4
   157ec:	00a7a023          	sw	a0,0(a5)
   157f0:	09812403          	lw	s0,152(sp)
   157f4:	09412483          	lw	s1,148(sp)
   157f8:	09012903          	lw	s2,144(sp)
   157fc:	00b7a223          	sw	a1,4(a5)
   15800:	994fb06f          	j	10994 <_zisk_float+0xc0>
   15804:	000a2503          	lw	a0,0(s4)
   15808:	004a2583          	lw	a1,4(s4)
   1580c:	00100737          	lui	a4,0x100
   15810:	fff70713          	addi	a4,a4,-1 # fffff <softfloat_roundingMode+0xe0b87>
   15814:	00e5f6b3          	and	a3,a1,a4
   15818:	00a6e6b3          	or	a3,a3,a0
   1581c:	00068463          	beqz	a3,15824 <_zisk_float+0x4f50>
   15820:	d04fb06f          	j	10d24 <_zisk_float+0x450>
   15824:	000a2803          	lw	a6,0(s4)
   15828:	004a2883          	lw	a7,4(s4)
   1582c:	003a9693          	slli	a3,s5,0x3
   15830:	002005b7          	lui	a1,0x200
   15834:	00c8f7b3          	and	a5,a7,a2
   15838:	00b686b3          	add	a3,a3,a1
   1583c:	00c79463          	bne	a5,a2,15844 <_zisk_float+0x4f70>
   15840:	4090306f          	j	19448 <_zisk_float+0x8b74>
   15844:	00000713          	li	a4,0
   15848:	7ff007b7          	lui	a5,0x7ff00
   1584c:	00e6a023          	sw	a4,0(a3)
   15850:	00f6a223          	sw	a5,4(a3)
   15854:	f41fe06f          	j	14794 <_zisk_float+0x3ec0>
   15858:	00092503          	lw	a0,0(s2)
   1585c:	00800737          	lui	a4,0x800
   15860:	fff70713          	addi	a4,a4,-1 # 7fffff <_float_lib_entry+0x6fffff>
   15864:	00492583          	lw	a1,4(s2)
   15868:	00e57533          	and	a0,a0,a4
   1586c:	00050463          	beqz	a0,15874 <_zisk_float+0x4fa0>
   15870:	de5fb06f          	j	11654 <_zisk_float+0xd80>
   15874:	00092503          	lw	a0,0(s2)
   15878:	00492583          	lw	a1,4(s2)
   1587c:	00399793          	slli	a5,s3,0x3
   15880:	002006b7          	lui	a3,0x200
   15884:	00c57533          	and	a0,a0,a2
   15888:	00d787b3          	add	a5,a5,a3
   1588c:	00c51463          	bne	a0,a2,15894 <_zisk_float+0x4fc0>
   15890:	2ad0306f          	j	1933c <_zisk_float+0x8a68>
   15894:	7f800637          	lui	a2,0x7f800
   15898:	00000693          	li	a3,0
   1589c:	00c7a023          	sw	a2,0(a5) # 7ff00000 <_float_lib_entry+0x7fe00000>
   158a0:	00d7a223          	sw	a3,4(a5)
   158a4:	ea1fe06f          	j	14744 <_zisk_float+0x3e70>
   158a8:	00042603          	lw	a2,0(s0)
   158ac:	00442683          	lw	a3,4(s0)
   158b0:	00e6f733          	and	a4,a3,a4
   158b4:	00c76733          	or	a4,a4,a2
   158b8:	00070463          	beqz	a4,158c0 <_zisk_float+0x4fec>
   158bc:	db4fb06f          	j	10e70 <_zisk_float+0x59c>
   158c0:	00000713          	li	a4,0
   158c4:	00e9a023          	sw	a4,0(s3)
   158c8:	7ff807b7          	lui	a5,0x7ff80
   158cc:	00f9a223          	sw	a5,4(s3)
   158d0:	01000513          	li	a0,16
   158d4:	4f8090ef          	jal	1edcc <softfloat_raiseFlags>
   158d8:	0000a697          	auipc	a3,0xa
   158dc:	b9c6a683          	lw	a3,-1124(a3) # 1f474 <softfloat_exceptionFlags>
   158e0:	09812403          	lw	s0,152(sp)
   158e4:	09412483          	lw	s1,148(sp)
   158e8:	09012903          	lw	s2,144(sp)
   158ec:	08c12983          	lw	s3,140(sp)
   158f0:	01f6f313          	andi	t1,a3,31
   158f4:	8a4fb06f          	j	10998 <_zisk_float+0xc4>
   158f8:	00042503          	lw	a0,0(s0)
   158fc:	00442583          	lw	a1,4(s0)
   15900:	00d57533          	and	a0,a0,a3
   15904:	00050463          	beqz	a0,1590c <_zisk_float+0x5038>
   15908:	e75fb06f          	j	1177c <_zisk_float+0xea8>
   1590c:	7fc00737          	lui	a4,0x7fc00
   15910:	00e4a023          	sw	a4,0(s1)
   15914:	00000793          	li	a5,0
   15918:	00f4a223          	sw	a5,4(s1)
   1591c:	01000513          	li	a0,16
   15920:	4ac090ef          	jal	1edcc <softfloat_raiseFlags>
   15924:	0000a697          	auipc	a3,0xa
   15928:	b506a683          	lw	a3,-1200(a3) # 1f474 <softfloat_exceptionFlags>
   1592c:	09812403          	lw	s0,152(sp)
   15930:	09412483          	lw	s1,148(sp)
   15934:	09012903          	lw	s2,144(sp)
   15938:	08c12983          	lw	s3,140(sp)
   1593c:	01f6f313          	andi	t1,a3,31
   15940:	858fb06f          	j	10998 <_zisk_float+0xc4>
   15944:	00042503          	lw	a0,0(s0)
   15948:	00442583          	lw	a1,4(s0)
   1594c:	00d57533          	and	a0,a0,a3
   15950:	00050463          	beqz	a0,15958 <_zisk_float+0x5084>
   15954:	800fc06f          	j	11954 <_zisk_float+0x1080>
   15958:	7fc00737          	lui	a4,0x7fc00
   1595c:	00e4a023          	sw	a4,0(s1)
   15960:	00000793          	li	a5,0
   15964:	00f4a223          	sw	a5,4(s1)
   15968:	01000513          	li	a0,16
   1596c:	460090ef          	jal	1edcc <softfloat_raiseFlags>
   15970:	0000a697          	auipc	a3,0xa
   15974:	b046a683          	lw	a3,-1276(a3) # 1f474 <softfloat_exceptionFlags>
   15978:	09812403          	lw	s0,152(sp)
   1597c:	09412483          	lw	s1,148(sp)
   15980:	09012903          	lw	s2,144(sp)
   15984:	08c12983          	lw	s3,140(sp)
   15988:	01f6f313          	andi	t1,a3,31
   1598c:	80cfb06f          	j	10998 <_zisk_float+0xc4>
   15990:	00042603          	lw	a2,0(s0)
   15994:	00442683          	lw	a3,4(s0)
   15998:	00e6f733          	and	a4,a3,a4
   1599c:	00c76733          	or	a4,a4,a2
   159a0:	00070463          	beqz	a4,159a8 <_zisk_float+0x50d4>
   159a4:	ac0fb06f          	j	10c64 <_zisk_float+0x390>
   159a8:	bb9fe06f          	j	14560 <_zisk_float+0x3c8c>
   159ac:	00042503          	lw	a0,0(s0)
   159b0:	00442583          	lw	a1,4(s0)
   159b4:	00d57533          	and	a0,a0,a3
   159b8:	00050463          	beqz	a0,159c0 <_zisk_float+0x50ec>
   159bc:	bd9fb06f          	j	11594 <_zisk_float+0xcc0>
   159c0:	c2dfe06f          	j	145ec <_zisk_float+0x3d18>
   159c4:	00042603          	lw	a2,0(s0)
   159c8:	00442683          	lw	a3,4(s0)
   159cc:	00e6f733          	and	a4,a3,a4
   159d0:	00c76733          	or	a4,a4,a2
   159d4:	00070463          	beqz	a4,159dc <_zisk_float+0x5108>
   159d8:	e9cfb06f          	j	11074 <_zisk_float+0x7a0>
   159dc:	00000713          	li	a4,0
   159e0:	00e9a023          	sw	a4,0(s3)
   159e4:	7ff807b7          	lui	a5,0x7ff80
   159e8:	00f9a223          	sw	a5,4(s3)
   159ec:	01000513          	li	a0,16
   159f0:	3dc090ef          	jal	1edcc <softfloat_raiseFlags>
   159f4:	0000a697          	auipc	a3,0xa
   159f8:	a806a683          	lw	a3,-1408(a3) # 1f474 <softfloat_exceptionFlags>
   159fc:	09812403          	lw	s0,152(sp)
   15a00:	09412483          	lw	s1,148(sp)
   15a04:	09012903          	lw	s2,144(sp)
   15a08:	08c12983          	lw	s3,140(sp)
   15a0c:	01f6f313          	andi	t1,a3,31
   15a10:	f89fa06f          	j	10998 <_zisk_float+0xc4>
   15a14:	00c59713          	slli	a4,a1,0xc
   15a18:	00c75713          	srli	a4,a4,0xc
   15a1c:	00a76733          	or	a4,a4,a0
   15a20:	00071463          	bnez	a4,15a28 <_zisk_float+0x5154>
   15a24:	fd4fc06f          	j	121f8 <_zisk_float+0x1924>
   15a28:	0026e693          	ori	a3,a3,2
   15a2c:	00d82023          	sw	a3,0(a6)
   15a30:	fc8fc06f          	j	121f8 <_zisk_float+0x1924>
   15a34:	00951513          	slli	a0,a0,0x9
   15a38:	00051463          	bnez	a0,15a40 <_zisk_float+0x516c>
   15a3c:	f10fc06f          	j	1214c <_zisk_float+0x1878>
   15a40:	0026e693          	ori	a3,a3,2
   15a44:	00d7a023          	sw	a3,0(a5) # 7ff80000 <_float_lib_entry+0x7fe80000>
   15a48:	f04fc06f          	j	1214c <_zisk_float+0x1878>
   15a4c:	0009a603          	lw	a2,0(s3)
   15a50:	0049a683          	lw	a3,4(s3)
   15a54:	0146d713          	srli	a4,a3,0x14
   15a58:	7ff77713          	andi	a4,a4,2047
   15a5c:	18071ae3          	bnez	a4,163f0 <_zisk_float+0x5b1c>
   15a60:	0009a603          	lw	a2,0(s3)
   15a64:	0049a683          	lw	a3,4(s3)
   15a68:	00c69713          	slli	a4,a3,0xc
   15a6c:	00c75713          	srli	a4,a4,0xc
   15a70:	00c76733          	or	a4,a4,a2
   15a74:	16071ee3          	bnez	a4,163f0 <_zisk_float+0x5b1c>
   15a78:	00042703          	lw	a4,0(s0)
   15a7c:	00442783          	lw	a5,4(s0)
   15a80:	00e4a023          	sw	a4,0(s1)
   15a84:	00f4a223          	sw	a5,4(s1)
   15a88:	bb4fd06f          	j	12e3c <_zisk_float+0x2568>
   15a8c:	0000a797          	auipc	a5,0xa
   15a90:	9ec78793          	addi	a5,a5,-1556 # 1f478 <softfloat_roundingMode>
   15a94:	0007a703          	lw	a4,0(a5)
   15a98:	00300693          	li	a3,3
   15a9c:	00d71463          	bne	a4,a3,15aa4 <_zisk_float+0x51d0>
   15aa0:	d8dfe06f          	j	1482c <_zisk_float+0x3f58>
   15aa4:	00200693          	li	a3,2
   15aa8:	00d71463          	bne	a4,a3,15ab0 <_zisk_float+0x51dc>
   15aac:	df5fe06f          	j	148a0 <_zisk_float+0x3fcc>
   15ab0:	d85fe06f          	j	14834 <_zisk_float+0x3f60>
   15ab4:	7ff007b7          	lui	a5,0x7ff00
   15ab8:	00f6f733          	and	a4,a3,a5
   15abc:	00f71463          	bne	a4,a5,15ac4 <_zisk_float+0x51f0>
   15ac0:	5710206f          	j	18830 <_zisk_float+0x7f5c>
   15ac4:	00000713          	li	a4,0
   15ac8:	7ff007b7          	lui	a5,0x7ff00
   15acc:	00e9a023          	sw	a4,0(s3)
   15ad0:	00f9a223          	sw	a5,4(s3)
   15ad4:	c88fb06f          	j	10f5c <_zisk_float+0x688>
   15ad8:	7ff00737          	lui	a4,0x7ff00
   15adc:	00e6f6b3          	and	a3,a3,a4
   15ae0:	00e69463          	bne	a3,a4,15ae8 <_zisk_float+0x5214>
   15ae4:	3650206f          	j	18648 <_zisk_float+0x7d74>
   15ae8:	00000613          	li	a2,0
   15aec:	fff006b7          	lui	a3,0xfff00
   15af0:	00c7a023          	sw	a2,0(a5) # 7ff00000 <_float_lib_entry+0x7fe00000>
   15af4:	00d7a223          	sw	a3,4(a5)
   15af8:	c9dfe06f          	j	14794 <_zisk_float+0x3ec0>
   15afc:	00c59713          	slli	a4,a1,0xc
   15b00:	00c75713          	srli	a4,a4,0xc
   15b04:	00a76733          	or	a4,a4,a0
   15b08:	00071463          	bnez	a4,15b10 <_zisk_float+0x523c>
   15b0c:	f9dfe06f          	j	14aa8 <_zisk_float+0x41d4>
   15b10:	0026e693          	ori	a3,a3,2
   15b14:	00d82023          	sw	a3,0(a6)
   15b18:	f91fe06f          	j	14aa8 <_zisk_float+0x41d4>
   15b1c:	00951513          	slli	a0,a0,0x9
   15b20:	8e050463          	beqz	a0,14c08 <_zisk_float+0x4334>
   15b24:	0026e693          	ori	a3,a3,2
   15b28:	00d62023          	sw	a3,0(a2) # 7f800000 <_float_lib_entry+0x7f700000>
   15b2c:	8dcff06f          	j	14c08 <_zisk_float+0x4334>
   15b30:	0009a703          	lw	a4,0(s3)
   15b34:	7f8006b7          	lui	a3,0x7f800
   15b38:	0049a783          	lw	a5,4(s3)
   15b3c:	00d77733          	and	a4,a4,a3
   15b40:	00d71463          	bne	a4,a3,15b48 <_zisk_float+0x5274>
   15b44:	79d0206f          	j	18ae0 <_zisk_float+0x820c>
   15b48:	7f800737          	lui	a4,0x7f800
   15b4c:	00000793          	li	a5,0
   15b50:	00e4a023          	sw	a4,0(s1)
   15b54:	00f4a223          	sw	a5,4(s1)
   15b58:	d01fb06f          	j	11858 <_zisk_float+0xf84>
   15b5c:	00092703          	lw	a4,0(s2)
   15b60:	7f8006b7          	lui	a3,0x7f800
   15b64:	00492783          	lw	a5,4(s2)
   15b68:	00d77733          	and	a4,a4,a3
   15b6c:	00d71463          	bne	a4,a3,15b74 <_zisk_float+0x52a0>
   15b70:	6910206f          	j	18a00 <_zisk_float+0x812c>
   15b74:	ff800737          	lui	a4,0xff800
   15b78:	00000793          	li	a5,0
   15b7c:	00e9a023          	sw	a4,0(s3)
   15b80:	00f9a223          	sw	a5,4(s3)
   15b84:	bc1fe06f          	j	14744 <_zisk_float+0x3e70>
   15b88:	0009a703          	lw	a4,0(s3)
   15b8c:	7f8006b7          	lui	a3,0x7f800
   15b90:	0049a783          	lw	a5,4(s3)
   15b94:	00d77733          	and	a4,a4,a3
   15b98:	00d71463          	bne	a4,a3,15ba0 <_zisk_float+0x52cc>
   15b9c:	7a50206f          	j	18b40 <_zisk_float+0x826c>
   15ba0:	7f800737          	lui	a4,0x7f800
   15ba4:	00000793          	li	a5,0
   15ba8:	00e4a023          	sw	a4,0(s1)
   15bac:	00f4a223          	sw	a5,4(s1)
   15bb0:	e8dfb06f          	j	11a3c <_zisk_float+0x1168>
   15bb4:	00042603          	lw	a2,0(s0)
   15bb8:	00400737          	lui	a4,0x400
   15bbc:	00442683          	lw	a3,4(s0)
   15bc0:	00e67633          	and	a2,a2,a4
   15bc4:	00061463          	bnez	a2,15bcc <_zisk_float+0x52f8>
   15bc8:	c31fd06f          	j	137f8 <_zisk_float+0x2f24>
   15bcc:	00000713          	li	a4,0
   15bd0:	7ff807b7          	lui	a5,0x7ff80
   15bd4:	00e4a023          	sw	a4,0(s1)
   15bd8:	00f4a223          	sw	a5,4(s1)
   15bdc:	09812403          	lw	s0,152(sp)
   15be0:	09412483          	lw	s1,148(sp)
   15be4:	09012903          	lw	s2,144(sp)
   15be8:	00000313          	li	t1,0
   15bec:	dadfa06f          	j	10998 <_zisk_float+0xc4>
   15bf0:	00092503          	lw	a0,0(s2)
   15bf4:	00492583          	lw	a1,4(s2)
   15bf8:	000aa503          	lw	a0,0(s5)
   15bfc:	0005d463          	bgez	a1,15c04 <_zisk_float+0x5330>
   15c00:	5290206f          	j	18928 <_zisk_float+0x8054>
   15c04:	004aa583          	lw	a1,4(s5)
   15c08:	00d5f7b3          	and	a5,a1,a3
   15c0c:	d0d79e63          	bne	a5,a3,15128 <_zisk_float+0x4854>
   15c10:	000aa603          	lw	a2,0(s5)
   15c14:	004aa683          	lw	a3,4(s5)
   15c18:	00e6f7b3          	and	a5,a3,a4
   15c1c:	00c7e7b3          	or	a5,a5,a2
   15c20:	d0079463          	bnez	a5,15128 <_zisk_float+0x4854>
   15c24:	000aa703          	lw	a4,0(s5)
   15c28:	004aa783          	lw	a5,4(s5)
   15c2c:	ce07ce63          	bltz	a5,15128 <_zisk_float+0x4854>
   15c30:	00000713          	li	a4,0
   15c34:	00e9a023          	sw	a4,0(s3)
   15c38:	7ff807b7          	lui	a5,0x7ff80
   15c3c:	00f9a223          	sw	a5,4(s3)
   15c40:	01000513          	li	a0,16
   15c44:	188090ef          	jal	1edcc <softfloat_raiseFlags>
   15c48:	0000a697          	auipc	a3,0xa
   15c4c:	82c6a683          	lw	a3,-2004(a3) # 1f474 <softfloat_exceptionFlags>
   15c50:	09812403          	lw	s0,152(sp)
   15c54:	09412483          	lw	s1,148(sp)
   15c58:	09012903          	lw	s2,144(sp)
   15c5c:	08c12983          	lw	s3,140(sp)
   15c60:	08812a03          	lw	s4,136(sp)
   15c64:	08412a83          	lw	s5,132(sp)
   15c68:	01f6f313          	andi	t1,a3,31
   15c6c:	d2dfa06f          	j	10998 <_zisk_float+0xc4>
   15c70:	00951713          	slli	a4,a0,0x9
   15c74:	b0070863          	beqz	a4,14f84 <_zisk_float+0x46b0>
   15c78:	0026e693          	ori	a3,a3,2
   15c7c:	00d7a023          	sw	a3,0(a5) # 7ff80000 <_float_lib_entry+0x7fe80000>
   15c80:	b04ff06f          	j	14f84 <_zisk_float+0x46b0>
   15c84:	00cb5713          	srli	a4,s6,0xc
   15c88:	0f877713          	andi	a4,a4,248
   15c8c:	002005b7          	lui	a1,0x200
   15c90:	00b704b3          	add	s1,a4,a1
   15c94:	0004a603          	lw	a2,0(s1)
   15c98:	0044a683          	lw	a3,4(s1)
   15c9c:	011b5713          	srli	a4,s6,0x11
   15ca0:	7ff007b7          	lui	a5,0x7ff00
   15ca4:	0f877713          	andi	a4,a4,248
   15ca8:	007b5413          	srli	s0,s6,0x7
   15cac:	00f6f6b3          	and	a3,a3,a5
   15cb0:	00b70933          	add	s2,a4,a1
   15cb4:	01f47413          	andi	s0,s0,31
   15cb8:	00f69463          	bne	a3,a5,15cc0 <_zisk_float+0x53ec>
   15cbc:	2fc0306f          	j	18fb8 <_zisk_float+0x86e4>
   15cc0:	0004a603          	lw	a2,0(s1)
   15cc4:	0044a683          	lw	a3,4(s1)
   15cc8:	7ff007b7          	lui	a5,0x7ff00
   15ccc:	00f6f6b3          	and	a3,a3,a5
   15cd0:	00f69463          	bne	a3,a5,15cd8 <_zisk_float+0x5404>
   15cd4:	3cc0306f          	j	190a0 <_zisk_float+0x87cc>
   15cd8:	00092603          	lw	a2,0(s2)
   15cdc:	00492683          	lw	a3,4(s2)
   15ce0:	7ff007b7          	lui	a5,0x7ff00
   15ce4:	00f6f6b3          	and	a3,a3,a5
   15ce8:	00f69463          	bne	a3,a5,15cf0 <_zisk_float+0x541c>
   15cec:	5ac0306f          	j	19298 <_zisk_float+0x89c4>
   15cf0:	0004a783          	lw	a5,0(s1)
   15cf4:	0044a803          	lw	a6,4(s1)
   15cf8:	00341413          	slli	s0,s0,0x3
   15cfc:	002006b7          	lui	a3,0x200
   15d00:	00d40433          	add	s0,s0,a3
   15d04:	00079463          	bnez	a5,15d0c <_zisk_float+0x5438>
   15d08:	2b50306f          	j	197bc <_zisk_float+0x8ee8>
   15d0c:	0004a703          	lw	a4,0(s1)
   15d10:	0044a783          	lw	a5,4(s1)
   15d14:	00f76733          	or	a4,a4,a5
   15d18:	00071a63          	bnez	a4,15d2c <_zisk_float+0x5458>
   15d1c:	00092783          	lw	a5,0(s2)
   15d20:	00492803          	lw	a6,4(s2)
   15d24:	00079463          	bnez	a5,15d2c <_zisk_float+0x5458>
   15d28:	7550306f          	j	19c7c <_zisk_float+0x93a8>
   15d2c:	0004a503          	lw	a0,0(s1)
   15d30:	0044a583          	lw	a1,4(s1)
   15d34:	00092603          	lw	a2,0(s2)
   15d38:	00492683          	lw	a3,4(s2)
   15d3c:	075050ef          	jal	1b5b0 <f64_lt>
   15d40:	00051463          	bnez	a0,15d48 <_zisk_float+0x5474>
   15d44:	3b90306f          	j	198fc <_zisk_float+0x9028>
   15d48:	0004a703          	lw	a4,0(s1)
   15d4c:	0044a783          	lw	a5,4(s1)
   15d50:	00e42023          	sw	a4,0(s0)
   15d54:	00f42223          	sw	a5,4(s0)
   15d58:	00009817          	auipc	a6,0x9
   15d5c:	71c80813          	addi	a6,a6,1820 # 1f474 <softfloat_exceptionFlags>
   15d60:	00082683          	lw	a3,0(a6)
   15d64:	09812403          	lw	s0,152(sp)
   15d68:	09412483          	lw	s1,148(sp)
   15d6c:	09012903          	lw	s2,144(sp)
   15d70:	01f6f313          	andi	t1,a3,31
   15d74:	c25fa06f          	j	10998 <_zisk_float+0xc4>
   15d78:	0004a603          	lw	a2,0(s1)
   15d7c:	0044a683          	lw	a3,4(s1)
   15d80:	00961613          	slli	a2,a2,0x9
   15d84:	00061463          	bnez	a2,15d8c <_zisk_float+0x54b8>
   15d88:	cb5fc06f          	j	12a3c <_zisk_float+0x2168>
   15d8c:	0004a603          	lw	a2,0(s1)
   15d90:	7f8007b7          	lui	a5,0x7f800
   15d94:	0044a683          	lw	a3,4(s1)
   15d98:	00f67633          	and	a2,a2,a5
   15d9c:	00f61463          	bne	a2,a5,15da4 <_zisk_float+0x54d0>
   15da0:	35c0306f          	j	190fc <_zisk_float+0x8828>
   15da4:	00371793          	slli	a5,a4,0x3
   15da8:	00200737          	lui	a4,0x200
   15dac:	00e787b3          	add	a5,a5,a4
   15db0:	0007a603          	lw	a2,0(a5) # 7f800000 <_float_lib_entry+0x7f700000>
   15db4:	7f800737          	lui	a4,0x7f800
   15db8:	0047a683          	lw	a3,4(a5)
   15dbc:	00e67633          	and	a2,a2,a4
   15dc0:	00000313          	li	t1,0
   15dc4:	00e61463          	bne	a2,a4,15dcc <_zisk_float+0x54f8>
   15dc8:	6500306f          	j	19418 <_zisk_float+0x8b44>
   15dcc:	00341793          	slli	a5,s0,0x3
   15dd0:	00200737          	lui	a4,0x200
   15dd4:	00e787b3          	add	a5,a5,a4
   15dd8:	7fc00537          	lui	a0,0x7fc00
   15ddc:	00000593          	li	a1,0
   15de0:	00a7a023          	sw	a0,0(a5)
   15de4:	09812403          	lw	s0,152(sp)
   15de8:	09412483          	lw	s1,148(sp)
   15dec:	09012903          	lw	s2,144(sp)
   15df0:	00b7a223          	sw	a1,4(a5)
   15df4:	ba5fa06f          	j	10998 <_zisk_float+0xc4>
   15df8:	0004a803          	lw	a6,0(s1)
   15dfc:	0044a883          	lw	a7,4(s1)
   15e00:	001006b7          	lui	a3,0x100
   15e04:	fff68693          	addi	a3,a3,-1 # fffff <softfloat_roundingMode+0xe0b87>
   15e08:	00d8f633          	and	a2,a7,a3
   15e0c:	01066633          	or	a2,a2,a6
   15e10:	00060463          	beqz	a2,15e18 <_zisk_float+0x5544>
   15e14:	979fc06f          	j	1278c <_zisk_float+0x1eb8>
   15e18:	00371613          	slli	a2,a4,0x3
   15e1c:	00a60633          	add	a2,a2,a0
   15e20:	00062803          	lw	a6,0(a2)
   15e24:	00462883          	lw	a7,4(a2)
   15e28:	00b8f533          	and	a0,a7,a1
   15e2c:	00b50463          	beq	a0,a1,15e34 <_zisk_float+0x5560>
   15e30:	95dfc06f          	j	1278c <_zisk_float+0x1eb8>
   15e34:	00062803          	lw	a6,0(a2)
   15e38:	00462883          	lw	a7,4(a2)
   15e3c:	00d8f5b3          	and	a1,a7,a3
   15e40:	0105e5b3          	or	a1,a1,a6
   15e44:	00059463          	bnez	a1,15e4c <_zisk_float+0x5578>
   15e48:	945fc06f          	j	1278c <_zisk_float+0x1eb8>
   15e4c:	00062703          	lw	a4,0(a2)
   15e50:	00462783          	lw	a5,4(a2)
   15e54:	00a7f7b3          	and	a5,a5,a0
   15e58:	00a79463          	bne	a5,a0,15e60 <_zisk_float+0x558c>
   15e5c:	3ac0406f          	j	1a208 <_zisk_float+0x9934>
   15e60:	00009697          	auipc	a3,0x9
   15e64:	6146a683          	lw	a3,1556(a3) # 1f474 <softfloat_exceptionFlags>
   15e68:	00341793          	slli	a5,s0,0x3
   15e6c:	00200737          	lui	a4,0x200
   15e70:	00e787b3          	add	a5,a5,a4
   15e74:	00000513          	li	a0,0
   15e78:	7ff805b7          	lui	a1,0x7ff80
   15e7c:	00a7a023          	sw	a0,0(a5)
   15e80:	09812403          	lw	s0,152(sp)
   15e84:	09412483          	lw	s1,148(sp)
   15e88:	09012903          	lw	s2,144(sp)
   15e8c:	00b7a223          	sw	a1,4(a5)
   15e90:	01f6f313          	andi	t1,a3,31
   15e94:	b05fa06f          	j	10998 <_zisk_float+0xc4>
   15e98:	0004a783          	lw	a5,0(s1)
   15e9c:	0044a803          	lw	a6,4(s1)
   15ea0:	00c81693          	slli	a3,a6,0xc
   15ea4:	00c6d693          	srli	a3,a3,0xc
   15ea8:	00f6e6b3          	or	a3,a3,a5
   15eac:	00069463          	bnez	a3,15eb4 <_zisk_float+0x55e0>
   15eb0:	a65fc06f          	j	12914 <_zisk_float+0x2040>
   15eb4:	0004a603          	lw	a2,0(s1)
   15eb8:	0044a683          	lw	a3,4(s1)
   15ebc:	7ff007b7          	lui	a5,0x7ff00
   15ec0:	00f6f6b3          	and	a3,a3,a5
   15ec4:	00f69463          	bne	a3,a5,15ecc <_zisk_float+0x55f8>
   15ec8:	1900306f          	j	19058 <_zisk_float+0x8784>
   15ecc:	00371793          	slli	a5,a4,0x3
   15ed0:	00200737          	lui	a4,0x200
   15ed4:	00e787b3          	add	a5,a5,a4
   15ed8:	0007a503          	lw	a0,0(a5) # 7ff00000 <_float_lib_entry+0x7fe00000>
   15edc:	0047a583          	lw	a1,4(a5)
   15ee0:	7ff00737          	lui	a4,0x7ff00
   15ee4:	00000313          	li	t1,0
   15ee8:	00e5f633          	and	a2,a1,a4
   15eec:	00e61463          	bne	a2,a4,15ef4 <_zisk_float+0x5620>
   15ef0:	3740306f          	j	19264 <_zisk_float+0x8990>
   15ef4:	00341793          	slli	a5,s0,0x3
   15ef8:	00200737          	lui	a4,0x200
   15efc:	00e787b3          	add	a5,a5,a4
   15f00:	00000513          	li	a0,0
   15f04:	7ff805b7          	lui	a1,0x7ff80
   15f08:	00a7a023          	sw	a0,0(a5)
   15f0c:	09812403          	lw	s0,152(sp)
   15f10:	09412483          	lw	s1,148(sp)
   15f14:	09012903          	lw	s2,144(sp)
   15f18:	00b7a223          	sw	a1,4(a5)
   15f1c:	a7dfa06f          	j	10998 <_zisk_float+0xc4>
   15f20:	0004a603          	lw	a2,0(s1)
   15f24:	0044a683          	lw	a3,4(s1)
   15f28:	00961613          	slli	a2,a2,0x9
   15f2c:	00061463          	bnez	a2,15f34 <_zisk_float+0x5660>
   15f30:	f5dfc06f          	j	12e8c <_zisk_float+0x25b8>
   15f34:	0004a603          	lw	a2,0(s1)
   15f38:	7f8007b7          	lui	a5,0x7f800
   15f3c:	0044a683          	lw	a3,4(s1)
   15f40:	00f67633          	and	a2,a2,a5
   15f44:	00f61463          	bne	a2,a5,15f4c <_zisk_float+0x5678>
   15f48:	4910206f          	j	18bd8 <_zisk_float+0x8304>
   15f4c:	00371793          	slli	a5,a4,0x3
   15f50:	00200737          	lui	a4,0x200
   15f54:	00e787b3          	add	a5,a5,a4
   15f58:	0007a603          	lw	a2,0(a5) # 7f800000 <_float_lib_entry+0x7f700000>
   15f5c:	7f800737          	lui	a4,0x7f800
   15f60:	0047a683          	lw	a3,4(a5)
   15f64:	00e67633          	and	a2,a2,a4
   15f68:	00000313          	li	t1,0
   15f6c:	00e61463          	bne	a2,a4,15f74 <_zisk_float+0x56a0>
   15f70:	2b80306f          	j	19228 <_zisk_float+0x8954>
   15f74:	00341793          	slli	a5,s0,0x3
   15f78:	00200737          	lui	a4,0x200
   15f7c:	00e787b3          	add	a5,a5,a4
   15f80:	7fc00537          	lui	a0,0x7fc00
   15f84:	00000593          	li	a1,0
   15f88:	00a7a023          	sw	a0,0(a5)
   15f8c:	09812403          	lw	s0,152(sp)
   15f90:	09412483          	lw	s1,148(sp)
   15f94:	09012903          	lw	s2,144(sp)
   15f98:	00b7a223          	sw	a1,4(a5)
   15f9c:	9fdfa06f          	j	10998 <_zisk_float+0xc4>
   15fa0:	00009797          	auipc	a5,0x9
   15fa4:	4d878793          	addi	a5,a5,1240 # 1f478 <softfloat_roundingMode>
   15fa8:	0007a703          	lw	a4,0(a5)
   15fac:	00300693          	li	a3,3
   15fb0:	00d71463          	bne	a4,a3,15fb8 <_zisk_float+0x56e4>
   15fb4:	f7dfe06f          	j	14f30 <_zisk_float+0x465c>
   15fb8:	00200693          	li	a3,2
   15fbc:	00d71463          	bne	a4,a3,15fc4 <_zisk_float+0x56f0>
   15fc0:	ffdfe06f          	j	14fbc <_zisk_float+0x46e8>
   15fc4:	f75fe06f          	j	14f38 <_zisk_float+0x4664>
   15fc8:	00042783          	lw	a5,0(s0)
   15fcc:	00442803          	lw	a6,4(s0)
   15fd0:	00c81693          	slli	a3,a6,0xc
   15fd4:	00c6d693          	srli	a3,a3,0xc
   15fd8:	00f6e6b3          	or	a3,a3,a5
   15fdc:	00069463          	bnez	a3,15fe4 <_zisk_float+0x5710>
   15fe0:	d11fc06f          	j	12cf0 <_zisk_float+0x241c>
   15fe4:	00042603          	lw	a2,0(s0)
   15fe8:	00442683          	lw	a3,4(s0)
   15fec:	7ff007b7          	lui	a5,0x7ff00
   15ff0:	00f6f6b3          	and	a3,a3,a5
   15ff4:	00f69463          	bne	a3,a5,15ffc <_zisk_float+0x5728>
   15ff8:	5750206f          	j	18d6c <_zisk_float+0x8498>
   15ffc:	00371793          	slli	a5,a4,0x3
   16000:	00200737          	lui	a4,0x200
   16004:	00e787b3          	add	a5,a5,a4
   16008:	0007a503          	lw	a0,0(a5) # 7ff00000 <_float_lib_entry+0x7fe00000>
   1600c:	0047a583          	lw	a1,4(a5)
   16010:	7ff00737          	lui	a4,0x7ff00
   16014:	00000313          	li	t1,0
   16018:	00e5f633          	and	a2,a1,a4
   1601c:	00e61463          	bne	a2,a4,16024 <_zisk_float+0x5750>
   16020:	2bc0306f          	j	192dc <_zisk_float+0x8a08>
   16024:	00349793          	slli	a5,s1,0x3
   16028:	00200737          	lui	a4,0x200
   1602c:	00e787b3          	add	a5,a5,a4
   16030:	00000513          	li	a0,0
   16034:	7ff805b7          	lui	a1,0x7ff80
   16038:	00a7a023          	sw	a0,0(a5)
   1603c:	09812403          	lw	s0,152(sp)
   16040:	09412483          	lw	s1,148(sp)
   16044:	09012903          	lw	s2,144(sp)
   16048:	00b7a223          	sw	a1,4(a5)
   1604c:	94dfa06f          	j	10998 <_zisk_float+0xc4>
   16050:	0004a803          	lw	a6,0(s1)
   16054:	008006b7          	lui	a3,0x800
   16058:	fff68693          	addi	a3,a3,-1 # 7fffff <_float_lib_entry+0x6fffff>
   1605c:	0044a883          	lw	a7,4(s1)
   16060:	00d87833          	and	a6,a6,a3
   16064:	00080463          	beqz	a6,1606c <_zisk_float+0x5798>
   16068:	b19fc06f          	j	12b80 <_zisk_float+0x22ac>
   1606c:	00371513          	slli	a0,a4,0x3
   16070:	00b505b3          	add	a1,a0,a1
   16074:	0005a803          	lw	a6,0(a1) # 7ff80000 <_float_lib_entry+0x7fe80000>
   16078:	0045a883          	lw	a7,4(a1)
   1607c:	00c87833          	and	a6,a6,a2
   16080:	00c80463          	beq	a6,a2,16088 <_zisk_float+0x57b4>
   16084:	afdfc06f          	j	12b80 <_zisk_float+0x22ac>
   16088:	0005a303          	lw	t1,0(a1)
   1608c:	0045a383          	lw	t2,4(a1)
   16090:	00d37333          	and	t1,t1,a3
   16094:	00031463          	bnez	t1,1609c <_zisk_float+0x57c8>
   16098:	ae9fc06f          	j	12b80 <_zisk_float+0x22ac>
   1609c:	0005a703          	lw	a4,0(a1)
   160a0:	0045a783          	lw	a5,4(a1)
   160a4:	01077733          	and	a4,a4,a6
   160a8:	01071463          	bne	a4,a6,160b0 <_zisk_float+0x57dc>
   160ac:	2e40406f          	j	1a390 <_zisk_float+0x9abc>
   160b0:	00009697          	auipc	a3,0x9
   160b4:	3c46a683          	lw	a3,964(a3) # 1f474 <softfloat_exceptionFlags>
   160b8:	00341793          	slli	a5,s0,0x3
   160bc:	00200737          	lui	a4,0x200
   160c0:	00e787b3          	add	a5,a5,a4
   160c4:	7fc00537          	lui	a0,0x7fc00
   160c8:	00000593          	li	a1,0
   160cc:	00a7a023          	sw	a0,0(a5)
   160d0:	09812403          	lw	s0,152(sp)
   160d4:	09412483          	lw	s1,148(sp)
   160d8:	09012903          	lw	s2,144(sp)
   160dc:	00b7a223          	sw	a1,4(a5)
   160e0:	01f6f313          	andi	t1,a3,31
   160e4:	8b5fa06f          	j	10998 <_zisk_float+0xc4>
   160e8:	00cb5413          	srli	s0,s6,0xc
   160ec:	00200737          	lui	a4,0x200
   160f0:	0f847413          	andi	s0,s0,248
   160f4:	00e40433          	add	s0,s0,a4
   160f8:	00042803          	lw	a6,0(s0)
   160fc:	7f8005b7          	lui	a1,0x7f800
   16100:	011b5693          	srli	a3,s6,0x11
   16104:	004b5793          	srli	a5,s6,0x4
   16108:	00442883          	lw	a7,4(s0)
   1610c:	0f86f693          	andi	a3,a3,248
   16110:	0f87f793          	andi	a5,a5,248
   16114:	00b87633          	and	a2,a6,a1
   16118:	00e684b3          	add	s1,a3,a4
   1611c:	00e78933          	add	s2,a5,a4
   16120:	08061a63          	bnez	a2,161b4 <_zisk_float+0x58e0>
   16124:	00042603          	lw	a2,0(s0)
   16128:	00800737          	lui	a4,0x800
   1612c:	fff70713          	addi	a4,a4,-1 # 7fffff <_float_lib_entry+0x6fffff>
   16130:	00442683          	lw	a3,4(s0)
   16134:	00e67633          	and	a2,a2,a4
   16138:	06061e63          	bnez	a2,161b4 <_zisk_float+0x58e0>
   1613c:	00042603          	lw	a2,0(s0)
   16140:	00442683          	lw	a3,4(s0)
   16144:	06069863          	bnez	a3,161b4 <_zisk_float+0x58e0>
   16148:	800007b7          	lui	a5,0x80000
   1614c:	fff78793          	addi	a5,a5,-1 # 7fffffff <_float_lib_entry+0x7fefffff>
   16150:	06c7e263          	bltu	a5,a2,161b4 <_zisk_float+0x58e0>
   16154:	0004a603          	lw	a2,0(s1)
   16158:	0044a683          	lw	a3,4(s1)
   1615c:	00b67633          	and	a2,a2,a1
   16160:	04061a63          	bnez	a2,161b4 <_zisk_float+0x58e0>
   16164:	0004a603          	lw	a2,0(s1)
   16168:	0044a683          	lw	a3,4(s1)
   1616c:	00e67633          	and	a2,a2,a4
   16170:	04061263          	bnez	a2,161b4 <_zisk_float+0x58e0>
   16174:	0004a603          	lw	a2,0(s1)
   16178:	0044a683          	lw	a3,4(s1)
   1617c:	00069463          	bnez	a3,16184 <_zisk_float+0x58b0>
   16180:	02c7fa63          	bgeu	a5,a2,161b4 <_zisk_float+0x58e0>
   16184:	80000737          	lui	a4,0x80000
   16188:	00000793          	li	a5,0
   1618c:	00e92023          	sw	a4,0(s2)
   16190:	00f92223          	sw	a5,4(s2)
   16194:	00009817          	auipc	a6,0x9
   16198:	2e080813          	addi	a6,a6,736 # 1f474 <softfloat_exceptionFlags>
   1619c:	00082683          	lw	a3,0(a6)
   161a0:	09812403          	lw	s0,152(sp)
   161a4:	09412483          	lw	s1,148(sp)
   161a8:	09012903          	lw	s2,144(sp)
   161ac:	01f6f313          	andi	t1,a3,31
   161b0:	fe8fa06f          	j	10998 <_zisk_float+0xc4>
   161b4:	00042683          	lw	a3,0(s0)
   161b8:	00442703          	lw	a4,4(s0)
   161bc:	7f8007b7          	lui	a5,0x7f800
   161c0:	00f6f733          	and	a4,a3,a5
   161c4:	04071c63          	bnez	a4,1621c <_zisk_float+0x5948>
   161c8:	00042703          	lw	a4,0(s0)
   161cc:	00442783          	lw	a5,4(s0)
   161d0:	00971713          	slli	a4,a4,0x9
   161d4:	04071463          	bnez	a4,1621c <_zisk_float+0x5948>
   161d8:	00042703          	lw	a4,0(s0)
   161dc:	00442783          	lw	a5,4(s0)
   161e0:	00079463          	bnez	a5,161e8 <_zisk_float+0x5914>
   161e4:	02075c63          	bgez	a4,1621c <_zisk_float+0x5948>
   161e8:	0004a683          	lw	a3,0(s1)
   161ec:	0044a703          	lw	a4,4(s1)
   161f0:	7f8007b7          	lui	a5,0x7f800
   161f4:	00f6f733          	and	a4,a3,a5
   161f8:	02071263          	bnez	a4,1621c <_zisk_float+0x5948>
   161fc:	0004a703          	lw	a4,0(s1)
   16200:	0044a783          	lw	a5,4(s1)
   16204:	00971713          	slli	a4,a4,0x9
   16208:	00071a63          	bnez	a4,1621c <_zisk_float+0x5948>
   1620c:	0004a703          	lw	a4,0(s1)
   16210:	0044a783          	lw	a5,4(s1)
   16214:	00079463          	bnez	a5,1621c <_zisk_float+0x5948>
   16218:	f60756e3          	bgez	a4,16184 <_zisk_float+0x58b0>
   1621c:	00042703          	lw	a4,0(s0)
   16220:	7f800637          	lui	a2,0x7f800
   16224:	00442783          	lw	a5,4(s0)
   16228:	00c77733          	and	a4,a4,a2
   1622c:	00c71463          	bne	a4,a2,16234 <_zisk_float+0x5960>
   16230:	4010206f          	j	18e30 <_zisk_float+0x855c>
   16234:	00042703          	lw	a4,0(s0)
   16238:	7f8006b7          	lui	a3,0x7f800
   1623c:	00442783          	lw	a5,4(s0)
   16240:	00d77733          	and	a4,a4,a3
   16244:	00d71463          	bne	a4,a3,1624c <_zisk_float+0x5978>
   16248:	39d0206f          	j	18de4 <_zisk_float+0x8510>
   1624c:	0004a703          	lw	a4,0(s1)
   16250:	7f8006b7          	lui	a3,0x7f800
   16254:	0044a783          	lw	a5,4(s1)
   16258:	00d77733          	and	a4,a4,a3
   1625c:	00d70463          	beq	a4,a3,16264 <_zisk_float+0x5990>
   16260:	78d0106f          	j	181ec <_zisk_float+0x7918>
   16264:	0004a783          	lw	a5,0(s1)
   16268:	008006b7          	lui	a3,0x800
   1626c:	fff68693          	addi	a3,a3,-1 # 7fffff <_float_lib_entry+0x6fffff>
   16270:	0044a803          	lw	a6,4(s1)
   16274:	00d7f633          	and	a2,a5,a3
   16278:	00061463          	bnez	a2,16280 <_zisk_float+0x59ac>
   1627c:	7710106f          	j	181ec <_zisk_float+0x7918>
   16280:	0004a503          	lw	a0,0(s1)
   16284:	0044a583          	lw	a1,4(s1)
   16288:	00009817          	auipc	a6,0x9
   1628c:	1ec80813          	addi	a6,a6,492 # 1f474 <softfloat_exceptionFlags>
   16290:	00e57533          	and	a0,a0,a4
   16294:	00e51463          	bne	a0,a4,1629c <_zisk_float+0x59c8>
   16298:	0180406f          	j	1a2b0 <_zisk_float+0x99dc>
   1629c:	00042603          	lw	a2,0(s0)
   162a0:	00442683          	lw	a3,4(s0)
   162a4:	00c92023          	sw	a2,0(s2)
   162a8:	00d92223          	sw	a3,4(s2)
   162ac:	ef1ff06f          	j	1619c <_zisk_float+0x58c8>
   162b0:	0004a503          	lw	a0,0(s1)
   162b4:	008006b7          	lui	a3,0x800
   162b8:	fff68693          	addi	a3,a3,-1 # 7fffff <_float_lib_entry+0x6fffff>
   162bc:	0044a583          	lw	a1,4(s1)
   162c0:	00d57533          	and	a0,a0,a3
   162c4:	00051463          	bnez	a0,162cc <_zisk_float+0x59f8>
   162c8:	8d1fc06f          	j	12b98 <_zisk_float+0x22c4>
   162cc:	002005b7          	lui	a1,0x200
   162d0:	00371813          	slli	a6,a4,0x3
   162d4:	00b80833          	add	a6,a6,a1
   162d8:	00082503          	lw	a0,0(a6)
   162dc:	00482583          	lw	a1,4(a6)
   162e0:	00c57533          	and	a0,a0,a2
   162e4:	00c50463          	beq	a0,a2,162ec <_zisk_float+0x5a18>
   162e8:	8b1fc06f          	j	12b98 <_zisk_float+0x22c4>
   162ec:	00482883          	lw	a7,4(a6)
   162f0:	00082803          	lw	a6,0(a6)
   162f4:	00d87833          	and	a6,a6,a3
   162f8:	00080463          	beqz	a6,16300 <_zisk_float+0x5a2c>
   162fc:	89dfc06f          	j	12b98 <_zisk_float+0x22c4>
   16300:	0004a703          	lw	a4,0(s1)
   16304:	0044a783          	lw	a5,4(s1)
   16308:	00a77733          	and	a4,a4,a0
   1630c:	00a71463          	bne	a4,a0,16314 <_zisk_float+0x5a40>
   16310:	5590306f          	j	1a068 <_zisk_float+0x9794>
   16314:	00009697          	auipc	a3,0x9
   16318:	1606a683          	lw	a3,352(a3) # 1f474 <softfloat_exceptionFlags>
   1631c:	00341793          	slli	a5,s0,0x3
   16320:	00200737          	lui	a4,0x200
   16324:	00e787b3          	add	a5,a5,a4
   16328:	7fc00537          	lui	a0,0x7fc00
   1632c:	00000593          	li	a1,0
   16330:	00a7a023          	sw	a0,0(a5) # 7f800000 <_float_lib_entry+0x7f700000>
   16334:	09812403          	lw	s0,152(sp)
   16338:	09412483          	lw	s1,148(sp)
   1633c:	09012903          	lw	s2,144(sp)
   16340:	00b7a223          	sw	a1,4(a5)
   16344:	01f6f313          	andi	t1,a3,31
   16348:	e50fa06f          	j	10998 <_zisk_float+0xc4>
   1634c:	0004a783          	lw	a5,0(s1)
   16350:	0044a803          	lw	a6,4(s1)
   16354:	001006b7          	lui	a3,0x100
   16358:	fff68693          	addi	a3,a3,-1 # fffff <softfloat_roundingMode+0xe0b87>
   1635c:	00d875b3          	and	a1,a6,a3
   16360:	00f5e5b3          	or	a1,a1,a5
   16364:	00059463          	bnez	a1,1636c <_zisk_float+0x5a98>
   16368:	c3cfc06f          	j	127a4 <_zisk_float+0x1ed0>
   1636c:	00200537          	lui	a0,0x200
   16370:	00371593          	slli	a1,a4,0x3
   16374:	00a585b3          	add	a1,a1,a0
   16378:	0005a803          	lw	a6,0(a1) # 200000 <_float_lib_entry+0x100000>
   1637c:	0045a883          	lw	a7,4(a1)
   16380:	00c8f533          	and	a0,a7,a2
   16384:	00c50463          	beq	a0,a2,1638c <_zisk_float+0x5ab8>
   16388:	c1cfc06f          	j	127a4 <_zisk_float+0x1ed0>
   1638c:	0005a803          	lw	a6,0(a1)
   16390:	0045a883          	lw	a7,4(a1)
   16394:	00d8f633          	and	a2,a7,a3
   16398:	01066633          	or	a2,a2,a6
   1639c:	00060463          	beqz	a2,163a4 <_zisk_float+0x5ad0>
   163a0:	c04fc06f          	j	127a4 <_zisk_float+0x1ed0>
   163a4:	0004a703          	lw	a4,0(s1)
   163a8:	0044a783          	lw	a5,4(s1)
   163ac:	00a7f7b3          	and	a5,a5,a0
   163b0:	00a79463          	bne	a5,a0,163b8 <_zisk_float+0x5ae4>
   163b4:	3d90306f          	j	19f8c <_zisk_float+0x96b8>
   163b8:	00009697          	auipc	a3,0x9
   163bc:	0bc6a683          	lw	a3,188(a3) # 1f474 <softfloat_exceptionFlags>
   163c0:	00341793          	slli	a5,s0,0x3
   163c4:	00200737          	lui	a4,0x200
   163c8:	00e787b3          	add	a5,a5,a4
   163cc:	00000513          	li	a0,0
   163d0:	7ff805b7          	lui	a1,0x7ff80
   163d4:	00a7a023          	sw	a0,0(a5)
   163d8:	09812403          	lw	s0,152(sp)
   163dc:	09412483          	lw	s1,148(sp)
   163e0:	09012903          	lw	s2,144(sp)
   163e4:	00b7a223          	sw	a1,4(a5)
   163e8:	01f6f313          	andi	t1,a3,31
   163ec:	dacfa06f          	j	10998 <_zisk_float+0xc4>
   163f0:	00cb5793          	srli	a5,s6,0xc
   163f4:	0077f913          	andi	s2,a5,7
   163f8:	00090513          	mv	a0,s2
   163fc:	00400613          	li	a2,4
   16400:	00000693          	li	a3,0
   16404:	00000593          	li	a1,0
   16408:	25c040ef          	jal	1a664 <__ucmpdi2>
   1640c:	00100793          	li	a5,1
   16410:	02a7e663          	bltu	a5,a0,1643c <_zisk_float+0x5b68>
   16414:	00009717          	auipc	a4,0x9
   16418:	e0070713          	addi	a4,a4,-512 # 1f214 <softfloat_addM+0x430>
   1641c:	00291793          	slli	a5,s2,0x2
   16420:	00e787b3          	add	a5,a5,a4
   16424:	0007a783          	lw	a5,0(a5)
   16428:	00e787b3          	add	a5,a5,a4
   1642c:	00078067          	jr	a5
   16430:	00300793          	li	a5,3
   16434:	00009717          	auipc	a4,0x9
   16438:	04f72223          	sw	a5,68(a4) # 1f478 <softfloat_roundingMode>
   1643c:	00042503          	lw	a0,0(s0)
   16440:	00442583          	lw	a1,4(s0)
   16444:	0009a603          	lw	a2,0(s3)
   16448:	0049a683          	lw	a3,4(s3)
   1644c:	475040ef          	jal	1b0c0 <f64_add>
   16450:	00a12423          	sw	a0,8(sp)
   16454:	00812783          	lw	a5,8(sp)
   16458:	00b12623          	sw	a1,12(sp)
   1645c:	00009697          	auipc	a3,0x9
   16460:	0186a683          	lw	a3,24(a3) # 1f474 <softfloat_exceptionFlags>
   16464:	00c12803          	lw	a6,12(sp)
   16468:	00f4a023          	sw	a5,0(s1)
   1646c:	09812403          	lw	s0,152(sp)
   16470:	0104a223          	sw	a6,4(s1)
   16474:	09012903          	lw	s2,144(sp)
   16478:	09412483          	lw	s1,148(sp)
   1647c:	08c12983          	lw	s3,140(sp)
   16480:	01f6f313          	andi	t1,a3,31
   16484:	d14fa06f          	j	10998 <_zisk_float+0xc4>
   16488:	00009797          	auipc	a5,0x9
   1648c:	fe07a823          	sw	zero,-16(a5) # 1f478 <softfloat_roundingMode>
   16490:	fadff06f          	j	1643c <_zisk_float+0x5b68>
   16494:	00400793          	li	a5,4
   16498:	00009717          	auipc	a4,0x9
   1649c:	fef72023          	sw	a5,-32(a4) # 1f478 <softfloat_roundingMode>
   164a0:	f9dff06f          	j	1643c <_zisk_float+0x5b68>
   164a4:	00200793          	li	a5,2
   164a8:	00009717          	auipc	a4,0x9
   164ac:	fcf72823          	sw	a5,-48(a4) # 1f478 <softfloat_roundingMode>
   164b0:	f8dff06f          	j	1643c <_zisk_float+0x5b68>
   164b4:	00100793          	li	a5,1
   164b8:	00009717          	auipc	a4,0x9
   164bc:	fcf72023          	sw	a5,-64(a4) # 1f478 <softfloat_roundingMode>
   164c0:	f7dff06f          	j	1643c <_zisk_float+0x5b68>
   164c4:	0004a603          	lw	a2,0(s1)
   164c8:	0044a683          	lw	a3,4(s1)
   164cc:	00961613          	slli	a2,a2,0x9
   164d0:	00061463          	bnez	a2,164d8 <_zisk_float+0x5c04>
   164d4:	edcfc06f          	j	12bb0 <_zisk_float+0x22dc>
   164d8:	0004a603          	lw	a2,0(s1)
   164dc:	7f8007b7          	lui	a5,0x7f800
   164e0:	0044a683          	lw	a3,4(s1)
   164e4:	00f67633          	and	a2,a2,a5
   164e8:	00f61463          	bne	a2,a5,164f0 <_zisk_float+0x5c1c>
   164ec:	6d50206f          	j	193c0 <_zisk_float+0x8aec>
   164f0:	00371793          	slli	a5,a4,0x3
   164f4:	00200737          	lui	a4,0x200
   164f8:	00e787b3          	add	a5,a5,a4
   164fc:	0007a603          	lw	a2,0(a5) # 7f800000 <_float_lib_entry+0x7f700000>
   16500:	7f800737          	lui	a4,0x7f800
   16504:	0047a683          	lw	a3,4(a5)
   16508:	00e67633          	and	a2,a2,a4
   1650c:	00000313          	li	t1,0
   16510:	00e61463          	bne	a2,a4,16518 <_zisk_float+0x5c44>
   16514:	6690206f          	j	1937c <_zisk_float+0x8aa8>
   16518:	00341793          	slli	a5,s0,0x3
   1651c:	00200737          	lui	a4,0x200
   16520:	00e787b3          	add	a5,a5,a4
   16524:	7fc00537          	lui	a0,0x7fc00
   16528:	00000593          	li	a1,0
   1652c:	00a7a023          	sw	a0,0(a5)
   16530:	09812403          	lw	s0,152(sp)
   16534:	09412483          	lw	s1,148(sp)
   16538:	09012903          	lw	s2,144(sp)
   1653c:	00b7a223          	sw	a1,4(a5)
   16540:	c58fa06f          	j	10998 <_zisk_float+0xc4>
   16544:	0004a783          	lw	a5,0(s1)
   16548:	0044a803          	lw	a6,4(s1)
   1654c:	001006b7          	lui	a3,0x100
   16550:	fff68693          	addi	a3,a3,-1 # fffff <softfloat_roundingMode+0xe0b87>
   16554:	00d875b3          	and	a1,a6,a3
   16558:	00f5e5b3          	or	a1,a1,a5
   1655c:	00058463          	beqz	a1,16564 <_zisk_float+0x5c90>
   16560:	f9dfb06f          	j	124fc <_zisk_float+0x1c28>
   16564:	00200537          	lui	a0,0x200
   16568:	00371593          	slli	a1,a4,0x3
   1656c:	00a585b3          	add	a1,a1,a0
   16570:	0005a803          	lw	a6,0(a1) # 7ff80000 <_float_lib_entry+0x7fe80000>
   16574:	0045a883          	lw	a7,4(a1)
   16578:	00c8f533          	and	a0,a7,a2
   1657c:	00c50463          	beq	a0,a2,16584 <_zisk_float+0x5cb0>
   16580:	f7dfb06f          	j	124fc <_zisk_float+0x1c28>
   16584:	0005a803          	lw	a6,0(a1)
   16588:	0045a883          	lw	a7,4(a1)
   1658c:	00d8f633          	and	a2,a7,a3
   16590:	01066633          	or	a2,a2,a6
   16594:	00061463          	bnez	a2,1659c <_zisk_float+0x5cc8>
   16598:	f65fb06f          	j	124fc <_zisk_float+0x1c28>
   1659c:	0005a703          	lw	a4,0(a1)
   165a0:	0045a783          	lw	a5,4(a1)
   165a4:	00a7f7b3          	and	a5,a5,a0
   165a8:	00a79463          	bne	a5,a0,165b0 <_zisk_float+0x5cdc>
   165ac:	2510306f          	j	19ffc <_zisk_float+0x9728>
   165b0:	00009697          	auipc	a3,0x9
   165b4:	ec46a683          	lw	a3,-316(a3) # 1f474 <softfloat_exceptionFlags>
   165b8:	00000713          	li	a4,0
   165bc:	00e92023          	sw	a4,0(s2)
   165c0:	7ff807b7          	lui	a5,0x7ff80
   165c4:	00f92223          	sw	a5,4(s2)
   165c8:	09812403          	lw	s0,152(sp)
   165cc:	09412483          	lw	s1,148(sp)
   165d0:	09012903          	lw	s2,144(sp)
   165d4:	01f6f313          	andi	t1,a3,31
   165d8:	bc0fa06f          	j	10998 <_zisk_float+0xc4>
   165dc:	0004a783          	lw	a5,0(s1)
   165e0:	0044a803          	lw	a6,4(s1)
   165e4:	00c81693          	slli	a3,a6,0xc
   165e8:	00c6d693          	srli	a3,a3,0xc
   165ec:	00f6e6b3          	or	a3,a3,a5
   165f0:	00069463          	bnez	a3,165f8 <_zisk_float+0x5d24>
   165f4:	9c8fc06f          	j	127bc <_zisk_float+0x1ee8>
   165f8:	0004a603          	lw	a2,0(s1)
   165fc:	0044a683          	lw	a3,4(s1)
   16600:	7ff007b7          	lui	a5,0x7ff00
   16604:	00f6f6b3          	and	a3,a3,a5
   16608:	00f69463          	bne	a3,a5,16610 <_zisk_float+0x5d3c>
   1660c:	6c10206f          	j	194cc <_zisk_float+0x8bf8>
   16610:	00371793          	slli	a5,a4,0x3
   16614:	00200737          	lui	a4,0x200
   16618:	00e787b3          	add	a5,a5,a4
   1661c:	0007a503          	lw	a0,0(a5) # 7ff00000 <_float_lib_entry+0x7fe00000>
   16620:	0047a583          	lw	a1,4(a5)
   16624:	7ff00737          	lui	a4,0x7ff00
   16628:	00000313          	li	t1,0
   1662c:	00e5f633          	and	a2,a1,a4
   16630:	00e61463          	bne	a2,a4,16638 <_zisk_float+0x5d64>
   16634:	6510206f          	j	19484 <_zisk_float+0x8bb0>
   16638:	00341793          	slli	a5,s0,0x3
   1663c:	00200737          	lui	a4,0x200
   16640:	00e787b3          	add	a5,a5,a4
   16644:	00000513          	li	a0,0
   16648:	7ff805b7          	lui	a1,0x7ff80
   1664c:	00a7a023          	sw	a0,0(a5)
   16650:	09812403          	lw	s0,152(sp)
   16654:	09412483          	lw	s1,148(sp)
   16658:	09012903          	lw	s2,144(sp)
   1665c:	00b7a223          	sw	a1,4(a5)
   16660:	b38fa06f          	j	10998 <_zisk_float+0xc4>
   16664:	0004a503          	lw	a0,0(s1)
   16668:	008006b7          	lui	a3,0x800
   1666c:	fff68693          	addi	a3,a3,-1 # 7fffff <_float_lib_entry+0x6fffff>
   16670:	0044a583          	lw	a1,4(s1)
   16674:	00d57533          	and	a0,a0,a3
   16678:	00051463          	bnez	a0,16680 <_zisk_float+0x5dac>
   1667c:	814fc06f          	j	12690 <_zisk_float+0x1dbc>
   16680:	002005b7          	lui	a1,0x200
   16684:	00371813          	slli	a6,a4,0x3
   16688:	00b80833          	add	a6,a6,a1
   1668c:	00082503          	lw	a0,0(a6)
   16690:	00482583          	lw	a1,4(a6)
   16694:	00c57533          	and	a0,a0,a2
   16698:	00c50463          	beq	a0,a2,166a0 <_zisk_float+0x5dcc>
   1669c:	ff5fb06f          	j	12690 <_zisk_float+0x1dbc>
   166a0:	00482883          	lw	a7,4(a6)
   166a4:	00082803          	lw	a6,0(a6)
   166a8:	00d87833          	and	a6,a6,a3
   166ac:	00080463          	beqz	a6,166b4 <_zisk_float+0x5de0>
   166b0:	fe1fb06f          	j	12690 <_zisk_float+0x1dbc>
   166b4:	0004a703          	lw	a4,0(s1)
   166b8:	0044a783          	lw	a5,4(s1)
   166bc:	00a77733          	and	a4,a4,a0
   166c0:	00a71463          	bne	a4,a0,166c8 <_zisk_float+0x5df4>
   166c4:	37d0306f          	j	1a240 <_zisk_float+0x996c>
   166c8:	00009697          	auipc	a3,0x9
   166cc:	dac6a683          	lw	a3,-596(a3) # 1f474 <softfloat_exceptionFlags>
   166d0:	7fc00737          	lui	a4,0x7fc00
   166d4:	00e92023          	sw	a4,0(s2)
   166d8:	00000793          	li	a5,0
   166dc:	00f92223          	sw	a5,4(s2)
   166e0:	09812403          	lw	s0,152(sp)
   166e4:	09412483          	lw	s1,148(sp)
   166e8:	09012903          	lw	s2,144(sp)
   166ec:	01f6f313          	andi	t1,a3,31
   166f0:	aa8fa06f          	j	10998 <_zisk_float+0xc4>
   166f4:	0004a503          	lw	a0,0(s1)
   166f8:	008006b7          	lui	a3,0x800
   166fc:	fff68693          	addi	a3,a3,-1 # 7fffff <_float_lib_entry+0x6fffff>
   16700:	0044a583          	lw	a1,4(s1)
   16704:	00d57533          	and	a0,a0,a3
   16708:	00050463          	beqz	a0,16710 <_zisk_float+0x5e3c>
   1670c:	f6dfb06f          	j	12678 <_zisk_float+0x1da4>
   16710:	00371593          	slli	a1,a4,0x3
   16714:	00200537          	lui	a0,0x200
   16718:	00a585b3          	add	a1,a1,a0
   1671c:	0005a803          	lw	a6,0(a1) # 200000 <_float_lib_entry+0x100000>
   16720:	0045a883          	lw	a7,4(a1)
   16724:	00c87833          	and	a6,a6,a2
   16728:	00c80463          	beq	a6,a2,16730 <_zisk_float+0x5e5c>
   1672c:	f4dfb06f          	j	12678 <_zisk_float+0x1da4>
   16730:	0005a303          	lw	t1,0(a1)
   16734:	0045a383          	lw	t2,4(a1)
   16738:	00d37333          	and	t1,t1,a3
   1673c:	00031463          	bnez	t1,16744 <_zisk_float+0x5e70>
   16740:	f39fb06f          	j	12678 <_zisk_float+0x1da4>
   16744:	0005a703          	lw	a4,0(a1)
   16748:	0045a783          	lw	a5,4(a1)
   1674c:	01077733          	and	a4,a4,a6
   16750:	01071463          	bne	a4,a6,16758 <_zisk_float+0x5e84>
   16754:	4750306f          	j	1a3c8 <_zisk_float+0x9af4>
   16758:	00009697          	auipc	a3,0x9
   1675c:	d1c6a683          	lw	a3,-740(a3) # 1f474 <softfloat_exceptionFlags>
   16760:	7fc00737          	lui	a4,0x7fc00
   16764:	00e92023          	sw	a4,0(s2)
   16768:	00000793          	li	a5,0
   1676c:	00f92223          	sw	a5,4(s2)
   16770:	09812403          	lw	s0,152(sp)
   16774:	09412483          	lw	s1,148(sp)
   16778:	09012903          	lw	s2,144(sp)
   1677c:	01f6f313          	andi	t1,a3,31
   16780:	a18fa06f          	j	10998 <_zisk_float+0xc4>
   16784:	00042683          	lw	a3,0(s0)
   16788:	00442703          	lw	a4,4(s0)
   1678c:	7f8007b7          	lui	a5,0x7f800
   16790:	00f6f733          	and	a4,a3,a5
   16794:	04071e63          	bnez	a4,167f0 <_zisk_float+0x5f1c>
   16798:	00042703          	lw	a4,0(s0)
   1679c:	00442783          	lw	a5,4(s0)
   167a0:	00971713          	slli	a4,a4,0x9
   167a4:	04071663          	bnez	a4,167f0 <_zisk_float+0x5f1c>
   167a8:	00042703          	lw	a4,0(s0)
   167ac:	00442783          	lw	a5,4(s0)
   167b0:	00079463          	bnez	a5,167b8 <_zisk_float+0x5ee4>
   167b4:	02075e63          	bgez	a4,167f0 <_zisk_float+0x5f1c>
   167b8:	0004a683          	lw	a3,0(s1)
   167bc:	0044a703          	lw	a4,4(s1)
   167c0:	7f8007b7          	lui	a5,0x7f800
   167c4:	00f6f733          	and	a4,a3,a5
   167c8:	02071463          	bnez	a4,167f0 <_zisk_float+0x5f1c>
   167cc:	0004a703          	lw	a4,0(s1)
   167d0:	0044a783          	lw	a5,4(s1)
   167d4:	00971713          	slli	a4,a4,0x9
   167d8:	00071c63          	bnez	a4,167f0 <_zisk_float+0x5f1c>
   167dc:	0004a703          	lw	a4,0(s1)
   167e0:	0044a783          	lw	a5,4(s1)
   167e4:	00079663          	bnez	a5,167f0 <_zisk_float+0x5f1c>
   167e8:	00074463          	bltz	a4,167f0 <_zisk_float+0x5f1c>
   167ec:	e89fc06f          	j	13674 <_zisk_float+0x2da0>
   167f0:	00042703          	lw	a4,0(s0)
   167f4:	7f800637          	lui	a2,0x7f800
   167f8:	00442783          	lw	a5,4(s0)
   167fc:	00c77733          	and	a4,a4,a2
   16800:	00c71463          	bne	a4,a2,16808 <_zisk_float+0x5f34>
   16804:	4640206f          	j	18c68 <_zisk_float+0x8394>
   16808:	00042703          	lw	a4,0(s0)
   1680c:	7f8006b7          	lui	a3,0x7f800
   16810:	00442783          	lw	a5,4(s0)
   16814:	00d77733          	and	a4,a4,a3
   16818:	00d71463          	bne	a4,a3,16820 <_zisk_float+0x5f4c>
   1681c:	4000206f          	j	18c1c <_zisk_float+0x8348>
   16820:	0004a703          	lw	a4,0(s1)
   16824:	7f8006b7          	lui	a3,0x7f800
   16828:	0044a783          	lw	a5,4(s1)
   1682c:	00d77733          	and	a4,a4,a3
   16830:	00d70463          	beq	a4,a3,16838 <_zisk_float+0x5f64>
   16834:	5300106f          	j	17d64 <_zisk_float+0x7490>
   16838:	0004a783          	lw	a5,0(s1)
   1683c:	008006b7          	lui	a3,0x800
   16840:	fff68693          	addi	a3,a3,-1 # 7fffff <_float_lib_entry+0x6fffff>
   16844:	0044a803          	lw	a6,4(s1)
   16848:	00d7f633          	and	a2,a5,a3
   1684c:	00061463          	bnez	a2,16854 <_zisk_float+0x5f80>
   16850:	5140106f          	j	17d64 <_zisk_float+0x7490>
   16854:	0004a503          	lw	a0,0(s1)
   16858:	0044a583          	lw	a1,4(s1)
   1685c:	00009817          	auipc	a6,0x9
   16860:	c1880813          	addi	a6,a6,-1000 # 1f474 <softfloat_exceptionFlags>
   16864:	00e57533          	and	a0,a0,a4
   16868:	00e51463          	bne	a0,a4,16870 <_zisk_float+0x5f9c>
   1686c:	7580306f          	j	19fc4 <_zisk_float+0x96f0>
   16870:	00042603          	lw	a2,0(s0)
   16874:	00442683          	lw	a3,4(s0)
   16878:	00c92023          	sw	a2,0(s2)
   1687c:	00d92223          	sw	a3,4(s2)
   16880:	e0dfc06f          	j	1368c <_zisk_float+0x2db8>
   16884:	0004a783          	lw	a5,0(s1)
   16888:	0044a803          	lw	a6,4(s1)
   1688c:	001006b7          	lui	a3,0x100
   16890:	fff68693          	addi	a3,a3,-1 # fffff <softfloat_roundingMode+0xe0b87>
   16894:	00d875b3          	and	a1,a6,a3
   16898:	00f5e5b3          	or	a1,a1,a5
   1689c:	00059463          	bnez	a1,168a4 <_zisk_float+0x5fd0>
   168a0:	c75fb06f          	j	12514 <_zisk_float+0x1c40>
   168a4:	00200537          	lui	a0,0x200
   168a8:	00371593          	slli	a1,a4,0x3
   168ac:	00a585b3          	add	a1,a1,a0
   168b0:	0005a803          	lw	a6,0(a1)
   168b4:	0045a883          	lw	a7,4(a1)
   168b8:	00c8f533          	and	a0,a7,a2
   168bc:	00c50463          	beq	a0,a2,168c4 <_zisk_float+0x5ff0>
   168c0:	c55fb06f          	j	12514 <_zisk_float+0x1c40>
   168c4:	0005a803          	lw	a6,0(a1)
   168c8:	0045a883          	lw	a7,4(a1)
   168cc:	00d8f633          	and	a2,a7,a3
   168d0:	01066633          	or	a2,a2,a6
   168d4:	00060463          	beqz	a2,168dc <_zisk_float+0x6008>
   168d8:	c3dfb06f          	j	12514 <_zisk_float+0x1c40>
   168dc:	0004a703          	lw	a4,0(s1)
   168e0:	0044a783          	lw	a5,4(s1)
   168e4:	00a7f7b3          	and	a5,a5,a0
   168e8:	00a79463          	bne	a5,a0,168f0 <_zisk_float+0x601c>
   168ec:	18d0306f          	j	1a278 <_zisk_float+0x99a4>
   168f0:	00009697          	auipc	a3,0x9
   168f4:	b846a683          	lw	a3,-1148(a3) # 1f474 <softfloat_exceptionFlags>
   168f8:	00000713          	li	a4,0
   168fc:	00e92023          	sw	a4,0(s2)
   16900:	7ff807b7          	lui	a5,0x7ff80
   16904:	00f92223          	sw	a5,4(s2)
   16908:	09812403          	lw	s0,152(sp)
   1690c:	09412483          	lw	s1,148(sp)
   16910:	09012903          	lw	s2,144(sp)
   16914:	01f6f313          	andi	t1,a3,31
   16918:	880fa06f          	j	10998 <_zisk_float+0xc4>
   1691c:	0004a783          	lw	a5,0(s1)
   16920:	0044a803          	lw	a6,4(s1)
   16924:	00c81693          	slli	a3,a6,0xc
   16928:	00c6d693          	srli	a3,a3,0xc
   1692c:	00f6e6b3          	or	a3,a3,a5
   16930:	00069463          	bnez	a3,16938 <_zisk_float+0x6064>
   16934:	bf9fb06f          	j	1252c <_zisk_float+0x1c58>
   16938:	0004a603          	lw	a2,0(s1)
   1693c:	0044a683          	lw	a3,4(s1)
   16940:	7ff007b7          	lui	a5,0x7ff00
   16944:	00f6f6b3          	and	a3,a3,a5
   16948:	00f69463          	bne	a3,a5,16950 <_zisk_float+0x607c>
   1694c:	3fd0206f          	j	19548 <_zisk_float+0x8c74>
   16950:	00371793          	slli	a5,a4,0x3
   16954:	00200737          	lui	a4,0x200
   16958:	00e787b3          	add	a5,a5,a4
   1695c:	0007a503          	lw	a0,0(a5) # 7ff00000 <_float_lib_entry+0x7fe00000>
   16960:	0047a583          	lw	a1,4(a5)
   16964:	7ff00737          	lui	a4,0x7ff00
   16968:	00000313          	li	t1,0
   1696c:	00e5f633          	and	a2,a1,a4
   16970:	00e61463          	bne	a2,a4,16978 <_zisk_float+0x60a4>
   16974:	4c50206f          	j	19638 <_zisk_float+0x8d64>
   16978:	00000713          	li	a4,0
   1697c:	00e92023          	sw	a4,0(s2)
   16980:	7ff807b7          	lui	a5,0x7ff80
   16984:	00f92223          	sw	a5,4(s2)
   16988:	09812403          	lw	s0,152(sp)
   1698c:	09412483          	lw	s1,148(sp)
   16990:	09012903          	lw	s2,144(sp)
   16994:	804fa06f          	j	10998 <_zisk_float+0xc4>
   16998:	0004a603          	lw	a2,0(s1)
   1699c:	0044a683          	lw	a3,4(s1)
   169a0:	00961613          	slli	a2,a2,0x9
   169a4:	00061463          	bnez	a2,169ac <_zisk_float+0x60d8>
   169a8:	d01fb06f          	j	126a8 <_zisk_float+0x1dd4>
   169ac:	0004a603          	lw	a2,0(s1)
   169b0:	7f8007b7          	lui	a5,0x7f800
   169b4:	0044a683          	lw	a3,4(s1)
   169b8:	00f67633          	and	a2,a2,a5
   169bc:	00f61463          	bne	a2,a5,169c4 <_zisk_float+0x60f0>
   169c0:	0250206f          	j	191e4 <_zisk_float+0x8910>
   169c4:	00371793          	slli	a5,a4,0x3
   169c8:	00200737          	lui	a4,0x200
   169cc:	00e787b3          	add	a5,a5,a4
   169d0:	0007a603          	lw	a2,0(a5) # 7f800000 <_float_lib_entry+0x7f700000>
   169d4:	7f800737          	lui	a4,0x7f800
   169d8:	0047a683          	lw	a3,4(a5)
   169dc:	00e67633          	and	a2,a2,a4
   169e0:	00000313          	li	t1,0
   169e4:	00e61463          	bne	a2,a4,169ec <_zisk_float+0x6118>
   169e8:	50d0206f          	j	196f4 <_zisk_float+0x8e20>
   169ec:	7fc00737          	lui	a4,0x7fc00
   169f0:	00e92023          	sw	a4,0(s2)
   169f4:	00000793          	li	a5,0
   169f8:	00f92223          	sw	a5,4(s2)
   169fc:	09812403          	lw	s0,152(sp)
   16a00:	09412483          	lw	s1,148(sp)
   16a04:	09012903          	lw	s2,144(sp)
   16a08:	f91f906f          	j	10998 <_zisk_float+0xc4>
   16a0c:	00300693          	li	a3,3
   16a10:	00d70463          	beq	a4,a3,16a18 <_zisk_float+0x6144>
   16a14:	824fa06f          	j	10a38 <_zisk_float+0x164>
   16a18:	00cb5593          	srli	a1,s6,0xc
   16a1c:	007b5413          	srli	s0,s6,0x7
   16a20:	00fb5493          	srli	s1,s6,0xf
   16a24:	0075f593          	andi	a1,a1,7
   16a28:	00700793          	li	a5,7
   16a2c:	01f47413          	andi	s0,s0,31
   16a30:	01f4f493          	andi	s1,s1,31
   16a34:	00f59863          	bne	a1,a5,16a44 <_zisk_float+0x6170>
   16a38:	00009597          	auipc	a1,0x9
   16a3c:	a405a583          	lw	a1,-1472(a1) # 1f478 <softfloat_roundingMode>
   16a40:	00f5f5b3          	and	a1,a1,a5
   16a44:	002007b7          	lui	a5,0x200
   16a48:	00349493          	slli	s1,s1,0x3
   16a4c:	00f484b3          	add	s1,s1,a5
   16a50:	0004a683          	lw	a3,0(s1)
   16a54:	0044a703          	lw	a4,4(s1)
   16a58:	11878793          	addi	a5,a5,280 # 200118 <_float_lib_entry+0x100118>
   16a5c:	00068513          	mv	a0,a3
   16a60:	00341413          	slli	s0,s0,0x3
   16a64:	00100613          	li	a2,1
   16a68:	00f40433          	add	s0,s0,a5
   16a6c:	58c040ef          	jal	1aff8 <f32_to_ui64>
   16a70:	00a12c23          	sw	a0,24(sp)
   16a74:	01812783          	lw	a5,24(sp)
   16a78:	00b12e23          	sw	a1,28(sp)
   16a7c:	00009697          	auipc	a3,0x9
   16a80:	9f86a683          	lw	a3,-1544(a3) # 1f474 <softfloat_exceptionFlags>
   16a84:	01c12803          	lw	a6,28(sp)
   16a88:	00f42023          	sw	a5,0(s0)
   16a8c:	0106f793          	andi	a5,a3,16
   16a90:	01042223          	sw	a6,4(s0)
   16a94:	04078063          	beqz	a5,16ad4 <_zisk_float+0x6200>
   16a98:	0004a703          	lw	a4,0(s1)
   16a9c:	7f800637          	lui	a2,0x7f800
   16aa0:	0044a783          	lw	a5,4(s1)
   16aa4:	00c77733          	and	a4,a4,a2
   16aa8:	00c71463          	bne	a4,a2,16ab0 <_zisk_float+0x61dc>
   16aac:	6290206f          	j	198d4 <_zisk_float+0x9000>
   16ab0:	0004a703          	lw	a4,0(s1)
   16ab4:	0044a783          	lw	a5,4(s1)
   16ab8:	00079663          	bnez	a5,16ac4 <_zisk_float+0x61f0>
   16abc:	00074463          	bltz	a4,16ac4 <_zisk_float+0x61f0>
   16ac0:	6290206f          	j	198e8 <_zisk_float+0x9014>
   16ac4:	00000793          	li	a5,0
   16ac8:	00000813          	li	a6,0
   16acc:	00f42023          	sw	a5,0(s0)
   16ad0:	01042223          	sw	a6,4(s0)
   16ad4:	09812403          	lw	s0,152(sp)
   16ad8:	09412483          	lw	s1,148(sp)
   16adc:	09012903          	lw	s2,144(sp)
   16ae0:	01f6f313          	andi	t1,a3,31
   16ae4:	eb5f906f          	j	10998 <_zisk_float+0xc4>
   16ae8:	00042603          	lw	a2,0(s0)
   16aec:	00442683          	lw	a3,4(s0)
   16af0:	00069463          	bnez	a3,16af8 <_zisk_float+0x6224>
   16af4:	2090206f          	j	194fc <_zisk_float+0x8c28>
   16af8:	7fc00637          	lui	a2,0x7fc00
   16afc:	00c4a023          	sw	a2,0(s1)
   16b00:	00000693          	li	a3,0
   16b04:	00d4a223          	sw	a3,4(s1)
   16b08:	01000793          	li	a5,16
   16b0c:	09812403          	lw	s0,152(sp)
   16b10:	09412483          	lw	s1,148(sp)
   16b14:	09012903          	lw	s2,144(sp)
   16b18:	00009717          	auipc	a4,0x9
   16b1c:	94f72e23          	sw	a5,-1700(a4) # 1f474 <softfloat_exceptionFlags>
   16b20:	01000313          	li	t1,16
   16b24:	e75f906f          	j	10998 <_zisk_float+0xc4>
   16b28:	00092603          	lw	a2,0(s2)
   16b2c:	00492683          	lw	a3,4(s2)
   16b30:	00069663          	bnez	a3,16b3c <_zisk_float+0x6268>
   16b34:	00064463          	bltz	a2,16b3c <_zisk_float+0x6268>
   16b38:	6690106f          	j	189a0 <_zisk_float+0x80cc>
   16b3c:	09812403          	lw	s0,152(sp)
   16b40:	09412483          	lw	s1,148(sp)
   16b44:	09012903          	lw	s2,144(sp)
   16b48:	08c12983          	lw	s3,140(sp)
   16b4c:	01f77313          	andi	t1,a4,31
   16b50:	e49f906f          	j	10998 <_zisk_float+0xc4>
   16b54:	00300693          	li	a3,3
   16b58:	00d70463          	beq	a4,a3,16b60 <_zisk_float+0x628c>
   16b5c:	eddf906f          	j	10a38 <_zisk_float+0x164>
   16b60:	00cb5413          	srli	s0,s6,0xc
   16b64:	00747413          	andi	s0,s0,7
   16b68:	00fb5793          	srli	a5,s6,0xf
   16b6c:	00040513          	mv	a0,s0
   16b70:	00400613          	li	a2,4
   16b74:	00000693          	li	a3,0
   16b78:	00000593          	li	a1,0
   16b7c:	01f7f493          	andi	s1,a5,31
   16b80:	2e5030ef          	jal	1a664 <__ucmpdi2>
   16b84:	007b5913          	srli	s2,s6,0x7
   16b88:	00100793          	li	a5,1
   16b8c:	01f97913          	andi	s2,s2,31
   16b90:	02a7e663          	bltu	a5,a0,16bbc <_zisk_float+0x62e8>
   16b94:	00008717          	auipc	a4,0x8
   16b98:	69470713          	addi	a4,a4,1684 # 1f228 <softfloat_addM+0x444>
   16b9c:	00241793          	slli	a5,s0,0x2
   16ba0:	00e787b3          	add	a5,a5,a4
   16ba4:	0007a783          	lw	a5,0(a5)
   16ba8:	00e787b3          	add	a5,a5,a4
   16bac:	00078067          	jr	a5
   16bb0:	00300793          	li	a5,3
   16bb4:	00009717          	auipc	a4,0x9
   16bb8:	8cf72223          	sw	a5,-1852(a4) # 1f478 <softfloat_roundingMode>
   16bbc:	00200737          	lui	a4,0x200
   16bc0:	11870713          	addi	a4,a4,280 # 200118 <_float_lib_entry+0x100118>
   16bc4:	00349793          	slli	a5,s1,0x3
   16bc8:	00e787b3          	add	a5,a5,a4
   16bcc:	0007a503          	lw	a0,0(a5)
   16bd0:	0047a583          	lw	a1,4(a5)
   16bd4:	00200437          	lui	s0,0x200
   16bd8:	5ec050ef          	jal	1c1c4 <ui64_to_f32>
   16bdc:	00009717          	auipc	a4,0x9
   16be0:	89872703          	lw	a4,-1896(a4) # 1f474 <softfloat_exceptionFlags>
   16be4:	00391793          	slli	a5,s2,0x3
   16be8:	008787b3          	add	a5,a5,s0
   16bec:	00000693          	li	a3,0
   16bf0:	00a7a023          	sw	a0,0(a5)
   16bf4:	09812403          	lw	s0,152(sp)
   16bf8:	09412483          	lw	s1,148(sp)
   16bfc:	09012903          	lw	s2,144(sp)
   16c00:	00d7a223          	sw	a3,4(a5)
   16c04:	01f77313          	andi	t1,a4,31
   16c08:	d91f906f          	j	10998 <_zisk_float+0xc4>
   16c0c:	00200793          	li	a5,2
   16c10:	00009717          	auipc	a4,0x9
   16c14:	86f72423          	sw	a5,-1944(a4) # 1f478 <softfloat_roundingMode>
   16c18:	fa5ff06f          	j	16bbc <_zisk_float+0x62e8>
   16c1c:	00100793          	li	a5,1
   16c20:	00009717          	auipc	a4,0x9
   16c24:	84f72c23          	sw	a5,-1960(a4) # 1f478 <softfloat_roundingMode>
   16c28:	f95ff06f          	j	16bbc <_zisk_float+0x62e8>
   16c2c:	00400793          	li	a5,4
   16c30:	00009717          	auipc	a4,0x9
   16c34:	84f72423          	sw	a5,-1976(a4) # 1f478 <softfloat_roundingMode>
   16c38:	f85ff06f          	j	16bbc <_zisk_float+0x62e8>
   16c3c:	00009797          	auipc	a5,0x9
   16c40:	8207ae23          	sw	zero,-1988(a5) # 1f478 <softfloat_roundingMode>
   16c44:	f79ff06f          	j	16bbc <_zisk_float+0x62e8>
   16c48:	00300693          	li	a3,3
   16c4c:	00d70463          	beq	a4,a3,16c54 <_zisk_float+0x6380>
   16c50:	de9f906f          	j	10a38 <_zisk_float+0x164>
   16c54:	00cb5613          	srli	a2,s6,0xc
   16c58:	007b5413          	srli	s0,s6,0x7
   16c5c:	00fb5793          	srli	a5,s6,0xf
   16c60:	00767613          	andi	a2,a2,7
   16c64:	00700713          	li	a4,7
   16c68:	01f47413          	andi	s0,s0,31
   16c6c:	01f7f793          	andi	a5,a5,31
   16c70:	00e61863          	bne	a2,a4,16c80 <_zisk_float+0x63ac>
   16c74:	00009617          	auipc	a2,0x9
   16c78:	80462603          	lw	a2,-2044(a2) # 1f478 <softfloat_roundingMode>
   16c7c:	00e67633          	and	a2,a2,a4
   16c80:	00200737          	lui	a4,0x200
   16c84:	00379793          	slli	a5,a5,0x3
   16c88:	00e784b3          	add	s1,a5,a4
   16c8c:	0004a503          	lw	a0,0(s1)
   16c90:	0044a583          	lw	a1,4(s1)
   16c94:	11870793          	addi	a5,a4,280 # 200118 <_float_lib_entry+0x100118>
   16c98:	00100693          	li	a3,1
   16c9c:	00341413          	slli	s0,s0,0x3
   16ca0:	00f40433          	add	s0,s0,a5
   16ca4:	130050ef          	jal	1bdd4 <f64_to_ui64>
   16ca8:	02a12423          	sw	a0,40(sp)
   16cac:	02812783          	lw	a5,40(sp)
   16cb0:	02b12623          	sw	a1,44(sp)
   16cb4:	00008697          	auipc	a3,0x8
   16cb8:	7c06a683          	lw	a3,1984(a3) # 1f474 <softfloat_exceptionFlags>
   16cbc:	02c12803          	lw	a6,44(sp)
   16cc0:	00f42023          	sw	a5,0(s0) # 200000 <_float_lib_entry+0x100000>
   16cc4:	0106f793          	andi	a5,a3,16
   16cc8:	01042223          	sw	a6,4(s0)
   16ccc:	02078e63          	beqz	a5,16d08 <_zisk_float+0x6434>
   16cd0:	0004a503          	lw	a0,0(s1)
   16cd4:	0044a583          	lw	a1,4(s1)
   16cd8:	7ff007b7          	lui	a5,0x7ff00
   16cdc:	00f5f733          	and	a4,a1,a5
   16ce0:	00f71463          	bne	a4,a5,16ce8 <_zisk_float+0x6414>
   16ce4:	2500306f          	j	19f34 <_zisk_float+0x9660>
   16ce8:	0004a703          	lw	a4,0(s1)
   16cec:	0044a783          	lw	a5,4(s1)
   16cf0:	0007d463          	bgez	a5,16cf8 <_zisk_float+0x6424>
   16cf4:	22c0306f          	j	19f20 <_zisk_float+0x964c>
   16cf8:	fff00713          	li	a4,-1
   16cfc:	fff00793          	li	a5,-1
   16d00:	00e42023          	sw	a4,0(s0)
   16d04:	00f42223          	sw	a5,4(s0)
   16d08:	09812403          	lw	s0,152(sp)
   16d0c:	09412483          	lw	s1,148(sp)
   16d10:	09012903          	lw	s2,144(sp)
   16d14:	01f6f313          	andi	t1,a3,31
   16d18:	c81f906f          	j	10998 <_zisk_float+0xc4>
   16d1c:	00300693          	li	a3,3
   16d20:	00d70463          	beq	a4,a3,16d28 <_zisk_float+0x6454>
   16d24:	d15f906f          	j	10a38 <_zisk_float+0x164>
   16d28:	00cb5413          	srli	s0,s6,0xc
   16d2c:	00747413          	andi	s0,s0,7
   16d30:	00fb5793          	srli	a5,s6,0xf
   16d34:	00040513          	mv	a0,s0
   16d38:	00400613          	li	a2,4
   16d3c:	00000693          	li	a3,0
   16d40:	00000593          	li	a1,0
   16d44:	01f7f493          	andi	s1,a5,31
   16d48:	11d030ef          	jal	1a664 <__ucmpdi2>
   16d4c:	007b5913          	srli	s2,s6,0x7
   16d50:	00100793          	li	a5,1
   16d54:	01f97913          	andi	s2,s2,31
   16d58:	02a7e663          	bltu	a5,a0,16d84 <_zisk_float+0x64b0>
   16d5c:	00008717          	auipc	a4,0x8
   16d60:	4e070713          	addi	a4,a4,1248 # 1f23c <softfloat_addM+0x458>
   16d64:	00241793          	slli	a5,s0,0x2
   16d68:	00e787b3          	add	a5,a5,a4
   16d6c:	0007a783          	lw	a5,0(a5) # 7ff00000 <_float_lib_entry+0x7fe00000>
   16d70:	00e787b3          	add	a5,a5,a4
   16d74:	00078067          	jr	a5
   16d78:	00300793          	li	a5,3
   16d7c:	00008717          	auipc	a4,0x8
   16d80:	6ef72e23          	sw	a5,1788(a4) # 1f478 <softfloat_roundingMode>
   16d84:	00200737          	lui	a4,0x200
   16d88:	00349793          	slli	a5,s1,0x3
   16d8c:	11870713          	addi	a4,a4,280 # 200118 <_float_lib_entry+0x100118>
   16d90:	00e787b3          	add	a5,a5,a4
   16d94:	0007a503          	lw	a0,0(a5)
   16d98:	0047a583          	lw	a1,4(a5)
   16d9c:	00200437          	lui	s0,0x200
   16da0:	4dc050ef          	jal	1c27c <ui64_to_f64>
   16da4:	02a12823          	sw	a0,48(sp)
   16da8:	02b12a23          	sw	a1,52(sp)
   16dac:	03012583          	lw	a1,48(sp)
   16db0:	00008697          	auipc	a3,0x8
   16db4:	6c46a683          	lw	a3,1732(a3) # 1f474 <softfloat_exceptionFlags>
   16db8:	00391793          	slli	a5,s2,0x3
   16dbc:	03412603          	lw	a2,52(sp)
   16dc0:	008787b3          	add	a5,a5,s0
   16dc4:	00b7a023          	sw	a1,0(a5)
   16dc8:	09812403          	lw	s0,152(sp)
   16dcc:	09412483          	lw	s1,148(sp)
   16dd0:	09012903          	lw	s2,144(sp)
   16dd4:	00c7a223          	sw	a2,4(a5)
   16dd8:	01f6f313          	andi	t1,a3,31
   16ddc:	bbdf906f          	j	10998 <_zisk_float+0xc4>
   16de0:	00200793          	li	a5,2
   16de4:	00008717          	auipc	a4,0x8
   16de8:	68f72a23          	sw	a5,1684(a4) # 1f478 <softfloat_roundingMode>
   16dec:	f99ff06f          	j	16d84 <_zisk_float+0x64b0>
   16df0:	00100793          	li	a5,1
   16df4:	00008717          	auipc	a4,0x8
   16df8:	68f72223          	sw	a5,1668(a4) # 1f478 <softfloat_roundingMode>
   16dfc:	f89ff06f          	j	16d84 <_zisk_float+0x64b0>
   16e00:	00400793          	li	a5,4
   16e04:	00008717          	auipc	a4,0x8
   16e08:	66f72a23          	sw	a5,1652(a4) # 1f478 <softfloat_roundingMode>
   16e0c:	f79ff06f          	j	16d84 <_zisk_float+0x64b0>
   16e10:	00008797          	auipc	a5,0x8
   16e14:	6607a423          	sw	zero,1640(a5) # 1f478 <softfloat_roundingMode>
   16e18:	f6dff06f          	j	16d84 <_zisk_float+0x64b0>
   16e1c:	0009a603          	lw	a2,0(s3)
   16e20:	0049a683          	lw	a3,4(s3)
   16e24:	00961613          	slli	a2,a2,0x9
   16e28:	00061463          	bnez	a2,16e30 <_zisk_float+0x655c>
   16e2c:	888fc06f          	j	12eb4 <_zisk_float+0x25e0>
   16e30:	08c12983          	lw	s3,140(sp)
   16e34:	900ff06f          	j	15f34 <_zisk_float+0x5660>
   16e38:	0009a783          	lw	a5,0(s3)
   16e3c:	0049a803          	lw	a6,4(s3)
   16e40:	00c81693          	slli	a3,a6,0xc
   16e44:	00c6d693          	srli	a3,a3,0xc
   16e48:	00f6e6b3          	or	a3,a3,a5
   16e4c:	00069463          	bnez	a3,16e54 <_zisk_float+0x6580>
   16e50:	ec9fb06f          	j	12d18 <_zisk_float+0x2444>
   16e54:	08c12983          	lw	s3,140(sp)
   16e58:	98cff06f          	j	15fe4 <_zisk_float+0x5710>
   16e5c:	0009a783          	lw	a5,0(s3)
   16e60:	0049a803          	lw	a6,4(s3)
   16e64:	00c81693          	slli	a3,a6,0xc
   16e68:	00c6d693          	srli	a3,a3,0xc
   16e6c:	00f6e6b3          	or	a3,a3,a5
   16e70:	00069463          	bnez	a3,16e78 <_zisk_float+0x65a4>
   16e74:	ac9fb06f          	j	1293c <_zisk_float+0x2068>
   16e78:	08c12983          	lw	s3,140(sp)
   16e7c:	838ff06f          	j	15eb4 <_zisk_float+0x55e0>
   16e80:	0009a603          	lw	a2,0(s3)
   16e84:	0049a683          	lw	a3,4(s3)
   16e88:	00961613          	slli	a2,a2,0x9
   16e8c:	00061463          	bnez	a2,16e94 <_zisk_float+0x65c0>
   16e90:	bd5fb06f          	j	12a64 <_zisk_float+0x2190>
   16e94:	08c12983          	lw	s3,140(sp)
   16e98:	ef5fe06f          	j	15d8c <_zisk_float+0x54b8>
   16e9c:	0009a783          	lw	a5,0(s3)
   16ea0:	0049a803          	lw	a6,4(s3)
   16ea4:	00c81693          	slli	a3,a6,0xc
   16ea8:	00c6d693          	srli	a3,a3,0xc
   16eac:	00f6e6b3          	or	a3,a3,a5
   16eb0:	00069463          	bnez	a3,16eb8 <_zisk_float+0x65e4>
   16eb4:	931fb06f          	j	127e4 <_zisk_float+0x1f10>
   16eb8:	08c12983          	lw	s3,140(sp)
   16ebc:	f3cff06f          	j	165f8 <_zisk_float+0x5d24>
   16ec0:	0009a603          	lw	a2,0(s3)
   16ec4:	0049a683          	lw	a3,4(s3)
   16ec8:	00961613          	slli	a2,a2,0x9
   16ecc:	00061463          	bnez	a2,16ed4 <_zisk_float+0x6600>
   16ed0:	d09fb06f          	j	12bd8 <_zisk_float+0x2304>
   16ed4:	08c12983          	lw	s3,140(sp)
   16ed8:	e00ff06f          	j	164d8 <_zisk_float+0x5c04>
   16edc:	0009a703          	lw	a4,0(s3)
   16ee0:	0049a783          	lw	a5,4(s3)
   16ee4:	00971713          	slli	a4,a4,0x9
   16ee8:	00070463          	beqz	a4,16ef0 <_zisk_float+0x661c>
   16eec:	c1cfe06f          	j	15308 <_zisk_float+0x4a34>
   16ef0:	0009a703          	lw	a4,0(s3)
   16ef4:	0049a783          	lw	a5,4(s3)
   16ef8:	00079663          	bnez	a5,16f04 <_zisk_float+0x6630>
   16efc:	00074463          	bltz	a4,16f04 <_zisk_float+0x6630>
   16f00:	c08fe06f          	j	15308 <_zisk_float+0x4a34>
   16f04:	7fc00737          	lui	a4,0x7fc00
   16f08:	00e4a023          	sw	a4,0(s1)
   16f0c:	00000793          	li	a5,0
   16f10:	00f4a223          	sw	a5,4(s1)
   16f14:	01000513          	li	a0,16
   16f18:	6b5070ef          	jal	1edcc <softfloat_raiseFlags>
   16f1c:	00008697          	auipc	a3,0x8
   16f20:	5586a683          	lw	a3,1368(a3) # 1f474 <softfloat_exceptionFlags>
   16f24:	09812403          	lw	s0,152(sp)
   16f28:	09412483          	lw	s1,148(sp)
   16f2c:	09012903          	lw	s2,144(sp)
   16f30:	08c12983          	lw	s3,140(sp)
   16f34:	01f6f313          	andi	t1,a3,31
   16f38:	a61f906f          	j	10998 <_zisk_float+0xc4>
   16f3c:	0009a783          	lw	a5,0(s3)
   16f40:	0049a803          	lw	a6,4(s3)
   16f44:	00c81693          	slli	a3,a6,0xc
   16f48:	00c6d693          	srli	a3,a3,0xc
   16f4c:	00f6e6b3          	or	a3,a3,a5
   16f50:	00069463          	bnez	a3,16f58 <_zisk_float+0x6684>
   16f54:	e00fb06f          	j	12554 <_zisk_float+0x1c80>
   16f58:	08c12983          	lw	s3,140(sp)
   16f5c:	9ddff06f          	j	16938 <_zisk_float+0x6064>
   16f60:	0009a603          	lw	a2,0(s3)
   16f64:	0049a683          	lw	a3,4(s3)
   16f68:	00961613          	slli	a2,a2,0x9
   16f6c:	00061463          	bnez	a2,16f74 <_zisk_float+0x66a0>
   16f70:	f60fb06f          	j	126d0 <_zisk_float+0x1dfc>
   16f74:	08c12983          	lw	s3,140(sp)
   16f78:	a35ff06f          	j	169ac <_zisk_float+0x60d8>
   16f7c:	0009a703          	lw	a4,0(s3)
   16f80:	0049a783          	lw	a5,4(s3)
   16f84:	00971713          	slli	a4,a4,0x9
   16f88:	00070463          	beqz	a4,16f90 <_zisk_float+0x66bc>
   16f8c:	bf4fe06f          	j	15380 <_zisk_float+0x4aac>
   16f90:	0009a703          	lw	a4,0(s3)
   16f94:	0049a783          	lw	a5,4(s3)
   16f98:	00078463          	beqz	a5,16fa0 <_zisk_float+0x66cc>
   16f9c:	be4fe06f          	j	15380 <_zisk_float+0x4aac>
   16fa0:	00075463          	bgez	a4,16fa8 <_zisk_float+0x66d4>
   16fa4:	bdcfe06f          	j	15380 <_zisk_float+0x4aac>
   16fa8:	7fc00737          	lui	a4,0x7fc00
   16fac:	00e4a023          	sw	a4,0(s1)
   16fb0:	00000793          	li	a5,0
   16fb4:	00f4a223          	sw	a5,4(s1)
   16fb8:	01000513          	li	a0,16
   16fbc:	611070ef          	jal	1edcc <softfloat_raiseFlags>
   16fc0:	00008697          	auipc	a3,0x8
   16fc4:	4b46a683          	lw	a3,1204(a3) # 1f474 <softfloat_exceptionFlags>
   16fc8:	09812403          	lw	s0,152(sp)
   16fcc:	09412483          	lw	s1,148(sp)
   16fd0:	09012903          	lw	s2,144(sp)
   16fd4:	08c12983          	lw	s3,140(sp)
   16fd8:	01f6f313          	andi	t1,a3,31
   16fdc:	9bdf906f          	j	10998 <_zisk_float+0xc4>
   16fe0:	00092703          	lw	a4,0(s2)
   16fe4:	00492783          	lw	a5,4(s2)
   16fe8:	00971713          	slli	a4,a4,0x9
   16fec:	00070463          	beqz	a4,16ff4 <_zisk_float+0x6720>
   16ff0:	ce0fe06f          	j	154d0 <_zisk_float+0x4bfc>
   16ff4:	00092703          	lw	a4,0(s2)
   16ff8:	00492783          	lw	a5,4(s2)
   16ffc:	00078463          	beqz	a5,17004 <_zisk_float+0x6730>
   17000:	cd0fe06f          	j	154d0 <_zisk_float+0x4bfc>
   17004:	00075463          	bgez	a4,1700c <_zisk_float+0x6738>
   17008:	cc8fe06f          	j	154d0 <_zisk_float+0x4bfc>
   1700c:	7fc00737          	lui	a4,0x7fc00
   17010:	00e9a023          	sw	a4,0(s3)
   17014:	00000793          	li	a5,0
   17018:	00f9a223          	sw	a5,4(s3)
   1701c:	01000513          	li	a0,16
   17020:	5ad070ef          	jal	1edcc <softfloat_raiseFlags>
   17024:	00008697          	auipc	a3,0x8
   17028:	4506a683          	lw	a3,1104(a3) # 1f474 <softfloat_exceptionFlags>
   1702c:	09812403          	lw	s0,152(sp)
   17030:	09412483          	lw	s1,148(sp)
   17034:	09012903          	lw	s2,144(sp)
   17038:	08c12983          	lw	s3,140(sp)
   1703c:	01f6f313          	andi	t1,a3,31
   17040:	959f906f          	j	10998 <_zisk_float+0xc4>
   17044:	00cb5793          	srli	a5,s6,0xc
   17048:	0077f413          	andi	s0,a5,7
   1704c:	00040513          	mv	a0,s0
   17050:	00400613          	li	a2,4
   17054:	00000693          	li	a3,0
   17058:	00000593          	li	a1,0
   1705c:	608030ef          	jal	1a664 <__ucmpdi2>
   17060:	00100793          	li	a5,1
   17064:	02a7e663          	bltu	a5,a0,17090 <_zisk_float+0x67bc>
   17068:	00008717          	auipc	a4,0x8
   1706c:	1e870713          	addi	a4,a4,488 # 1f250 <softfloat_addM+0x46c>
   17070:	00241793          	slli	a5,s0,0x2
   17074:	00e787b3          	add	a5,a5,a4
   17078:	0007a783          	lw	a5,0(a5)
   1707c:	00e787b3          	add	a5,a5,a4
   17080:	00078067          	jr	a5
   17084:	00300793          	li	a5,3
   17088:	00008717          	auipc	a4,0x8
   1708c:	3ef72823          	sw	a5,1008(a4) # 1f478 <softfloat_roundingMode>
   17090:	00092503          	lw	a0,0(s2)
   17094:	00492583          	lw	a1,4(s2)
   17098:	24d040ef          	jal	1bae4 <f64_to_f32>
   1709c:	00a4a023          	sw	a0,0(s1)
   170a0:	00000793          	li	a5,0
   170a4:	00f4a223          	sw	a5,4(s1)
   170a8:	0004a703          	lw	a4,0(s1)
   170ac:	7f8006b7          	lui	a3,0x7f800
   170b0:	0044a783          	lw	a5,4(s1)
   170b4:	00d77733          	and	a4,a4,a3
   170b8:	00008817          	auipc	a6,0x8
   170bc:	3bc80813          	addi	a6,a6,956 # 1f474 <softfloat_exceptionFlags>
   170c0:	00d70463          	beq	a4,a3,170c8 <_zisk_float+0x67f4>
   170c4:	9fdfc06f          	j	13ac0 <_zisk_float+0x31ec>
   170c8:	0004a603          	lw	a2,0(s1)
   170cc:	00400737          	lui	a4,0x400
   170d0:	0044a683          	lw	a3,4(s1)
   170d4:	00e67633          	and	a2,a2,a4
   170d8:	00061463          	bnez	a2,170e0 <_zisk_float+0x680c>
   170dc:	9e5fc06f          	j	13ac0 <_zisk_float+0x31ec>
   170e0:	00082703          	lw	a4,0(a6)
   170e4:	fef77713          	andi	a4,a4,-17
   170e8:	00e82023          	sw	a4,0(a6)
   170ec:	9d5fc06f          	j	13ac0 <_zisk_float+0x31ec>
   170f0:	00200793          	li	a5,2
   170f4:	00008717          	auipc	a4,0x8
   170f8:	38f72223          	sw	a5,900(a4) # 1f478 <softfloat_roundingMode>
   170fc:	f95ff06f          	j	17090 <_zisk_float+0x67bc>
   17100:	00100793          	li	a5,1
   17104:	00008717          	auipc	a4,0x8
   17108:	36f72a23          	sw	a5,884(a4) # 1f478 <softfloat_roundingMode>
   1710c:	f85ff06f          	j	17090 <_zisk_float+0x67bc>
   17110:	00400793          	li	a5,4
   17114:	00008717          	auipc	a4,0x8
   17118:	36f72223          	sw	a5,868(a4) # 1f478 <softfloat_roundingMode>
   1711c:	f75ff06f          	j	17090 <_zisk_float+0x67bc>
   17120:	00008797          	auipc	a5,0x8
   17124:	3407ac23          	sw	zero,856(a5) # 1f478 <softfloat_roundingMode>
   17128:	f69ff06f          	j	17090 <_zisk_float+0x67bc>
   1712c:	00cb5693          	srli	a3,s6,0xc
   17130:	011b5713          	srli	a4,s6,0x11
   17134:	00200637          	lui	a2,0x200
   17138:	0f86f693          	andi	a3,a3,248
   1713c:	0f877713          	andi	a4,a4,248
   17140:	00c686b3          	add	a3,a3,a2
   17144:	00c70733          	add	a4,a4,a2
   17148:	0006a503          	lw	a0,0(a3) # 7f800000 <_float_lib_entry+0x7f700000>
   1714c:	0046a583          	lw	a1,4(a3)
   17150:	00072603          	lw	a2,0(a4)
   17154:	00472683          	lw	a3,4(a4)
   17158:	270040ef          	jal	1b3c8 <f64_eq>
   1715c:	004b5793          	srli	a5,s6,0x4
   17160:	00200737          	lui	a4,0x200
   17164:	00008597          	auipc	a1,0x8
   17168:	3105a583          	lw	a1,784(a1) # 1f474 <softfloat_exceptionFlags>
   1716c:	0f87f793          	andi	a5,a5,248
   17170:	11870713          	addi	a4,a4,280 # 200118 <_float_lib_entry+0x100118>
   17174:	00e787b3          	add	a5,a5,a4
   17178:	00000693          	li	a3,0
   1717c:	00a7a023          	sw	a0,0(a5)
   17180:	09812403          	lw	s0,152(sp)
   17184:	09412483          	lw	s1,148(sp)
   17188:	09012903          	lw	s2,144(sp)
   1718c:	00d7a223          	sw	a3,4(a5)
   17190:	01f5f313          	andi	t1,a1,31
   17194:	805f906f          	j	10998 <_zisk_float+0xc4>
   17198:	00cb5693          	srli	a3,s6,0xc
   1719c:	011b5713          	srli	a4,s6,0x11
   171a0:	00200637          	lui	a2,0x200
   171a4:	0f86f693          	andi	a3,a3,248
   171a8:	0f877713          	andi	a4,a4,248
   171ac:	00c686b3          	add	a3,a3,a2
   171b0:	00c70733          	add	a4,a4,a2
   171b4:	0006a503          	lw	a0,0(a3)
   171b8:	0046a583          	lw	a1,4(a3)
   171bc:	00072603          	lw	a2,0(a4)
   171c0:	00472683          	lw	a3,4(a4)
   171c4:	3ec040ef          	jal	1b5b0 <f64_lt>
   171c8:	004b5793          	srli	a5,s6,0x4
   171cc:	00200737          	lui	a4,0x200
   171d0:	00008597          	auipc	a1,0x8
   171d4:	2a45a583          	lw	a1,676(a1) # 1f474 <softfloat_exceptionFlags>
   171d8:	0f87f793          	andi	a5,a5,248
   171dc:	11870713          	addi	a4,a4,280 # 200118 <_float_lib_entry+0x100118>
   171e0:	00e787b3          	add	a5,a5,a4
   171e4:	00000693          	li	a3,0
   171e8:	00a7a023          	sw	a0,0(a5)
   171ec:	09812403          	lw	s0,152(sp)
   171f0:	09412483          	lw	s1,148(sp)
   171f4:	09012903          	lw	s2,144(sp)
   171f8:	00d7a223          	sw	a3,4(a5)
   171fc:	01f5f313          	andi	t1,a1,31
   17200:	f98f906f          	j	10998 <_zisk_float+0xc4>
   17204:	00492783          	lw	a5,4(s2)
   17208:	00000793          	li	a5,0
   1720c:	00000813          	li	a6,0
   17210:	00f9a023          	sw	a5,0(s3)
   17214:	0109a223          	sw	a6,4(s3)
   17218:	f21f906f          	j	11138 <_zisk_float+0x864>
   1721c:	011b5713          	srli	a4,s6,0x11
   17220:	002006b7          	lui	a3,0x200
   17224:	0f877713          	andi	a4,a4,248
   17228:	00d70733          	add	a4,a4,a3
   1722c:	00072503          	lw	a0,0(a4)
   17230:	00472583          	lw	a1,4(a4)
   17234:	004b5793          	srli	a5,s6,0x4
   17238:	00cb5713          	srli	a4,s6,0xc
   1723c:	0f877713          	andi	a4,a4,248
   17240:	0f87f793          	andi	a5,a5,248
   17244:	00d70733          	add	a4,a4,a3
   17248:	00d787b3          	add	a5,a5,a3
   1724c:	00059463          	bnez	a1,17254 <_zisk_float+0x6980>
   17250:	00055e63          	bgez	a0,1726c <_zisk_float+0x6998>
   17254:	00072503          	lw	a0,0(a4)
   17258:	00472583          	lw	a1,4(a4)
   1725c:	80000737          	lui	a4,0x80000
   17260:	00e54633          	xor	a2,a0,a4
   17264:	fff5c693          	not	a3,a1
   17268:	e61fa06f          	j	120c8 <_zisk_float+0x17f4>
   1726c:	00072603          	lw	a2,0(a4) # 80000000 <_float_lib_entry+0x7ff00000>
   17270:	00472683          	lw	a3,4(a4)
   17274:	e55fa06f          	j	120c8 <_zisk_float+0x17f4>
   17278:	011b5713          	srli	a4,s6,0x11
   1727c:	002006b7          	lui	a3,0x200
   17280:	0f877713          	andi	a4,a4,248
   17284:	00d70733          	add	a4,a4,a3
   17288:	00072803          	lw	a6,0(a4)
   1728c:	00472883          	lw	a7,4(a4)
   17290:	004b5793          	srli	a5,s6,0x4
   17294:	00cb5713          	srli	a4,s6,0xc
   17298:	0f877713          	andi	a4,a4,248
   1729c:	0f87f793          	andi	a5,a5,248
   172a0:	00d70733          	add	a4,a4,a3
   172a4:	00d787b3          	add	a5,a5,a3
   172a8:	00089463          	bnez	a7,172b0 <_zisk_float+0x69dc>
   172ac:	10d0106f          	j	18bb8 <_zisk_float+0x82e4>
   172b0:	00072503          	lw	a0,0(a4)
   172b4:	00000693          	li	a3,0
   172b8:	00472583          	lw	a1,4(a4)
   172bc:	00151513          	slli	a0,a0,0x1
   172c0:	00155613          	srli	a2,a0,0x1
   172c4:	e05fa06f          	j	120c8 <_zisk_float+0x17f4>
   172c8:	011b5713          	srli	a4,s6,0x11
   172cc:	002006b7          	lui	a3,0x200
   172d0:	0f877713          	andi	a4,a4,248
   172d4:	00d70733          	add	a4,a4,a3
   172d8:	00072503          	lw	a0,0(a4)
   172dc:	00472583          	lw	a1,4(a4)
   172e0:	004b5793          	srli	a5,s6,0x4
   172e4:	00cb5713          	srli	a4,s6,0xc
   172e8:	0f877713          	andi	a4,a4,248
   172ec:	0f87f793          	andi	a5,a5,248
   172f0:	00d70733          	add	a4,a4,a3
   172f4:	00d787b3          	add	a5,a5,a3
   172f8:	0005d463          	bgez	a1,17300 <_zisk_float+0x6a2c>
   172fc:	3080206f          	j	19604 <_zisk_float+0x8d30>
   17300:	00072503          	lw	a0,0(a4)
   17304:	00472583          	lw	a1,4(a4)
   17308:	80000737          	lui	a4,0x80000
   1730c:	00050613          	mv	a2,a0
   17310:	00e5e6b3          	or	a3,a1,a4
   17314:	db5fa06f          	j	120c8 <_zisk_float+0x17f4>
   17318:	011b5713          	srli	a4,s6,0x11
   1731c:	002006b7          	lui	a3,0x200
   17320:	0f877713          	andi	a4,a4,248
   17324:	00d70733          	add	a4,a4,a3
   17328:	00072503          	lw	a0,0(a4) # 80000000 <_float_lib_entry+0x7ff00000>
   1732c:	00472583          	lw	a1,4(a4)
   17330:	004b5793          	srli	a5,s6,0x4
   17334:	00cb5713          	srli	a4,s6,0xc
   17338:	0f877713          	andi	a4,a4,248
   1733c:	0f87f793          	andi	a5,a5,248
   17340:	00d70733          	add	a4,a4,a3
   17344:	00d787b3          	add	a5,a5,a3
   17348:	f205d2e3          	bgez	a1,1726c <_zisk_float+0x6998>
   1734c:	00072503          	lw	a0,0(a4)
   17350:	00472583          	lw	a1,4(a4)
   17354:	80000737          	lui	a4,0x80000
   17358:	00050613          	mv	a2,a0
   1735c:	00e5c6b3          	xor	a3,a1,a4
   17360:	d69fa06f          	j	120c8 <_zisk_float+0x17f4>
   17364:	00cb5693          	srli	a3,s6,0xc
   17368:	011b5713          	srli	a4,s6,0x11
   1736c:	00200637          	lui	a2,0x200
   17370:	0f86f693          	andi	a3,a3,248
   17374:	0f877713          	andi	a4,a4,248
   17378:	00c686b3          	add	a3,a3,a2
   1737c:	00c70733          	add	a4,a4,a2
   17380:	0006a503          	lw	a0,0(a3) # 200000 <_float_lib_entry+0x100000>
   17384:	0046a583          	lw	a1,4(a3)
   17388:	00072603          	lw	a2,0(a4) # 80000000 <_float_lib_entry+0x7ff00000>
   1738c:	00472683          	lw	a3,4(a4)
   17390:	00060593          	mv	a1,a2
   17394:	50c030ef          	jal	1a8a0 <f32_eq>
   17398:	004b5793          	srli	a5,s6,0x4
   1739c:	00200737          	lui	a4,0x200
   173a0:	00008597          	auipc	a1,0x8
   173a4:	0d45a583          	lw	a1,212(a1) # 1f474 <softfloat_exceptionFlags>
   173a8:	0f87f793          	andi	a5,a5,248
   173ac:	11870713          	addi	a4,a4,280 # 200118 <_float_lib_entry+0x100118>
   173b0:	00e787b3          	add	a5,a5,a4
   173b4:	00000693          	li	a3,0
   173b8:	00a7a023          	sw	a0,0(a5)
   173bc:	09812403          	lw	s0,152(sp)
   173c0:	09412483          	lw	s1,148(sp)
   173c4:	09012903          	lw	s2,144(sp)
   173c8:	00d7a223          	sw	a3,4(a5)
   173cc:	01f5f313          	andi	t1,a1,31
   173d0:	dc8f906f          	j	10998 <_zisk_float+0xc4>
   173d4:	00cb5693          	srli	a3,s6,0xc
   173d8:	011b5713          	srli	a4,s6,0x11
   173dc:	00200637          	lui	a2,0x200
   173e0:	0f86f693          	andi	a3,a3,248
   173e4:	0f877713          	andi	a4,a4,248
   173e8:	00c686b3          	add	a3,a3,a2
   173ec:	00c70733          	add	a4,a4,a2
   173f0:	0006a503          	lw	a0,0(a3)
   173f4:	0046a583          	lw	a1,4(a3)
   173f8:	00072603          	lw	a2,0(a4)
   173fc:	00472683          	lw	a3,4(a4)
   17400:	00060593          	mv	a1,a2
   17404:	5dc030ef          	jal	1a9e0 <f32_lt>
   17408:	004b5793          	srli	a5,s6,0x4
   1740c:	00200737          	lui	a4,0x200
   17410:	00008597          	auipc	a1,0x8
   17414:	0645a583          	lw	a1,100(a1) # 1f474 <softfloat_exceptionFlags>
   17418:	0f87f793          	andi	a5,a5,248
   1741c:	11870713          	addi	a4,a4,280 # 200118 <_float_lib_entry+0x100118>
   17420:	00e787b3          	add	a5,a5,a4
   17424:	00000693          	li	a3,0
   17428:	00a7a023          	sw	a0,0(a5)
   1742c:	09812403          	lw	s0,152(sp)
   17430:	09412483          	lw	s1,148(sp)
   17434:	09012903          	lw	s2,144(sp)
   17438:	00d7a223          	sw	a3,4(a5)
   1743c:	01f5f313          	andi	t1,a1,31
   17440:	d58f906f          	j	10998 <_zisk_float+0xc4>
   17444:	00042503          	lw	a0,0(s0) # 200000 <_float_lib_entry+0x100000>
   17448:	00442583          	lw	a1,4(s0)
   1744c:	00100737          	lui	a4,0x100
   17450:	fff70713          	addi	a4,a4,-1 # fffff <softfloat_roundingMode+0xe0b87>
   17454:	00e5f633          	and	a2,a1,a4
   17458:	00a66633          	or	a2,a2,a0
   1745c:	00060463          	beqz	a2,17464 <_zisk_float+0x6b90>
   17460:	90dfb06f          	j	12d6c <_zisk_float+0x2498>
   17464:	00042503          	lw	a0,0(s0)
   17468:	00442583          	lw	a1,4(s0)
   1746c:	0005c463          	bltz	a1,17474 <_zisk_float+0x6ba0>
   17470:	8fdfb06f          	j	12d6c <_zisk_float+0x2498>
   17474:	0009a503          	lw	a0,0(s3)
   17478:	0049a583          	lw	a1,4(s3)
   1747c:	00d5f633          	and	a2,a1,a3
   17480:	00d60463          	beq	a2,a3,17488 <_zisk_float+0x6bb4>
   17484:	8e9fb06f          	j	12d6c <_zisk_float+0x2498>
   17488:	0009a603          	lw	a2,0(s3)
   1748c:	0049a683          	lw	a3,4(s3)
   17490:	00e6f733          	and	a4,a3,a4
   17494:	00c76733          	or	a4,a4,a2
   17498:	00070463          	beqz	a4,174a0 <_zisk_float+0x6bcc>
   1749c:	8d1fb06f          	j	12d6c <_zisk_float+0x2498>
   174a0:	0009a603          	lw	a2,0(s3)
   174a4:	0049a683          	lw	a3,4(s3)
   174a8:	0006d463          	bgez	a3,174b0 <_zisk_float+0x6bdc>
   174ac:	8c1fb06f          	j	12d6c <_zisk_float+0x2498>
   174b0:	00000713          	li	a4,0
   174b4:	00e4a023          	sw	a4,0(s1)
   174b8:	7ff807b7          	lui	a5,0x7ff80
   174bc:	00f4a223          	sw	a5,4(s1)
   174c0:	01000513          	li	a0,16
   174c4:	109070ef          	jal	1edcc <softfloat_raiseFlags>
   174c8:	00008697          	auipc	a3,0x8
   174cc:	fac6a683          	lw	a3,-84(a3) # 1f474 <softfloat_exceptionFlags>
   174d0:	09812403          	lw	s0,152(sp)
   174d4:	09412483          	lw	s1,148(sp)
   174d8:	09012903          	lw	s2,144(sp)
   174dc:	08c12983          	lw	s3,140(sp)
   174e0:	01f6f313          	andi	t1,a3,31
   174e4:	cb4f906f          	j	10998 <_zisk_float+0xc4>
   174e8:	00042503          	lw	a0,0(s0)
   174ec:	00442583          	lw	a1,4(s0)
   174f0:	00100737          	lui	a4,0x100
   174f4:	fff70713          	addi	a4,a4,-1 # fffff <softfloat_roundingMode+0xe0b87>
   174f8:	00e5f633          	and	a2,a1,a4
   174fc:	00a66633          	or	a2,a2,a0
   17500:	00060463          	beqz	a2,17508 <_zisk_float+0x6c34>
   17504:	851fb06f          	j	12d54 <_zisk_float+0x2480>
   17508:	00042503          	lw	a0,0(s0)
   1750c:	00442583          	lw	a1,4(s0)
   17510:	0005d463          	bgez	a1,17518 <_zisk_float+0x6c44>
   17514:	841fb06f          	j	12d54 <_zisk_float+0x2480>
   17518:	0009a503          	lw	a0,0(s3)
   1751c:	0049a583          	lw	a1,4(s3)
   17520:	00d5f633          	and	a2,a1,a3
   17524:	00d60463          	beq	a2,a3,1752c <_zisk_float+0x6c58>
   17528:	82dfb06f          	j	12d54 <_zisk_float+0x2480>
   1752c:	0009a603          	lw	a2,0(s3)
   17530:	0049a683          	lw	a3,4(s3)
   17534:	00e6f733          	and	a4,a3,a4
   17538:	00c76733          	or	a4,a4,a2
   1753c:	00070463          	beqz	a4,17544 <_zisk_float+0x6c70>
   17540:	815fb06f          	j	12d54 <_zisk_float+0x2480>
   17544:	0009a603          	lw	a2,0(s3)
   17548:	0049a683          	lw	a3,4(s3)
   1754c:	0006c463          	bltz	a3,17554 <_zisk_float+0x6c80>
   17550:	805fb06f          	j	12d54 <_zisk_float+0x2480>
   17554:	00000713          	li	a4,0
   17558:	00e4a023          	sw	a4,0(s1)
   1755c:	7ff807b7          	lui	a5,0x7ff80
   17560:	00f4a223          	sw	a5,4(s1)
   17564:	01000513          	li	a0,16
   17568:	065070ef          	jal	1edcc <softfloat_raiseFlags>
   1756c:	00008697          	auipc	a3,0x8
   17570:	f086a683          	lw	a3,-248(a3) # 1f474 <softfloat_exceptionFlags>
   17574:	09812403          	lw	s0,152(sp)
   17578:	09412483          	lw	s1,148(sp)
   1757c:	09012903          	lw	s2,144(sp)
   17580:	08c12983          	lw	s3,140(sp)
   17584:	01f6f313          	andi	t1,a3,31
   17588:	c10f906f          	j	10998 <_zisk_float+0xc4>
   1758c:	0004a503          	lw	a0,0(s1)
   17590:	008006b7          	lui	a3,0x800
   17594:	fff68693          	addi	a3,a3,-1 # 7fffff <_float_lib_entry+0x6fffff>
   17598:	0044a583          	lw	a1,4(s1)
   1759c:	00d57533          	and	a0,a0,a3
   175a0:	00050463          	beqz	a0,175a8 <_zisk_float+0x6cd4>
   175a4:	cfcfb06f          	j	12aa0 <_zisk_float+0x21cc>
   175a8:	0004a503          	lw	a0,0(s1)
   175ac:	0044a583          	lw	a1,4(s1)
   175b0:	00058463          	beqz	a1,175b8 <_zisk_float+0x6ce4>
   175b4:	cecfb06f          	j	12aa0 <_zisk_float+0x21cc>
   175b8:	80000737          	lui	a4,0x80000
   175bc:	fff70713          	addi	a4,a4,-1 # 7fffffff <_float_lib_entry+0x7fefffff>
   175c0:	00a77463          	bgeu	a4,a0,175c8 <_zisk_float+0x6cf4>
   175c4:	cdcfb06f          	j	12aa0 <_zisk_float+0x21cc>
   175c8:	0009a503          	lw	a0,0(s3)
   175cc:	0049a583          	lw	a1,4(s3)
   175d0:	00c57533          	and	a0,a0,a2
   175d4:	00c50463          	beq	a0,a2,175dc <_zisk_float+0x6d08>
   175d8:	cc8fb06f          	j	12aa0 <_zisk_float+0x21cc>
   175dc:	0009a503          	lw	a0,0(s3)
   175e0:	0049a583          	lw	a1,4(s3)
   175e4:	00d57533          	and	a0,a0,a3
   175e8:	00050463          	beqz	a0,175f0 <_zisk_float+0x6d1c>
   175ec:	cb4fb06f          	j	12aa0 <_zisk_float+0x21cc>
   175f0:	0009a603          	lw	a2,0(s3)
   175f4:	0049a683          	lw	a3,4(s3)
   175f8:	00069663          	bnez	a3,17604 <_zisk_float+0x6d30>
   175fc:	00c76463          	bltu	a4,a2,17604 <_zisk_float+0x6d30>
   17600:	ca0fb06f          	j	12aa0 <_zisk_float+0x21cc>
   17604:	7f800737          	lui	a4,0x7f800
   17608:	00000793          	li	a5,0
   1760c:	00e92023          	sw	a4,0(s2)
   17610:	00f92223          	sw	a5,4(s2)
   17614:	09812403          	lw	s0,152(sp)
   17618:	09412483          	lw	s1,148(sp)
   1761c:	09012903          	lw	s2,144(sp)
   17620:	08c12983          	lw	s3,140(sp)
   17624:	00000313          	li	t1,0
   17628:	b70f906f          	j	10998 <_zisk_float+0xc4>
   1762c:	0004a503          	lw	a0,0(s1)
   17630:	008006b7          	lui	a3,0x800
   17634:	fff68693          	addi	a3,a3,-1 # 7fffff <_float_lib_entry+0x6fffff>
   17638:	0044a583          	lw	a1,4(s1)
   1763c:	00d57533          	and	a0,a0,a3
   17640:	00050463          	beqz	a0,17648 <_zisk_float+0x6d74>
   17644:	c44fb06f          	j	12a88 <_zisk_float+0x21b4>
   17648:	0004a503          	lw	a0,0(s1)
   1764c:	0044a583          	lw	a1,4(s1)
   17650:	00058463          	beqz	a1,17658 <_zisk_float+0x6d84>
   17654:	c34fb06f          	j	12a88 <_zisk_float+0x21b4>
   17658:	80000737          	lui	a4,0x80000
   1765c:	fff70713          	addi	a4,a4,-1 # 7fffffff <_float_lib_entry+0x7fefffff>
   17660:	00a77463          	bgeu	a4,a0,17668 <_zisk_float+0x6d94>
   17664:	c24fb06f          	j	12a88 <_zisk_float+0x21b4>
   17668:	0009a503          	lw	a0,0(s3)
   1766c:	0049a583          	lw	a1,4(s3)
   17670:	00c57533          	and	a0,a0,a2
   17674:	00c50463          	beq	a0,a2,1767c <_zisk_float+0x6da8>
   17678:	c10fb06f          	j	12a88 <_zisk_float+0x21b4>
   1767c:	0009a503          	lw	a0,0(s3)
   17680:	0049a583          	lw	a1,4(s3)
   17684:	00d57533          	and	a0,a0,a3
   17688:	00050463          	beqz	a0,17690 <_zisk_float+0x6dbc>
   1768c:	bfcfb06f          	j	12a88 <_zisk_float+0x21b4>
   17690:	0009a603          	lw	a2,0(s3)
   17694:	0049a683          	lw	a3,4(s3)
   17698:	00068463          	beqz	a3,176a0 <_zisk_float+0x6dcc>
   1769c:	becfb06f          	j	12a88 <_zisk_float+0x21b4>
   176a0:	00c77463          	bgeu	a4,a2,176a8 <_zisk_float+0x6dd4>
   176a4:	be4fb06f          	j	12a88 <_zisk_float+0x21b4>
   176a8:	7fc00737          	lui	a4,0x7fc00
   176ac:	00e92023          	sw	a4,0(s2)
   176b0:	00000793          	li	a5,0
   176b4:	00f92223          	sw	a5,4(s2)
   176b8:	01000513          	li	a0,16
   176bc:	710070ef          	jal	1edcc <softfloat_raiseFlags>
   176c0:	00008697          	auipc	a3,0x8
   176c4:	db46a683          	lw	a3,-588(a3) # 1f474 <softfloat_exceptionFlags>
   176c8:	09812403          	lw	s0,152(sp)
   176cc:	09412483          	lw	s1,148(sp)
   176d0:	09012903          	lw	s2,144(sp)
   176d4:	08c12983          	lw	s3,140(sp)
   176d8:	01f6f313          	andi	t1,a3,31
   176dc:	abcf906f          	j	10998 <_zisk_float+0xc4>
   176e0:	0004a603          	lw	a2,0(s1)
   176e4:	0044a683          	lw	a3,4(s1)
   176e8:	00961613          	slli	a2,a2,0x9
   176ec:	00060463          	beqz	a2,176f4 <_zisk_float+0x6e20>
   176f0:	bc8fb06f          	j	12ab8 <_zisk_float+0x21e4>
   176f4:	0004a603          	lw	a2,0(s1)
   176f8:	0044a683          	lw	a3,4(s1)
   176fc:	00069663          	bnez	a3,17708 <_zisk_float+0x6e34>
   17700:	00064463          	bltz	a2,17708 <_zisk_float+0x6e34>
   17704:	bb4fb06f          	j	12ab8 <_zisk_float+0x21e4>
   17708:	0009a603          	lw	a2,0(s3)
   1770c:	7f800737          	lui	a4,0x7f800
   17710:	0049a683          	lw	a3,4(s3)
   17714:	00e67633          	and	a2,a2,a4
   17718:	00e60463          	beq	a2,a4,17720 <_zisk_float+0x6e4c>
   1771c:	b9cfb06f          	j	12ab8 <_zisk_float+0x21e4>
   17720:	0009a603          	lw	a2,0(s3)
   17724:	0049a683          	lw	a3,4(s3)
   17728:	00961613          	slli	a2,a2,0x9
   1772c:	00060463          	beqz	a2,17734 <_zisk_float+0x6e60>
   17730:	b88fb06f          	j	12ab8 <_zisk_float+0x21e4>
   17734:	0009a603          	lw	a2,0(s3)
   17738:	0049a683          	lw	a3,4(s3)
   1773c:	00068463          	beqz	a3,17744 <_zisk_float+0x6e70>
   17740:	b78fb06f          	j	12ab8 <_zisk_float+0x21e4>
   17744:	00065463          	bgez	a2,1774c <_zisk_float+0x6e78>
   17748:	b70fb06f          	j	12ab8 <_zisk_float+0x21e4>
   1774c:	ff800737          	lui	a4,0xff800
   17750:	00000793          	li	a5,0
   17754:	00e92023          	sw	a4,0(s2)
   17758:	00f92223          	sw	a5,4(s2)
   1775c:	eb9ff06f          	j	17614 <_zisk_float+0x6d40>
   17760:	000a2603          	lw	a2,0(s4)
   17764:	004a2683          	lw	a3,4(s4)
   17768:	00c69713          	slli	a4,a3,0xc
   1776c:	00c75713          	srli	a4,a4,0xc
   17770:	00c76733          	or	a4,a4,a2
   17774:	00070463          	beqz	a4,1777c <_zisk_float+0x6ea8>
   17778:	cddfd06f          	j	15454 <_zisk_float+0x4b80>
   1777c:	000a2603          	lw	a2,0(s4)
   17780:	004a2683          	lw	a3,4(s4)
   17784:	0006d463          	bgez	a3,1778c <_zisk_float+0x6eb8>
   17788:	ccdfd06f          	j	15454 <_zisk_float+0x4b80>
   1778c:	00000613          	li	a2,0
   17790:	7ff806b7          	lui	a3,0x7ff80
   17794:	00c7a023          	sw	a2,0(a5) # 7ff80000 <_float_lib_entry+0x7fe80000>
   17798:	00d7a223          	sw	a3,4(a5)
   1779c:	01000513          	li	a0,16
   177a0:	62c070ef          	jal	1edcc <softfloat_raiseFlags>
   177a4:	00008697          	auipc	a3,0x8
   177a8:	cd06a683          	lw	a3,-816(a3) # 1f474 <softfloat_exceptionFlags>
   177ac:	09812403          	lw	s0,152(sp)
   177b0:	09412483          	lw	s1,148(sp)
   177b4:	09012903          	lw	s2,144(sp)
   177b8:	08812a03          	lw	s4,136(sp)
   177bc:	08412a83          	lw	s5,132(sp)
   177c0:	01f6f313          	andi	t1,a3,31
   177c4:	9d4f906f          	j	10998 <_zisk_float+0xc4>
   177c8:	000a2703          	lw	a4,0(s4)
   177cc:	7f8006b7          	lui	a3,0x7f800
   177d0:	004a2783          	lw	a5,4(s4)
   177d4:	00d77733          	and	a4,a4,a3
   177d8:	00d70463          	beq	a4,a3,177e0 <_zisk_float+0x6f0c>
   177dc:	dc0fd06f          	j	14d9c <_zisk_float+0x44c8>
   177e0:	000a2703          	lw	a4,0(s4)
   177e4:	004a2783          	lw	a5,4(s4)
   177e8:	00971713          	slli	a4,a4,0x9
   177ec:	00070463          	beqz	a4,177f4 <_zisk_float+0x6f20>
   177f0:	dacfd06f          	j	14d9c <_zisk_float+0x44c8>
   177f4:	000a2703          	lw	a4,0(s4)
   177f8:	004a2783          	lw	a5,4(s4)
   177fc:	00079663          	bnez	a5,17808 <_zisk_float+0x6f34>
   17800:	00074463          	bltz	a4,17808 <_zisk_float+0x6f34>
   17804:	d98fd06f          	j	14d9c <_zisk_float+0x44c8>
   17808:	7fc00737          	lui	a4,0x7fc00
   1780c:	00e9a023          	sw	a4,0(s3)
   17810:	00000793          	li	a5,0
   17814:	00f9a223          	sw	a5,4(s3)
   17818:	01000513          	li	a0,16
   1781c:	5b0070ef          	jal	1edcc <softfloat_raiseFlags>
   17820:	00008697          	auipc	a3,0x8
   17824:	c546a683          	lw	a3,-940(a3) # 1f474 <softfloat_exceptionFlags>
   17828:	09812403          	lw	s0,152(sp)
   1782c:	09412483          	lw	s1,148(sp)
   17830:	09012903          	lw	s2,144(sp)
   17834:	08c12983          	lw	s3,140(sp)
   17838:	08812a03          	lw	s4,136(sp)
   1783c:	01f6f313          	andi	t1,a3,31
   17840:	958f906f          	j	10998 <_zisk_float+0xc4>
   17844:	0004a503          	lw	a0,0(s1)
   17848:	008006b7          	lui	a3,0x800
   1784c:	fff68693          	addi	a3,a3,-1 # 7fffff <_float_lib_entry+0x6fffff>
   17850:	0044a583          	lw	a1,4(s1)
   17854:	00d57533          	and	a0,a0,a3
   17858:	00050463          	beqz	a0,17860 <_zisk_float+0x6f8c>
   1785c:	e7cfb06f          	j	12ed8 <_zisk_float+0x2604>
   17860:	0004a503          	lw	a0,0(s1)
   17864:	0044a583          	lw	a1,4(s1)
   17868:	00058463          	beqz	a1,17870 <_zisk_float+0x6f9c>
   1786c:	e6cfb06f          	j	12ed8 <_zisk_float+0x2604>
   17870:	80000737          	lui	a4,0x80000
   17874:	fff70713          	addi	a4,a4,-1 # 7fffffff <_float_lib_entry+0x7fefffff>
   17878:	00a77463          	bgeu	a4,a0,17880 <_zisk_float+0x6fac>
   1787c:	e5cfb06f          	j	12ed8 <_zisk_float+0x2604>
   17880:	0009a503          	lw	a0,0(s3)
   17884:	0049a583          	lw	a1,4(s3)
   17888:	00c57533          	and	a0,a0,a2
   1788c:	00c50463          	beq	a0,a2,17894 <_zisk_float+0x6fc0>
   17890:	e48fb06f          	j	12ed8 <_zisk_float+0x2604>
   17894:	0009a503          	lw	a0,0(s3)
   17898:	0049a583          	lw	a1,4(s3)
   1789c:	00d57533          	and	a0,a0,a3
   178a0:	00050463          	beqz	a0,178a8 <_zisk_float+0x6fd4>
   178a4:	e34fb06f          	j	12ed8 <_zisk_float+0x2604>
   178a8:	0009a603          	lw	a2,0(s3)
   178ac:	0049a683          	lw	a3,4(s3)
   178b0:	00068463          	beqz	a3,178b8 <_zisk_float+0x6fe4>
   178b4:	e24fb06f          	j	12ed8 <_zisk_float+0x2604>
   178b8:	00c77463          	bgeu	a4,a2,178c0 <_zisk_float+0x6fec>
   178bc:	e1cfb06f          	j	12ed8 <_zisk_float+0x2604>
   178c0:	7f800737          	lui	a4,0x7f800
   178c4:	00000793          	li	a5,0
   178c8:	00e92023          	sw	a4,0(s2)
   178cc:	00f92223          	sw	a5,4(s2)
   178d0:	09812403          	lw	s0,152(sp)
   178d4:	09412483          	lw	s1,148(sp)
   178d8:	09012903          	lw	s2,144(sp)
   178dc:	08c12983          	lw	s3,140(sp)
   178e0:	00000313          	li	t1,0
   178e4:	8b4f906f          	j	10998 <_zisk_float+0xc4>
   178e8:	00042503          	lw	a0,0(s0)
   178ec:	00442583          	lw	a1,4(s0)
   178f0:	00100737          	lui	a4,0x100
   178f4:	fff70713          	addi	a4,a4,-1 # fffff <softfloat_roundingMode+0xe0b87>
   178f8:	00e5f633          	and	a2,a1,a4
   178fc:	00a66633          	or	a2,a2,a0
   17900:	00060463          	beqz	a2,17908 <_zisk_float+0x7034>
   17904:	c38fb06f          	j	12d3c <_zisk_float+0x2468>
   17908:	00042503          	lw	a0,0(s0)
   1790c:	00442583          	lw	a1,4(s0)
   17910:	0005d463          	bgez	a1,17918 <_zisk_float+0x7044>
   17914:	c28fb06f          	j	12d3c <_zisk_float+0x2468>
   17918:	0009a503          	lw	a0,0(s3)
   1791c:	0049a583          	lw	a1,4(s3)
   17920:	00d5f633          	and	a2,a1,a3
   17924:	00d60463          	beq	a2,a3,1792c <_zisk_float+0x7058>
   17928:	c14fb06f          	j	12d3c <_zisk_float+0x2468>
   1792c:	0009a603          	lw	a2,0(s3)
   17930:	0049a683          	lw	a3,4(s3)
   17934:	00e6f733          	and	a4,a3,a4
   17938:	00c76733          	or	a4,a4,a2
   1793c:	00070463          	beqz	a4,17944 <_zisk_float+0x7070>
   17940:	bfcfb06f          	j	12d3c <_zisk_float+0x2468>
   17944:	0009a603          	lw	a2,0(s3)
   17948:	0049a683          	lw	a3,4(s3)
   1794c:	0006d463          	bgez	a3,17954 <_zisk_float+0x7080>
   17950:	becfb06f          	j	12d3c <_zisk_float+0x2468>
   17954:	00000713          	li	a4,0
   17958:	7ff007b7          	lui	a5,0x7ff00
   1795c:	00e4a023          	sw	a4,0(s1)
   17960:	00f4a223          	sw	a5,4(s1)
   17964:	cd8fb06f          	j	12e3c <_zisk_float+0x2568>
   17968:	00042503          	lw	a0,0(s0)
   1796c:	00442583          	lw	a1,4(s0)
   17970:	00100737          	lui	a4,0x100
   17974:	fff70713          	addi	a4,a4,-1 # fffff <softfloat_roundingMode+0xe0b87>
   17978:	00e5f633          	and	a2,a1,a4
   1797c:	00a66633          	or	a2,a2,a0
   17980:	00060463          	beqz	a2,17988 <_zisk_float+0x70b4>
   17984:	c00fb06f          	j	12d84 <_zisk_float+0x24b0>
   17988:	00042503          	lw	a0,0(s0)
   1798c:	00442583          	lw	a1,4(s0)
   17990:	0005c463          	bltz	a1,17998 <_zisk_float+0x70c4>
   17994:	bf0fb06f          	j	12d84 <_zisk_float+0x24b0>
   17998:	0009a503          	lw	a0,0(s3)
   1799c:	0049a583          	lw	a1,4(s3)
   179a0:	00d5f633          	and	a2,a1,a3
   179a4:	00d60463          	beq	a2,a3,179ac <_zisk_float+0x70d8>
   179a8:	bdcfb06f          	j	12d84 <_zisk_float+0x24b0>
   179ac:	0009a603          	lw	a2,0(s3)
   179b0:	0049a683          	lw	a3,4(s3)
   179b4:	00e6f733          	and	a4,a3,a4
   179b8:	00c76733          	or	a4,a4,a2
   179bc:	00070463          	beqz	a4,179c4 <_zisk_float+0x70f0>
   179c0:	bc4fb06f          	j	12d84 <_zisk_float+0x24b0>
   179c4:	0009a603          	lw	a2,0(s3)
   179c8:	0049a683          	lw	a3,4(s3)
   179cc:	0006c463          	bltz	a3,179d4 <_zisk_float+0x7100>
   179d0:	bb4fb06f          	j	12d84 <_zisk_float+0x24b0>
   179d4:	00000713          	li	a4,0
   179d8:	fff007b7          	lui	a5,0xfff00
   179dc:	00e4a023          	sw	a4,0(s1)
   179e0:	00f4a223          	sw	a5,4(s1)
   179e4:	c58fb06f          	j	12e3c <_zisk_float+0x2568>
   179e8:	00092683          	lw	a3,0(s2)
   179ec:	00492703          	lw	a4,4(s2)
   179f0:	00c71793          	slli	a5,a4,0xc
   179f4:	00c7d793          	srli	a5,a5,0xc
   179f8:	00d7e7b3          	or	a5,a5,a3
   179fc:	00078463          	beqz	a5,17a04 <_zisk_float+0x7130>
   17a00:	9e9fd06f          	j	153e8 <_zisk_float+0x4b14>
   17a04:	00092703          	lw	a4,0(s2)
   17a08:	00492783          	lw	a5,4(s2)
   17a0c:	0007d463          	bgez	a5,17a14 <_zisk_float+0x7140>
   17a10:	9d9fd06f          	j	153e8 <_zisk_float+0x4b14>
   17a14:	00000713          	li	a4,0
   17a18:	00e9a023          	sw	a4,0(s3)
   17a1c:	7ff807b7          	lui	a5,0x7ff80
   17a20:	00f9a223          	sw	a5,4(s3)
   17a24:	01000513          	li	a0,16
   17a28:	3a4070ef          	jal	1edcc <softfloat_raiseFlags>
   17a2c:	00008697          	auipc	a3,0x8
   17a30:	a486a683          	lw	a3,-1464(a3) # 1f474 <softfloat_exceptionFlags>
   17a34:	09812403          	lw	s0,152(sp)
   17a38:	09412483          	lw	s1,148(sp)
   17a3c:	09012903          	lw	s2,144(sp)
   17a40:	08c12983          	lw	s3,140(sp)
   17a44:	01f6f313          	andi	t1,a3,31
   17a48:	f51f806f          	j	10998 <_zisk_float+0xc4>
   17a4c:	0004a603          	lw	a2,0(s1)
   17a50:	0044a683          	lw	a3,4(s1)
   17a54:	00961613          	slli	a2,a2,0x9
   17a58:	00060463          	beqz	a2,17a60 <_zisk_float+0x718c>
   17a5c:	cacfb06f          	j	12f08 <_zisk_float+0x2634>
   17a60:	0004a603          	lw	a2,0(s1)
   17a64:	0044a683          	lw	a3,4(s1)
   17a68:	00069663          	bnez	a3,17a74 <_zisk_float+0x71a0>
   17a6c:	00064463          	bltz	a2,17a74 <_zisk_float+0x71a0>
   17a70:	c98fb06f          	j	12f08 <_zisk_float+0x2634>
   17a74:	0009a603          	lw	a2,0(s3)
   17a78:	7f800737          	lui	a4,0x7f800
   17a7c:	0049a683          	lw	a3,4(s3)
   17a80:	00e67633          	and	a2,a2,a4
   17a84:	00e60463          	beq	a2,a4,17a8c <_zisk_float+0x71b8>
   17a88:	c80fb06f          	j	12f08 <_zisk_float+0x2634>
   17a8c:	0009a603          	lw	a2,0(s3)
   17a90:	0049a683          	lw	a3,4(s3)
   17a94:	00961613          	slli	a2,a2,0x9
   17a98:	00060463          	beqz	a2,17aa0 <_zisk_float+0x71cc>
   17a9c:	c6cfb06f          	j	12f08 <_zisk_float+0x2634>
   17aa0:	0009a603          	lw	a2,0(s3)
   17aa4:	0049a683          	lw	a3,4(s3)
   17aa8:	00068463          	beqz	a3,17ab0 <_zisk_float+0x71dc>
   17aac:	c5cfb06f          	j	12f08 <_zisk_float+0x2634>
   17ab0:	00065463          	bgez	a2,17ab8 <_zisk_float+0x71e4>
   17ab4:	c54fb06f          	j	12f08 <_zisk_float+0x2634>
   17ab8:	7fc00737          	lui	a4,0x7fc00
   17abc:	00e92023          	sw	a4,0(s2)
   17ac0:	00000793          	li	a5,0
   17ac4:	00f92223          	sw	a5,4(s2)
   17ac8:	01000513          	li	a0,16
   17acc:	300070ef          	jal	1edcc <softfloat_raiseFlags>
   17ad0:	00008697          	auipc	a3,0x8
   17ad4:	9a46a683          	lw	a3,-1628(a3) # 1f474 <softfloat_exceptionFlags>
   17ad8:	09812403          	lw	s0,152(sp)
   17adc:	09412483          	lw	s1,148(sp)
   17ae0:	09012903          	lw	s2,144(sp)
   17ae4:	08c12983          	lw	s3,140(sp)
   17ae8:	01f6f313          	andi	t1,a3,31
   17aec:	eadf806f          	j	10998 <_zisk_float+0xc4>
   17af0:	0004a503          	lw	a0,0(s1)
   17af4:	008006b7          	lui	a3,0x800
   17af8:	fff68693          	addi	a3,a3,-1 # 7fffff <_float_lib_entry+0x6fffff>
   17afc:	0044a583          	lw	a1,4(s1)
   17b00:	00d57533          	and	a0,a0,a3
   17b04:	00050463          	beqz	a0,17b0c <_zisk_float+0x7238>
   17b08:	be8fb06f          	j	12ef0 <_zisk_float+0x261c>
   17b0c:	0004a503          	lw	a0,0(s1)
   17b10:	0044a583          	lw	a1,4(s1)
   17b14:	00058463          	beqz	a1,17b1c <_zisk_float+0x7248>
   17b18:	bd8fb06f          	j	12ef0 <_zisk_float+0x261c>
   17b1c:	80000737          	lui	a4,0x80000
   17b20:	fff70713          	addi	a4,a4,-1 # 7fffffff <_float_lib_entry+0x7fefffff>
   17b24:	00a77463          	bgeu	a4,a0,17b2c <_zisk_float+0x7258>
   17b28:	bc8fb06f          	j	12ef0 <_zisk_float+0x261c>
   17b2c:	0009a503          	lw	a0,0(s3)
   17b30:	0049a583          	lw	a1,4(s3)
   17b34:	00c57533          	and	a0,a0,a2
   17b38:	00c50463          	beq	a0,a2,17b40 <_zisk_float+0x726c>
   17b3c:	bb4fb06f          	j	12ef0 <_zisk_float+0x261c>
   17b40:	0009a503          	lw	a0,0(s3)
   17b44:	0049a583          	lw	a1,4(s3)
   17b48:	00d57533          	and	a0,a0,a3
   17b4c:	00050463          	beqz	a0,17b54 <_zisk_float+0x7280>
   17b50:	ba0fb06f          	j	12ef0 <_zisk_float+0x261c>
   17b54:	0009a603          	lw	a2,0(s3)
   17b58:	0049a683          	lw	a3,4(s3)
   17b5c:	00069663          	bnez	a3,17b68 <_zisk_float+0x7294>
   17b60:	00c76463          	bltu	a4,a2,17b68 <_zisk_float+0x7294>
   17b64:	b8cfb06f          	j	12ef0 <_zisk_float+0x261c>
   17b68:	7fc00737          	lui	a4,0x7fc00
   17b6c:	00e92023          	sw	a4,0(s2)
   17b70:	00000793          	li	a5,0
   17b74:	00f92223          	sw	a5,4(s2)
   17b78:	01000513          	li	a0,16
   17b7c:	250070ef          	jal	1edcc <softfloat_raiseFlags>
   17b80:	00008697          	auipc	a3,0x8
   17b84:	8f46a683          	lw	a3,-1804(a3) # 1f474 <softfloat_exceptionFlags>
   17b88:	09812403          	lw	s0,152(sp)
   17b8c:	09412483          	lw	s1,148(sp)
   17b90:	09012903          	lw	s2,144(sp)
   17b94:	08c12983          	lw	s3,140(sp)
   17b98:	01f6f313          	andi	t1,a3,31
   17b9c:	dfdf806f          	j	10998 <_zisk_float+0xc4>
   17ba0:	0004a503          	lw	a0,0(s1)
   17ba4:	0044a583          	lw	a1,4(s1)
   17ba8:	00100737          	lui	a4,0x100
   17bac:	fff70713          	addi	a4,a4,-1 # fffff <softfloat_roundingMode+0xe0b87>
   17bb0:	00e5f633          	and	a2,a1,a4
   17bb4:	00a66633          	or	a2,a2,a0
   17bb8:	00060463          	beqz	a2,17bc0 <_zisk_float+0x72ec>
   17bbc:	dbdfa06f          	j	12978 <_zisk_float+0x20a4>
   17bc0:	0004a503          	lw	a0,0(s1)
   17bc4:	0044a583          	lw	a1,4(s1)
   17bc8:	0005d463          	bgez	a1,17bd0 <_zisk_float+0x72fc>
   17bcc:	dadfa06f          	j	12978 <_zisk_float+0x20a4>
   17bd0:	0009a503          	lw	a0,0(s3)
   17bd4:	0049a583          	lw	a1,4(s3)
   17bd8:	00d5f633          	and	a2,a1,a3
   17bdc:	00d60463          	beq	a2,a3,17be4 <_zisk_float+0x7310>
   17be0:	d99fa06f          	j	12978 <_zisk_float+0x20a4>
   17be4:	0009a603          	lw	a2,0(s3)
   17be8:	0049a683          	lw	a3,4(s3)
   17bec:	00e6f733          	and	a4,a3,a4
   17bf0:	00c76733          	or	a4,a4,a2
   17bf4:	00070463          	beqz	a4,17bfc <_zisk_float+0x7328>
   17bf8:	d81fa06f          	j	12978 <_zisk_float+0x20a4>
   17bfc:	0009a603          	lw	a2,0(s3)
   17c00:	0049a683          	lw	a3,4(s3)
   17c04:	0006d463          	bgez	a3,17c0c <_zisk_float+0x7338>
   17c08:	d71fa06f          	j	12978 <_zisk_float+0x20a4>
   17c0c:	00000713          	li	a4,0
   17c10:	00e92023          	sw	a4,0(s2)
   17c14:	7ff807b7          	lui	a5,0x7ff80
   17c18:	00f92223          	sw	a5,4(s2)
   17c1c:	01000513          	li	a0,16
   17c20:	1ac070ef          	jal	1edcc <softfloat_raiseFlags>
   17c24:	00008697          	auipc	a3,0x8
   17c28:	8506a683          	lw	a3,-1968(a3) # 1f474 <softfloat_exceptionFlags>
   17c2c:	09812403          	lw	s0,152(sp)
   17c30:	09412483          	lw	s1,148(sp)
   17c34:	09012903          	lw	s2,144(sp)
   17c38:	08c12983          	lw	s3,140(sp)
   17c3c:	01f6f313          	andi	t1,a3,31
   17c40:	d59f806f          	j	10998 <_zisk_float+0xc4>
   17c44:	0004a503          	lw	a0,0(s1)
   17c48:	0044a583          	lw	a1,4(s1)
   17c4c:	00100737          	lui	a4,0x100
   17c50:	fff70713          	addi	a4,a4,-1 # fffff <softfloat_roundingMode+0xe0b87>
   17c54:	00e5f6b3          	and	a3,a1,a4
   17c58:	00a6e6b3          	or	a3,a3,a0
   17c5c:	00068463          	beqz	a3,17c64 <_zisk_float+0x7390>
   17c60:	d01fa06f          	j	12960 <_zisk_float+0x208c>
   17c64:	0004a503          	lw	a0,0(s1)
   17c68:	0044a583          	lw	a1,4(s1)
   17c6c:	0005c463          	bltz	a1,17c74 <_zisk_float+0x73a0>
   17c70:	cf1fa06f          	j	12960 <_zisk_float+0x208c>
   17c74:	0009a503          	lw	a0,0(s3)
   17c78:	0049a583          	lw	a1,4(s3)
   17c7c:	00c5f6b3          	and	a3,a1,a2
   17c80:	00c68463          	beq	a3,a2,17c88 <_zisk_float+0x73b4>
   17c84:	cddfa06f          	j	12960 <_zisk_float+0x208c>
   17c88:	0009a603          	lw	a2,0(s3)
   17c8c:	0049a683          	lw	a3,4(s3)
   17c90:	00e6f733          	and	a4,a3,a4
   17c94:	00c76733          	or	a4,a4,a2
   17c98:	00070463          	beqz	a4,17ca0 <_zisk_float+0x73cc>
   17c9c:	cc5fa06f          	j	12960 <_zisk_float+0x208c>
   17ca0:	0009a603          	lw	a2,0(s3)
   17ca4:	0049a683          	lw	a3,4(s3)
   17ca8:	0006c463          	bltz	a3,17cb0 <_zisk_float+0x73dc>
   17cac:	cb5fa06f          	j	12960 <_zisk_float+0x208c>
   17cb0:	00000713          	li	a4,0
   17cb4:	00e92023          	sw	a4,0(s2)
   17cb8:	7ff807b7          	lui	a5,0x7ff80
   17cbc:	00f92223          	sw	a5,4(s2)
   17cc0:	01000513          	li	a0,16
   17cc4:	108070ef          	jal	1edcc <softfloat_raiseFlags>
   17cc8:	00007697          	auipc	a3,0x7
   17ccc:	7ac6a683          	lw	a3,1964(a3) # 1f474 <softfloat_exceptionFlags>
   17cd0:	09812403          	lw	s0,152(sp)
   17cd4:	09412483          	lw	s1,148(sp)
   17cd8:	09012903          	lw	s2,144(sp)
   17cdc:	08c12983          	lw	s3,140(sp)
   17ce0:	01f6f313          	andi	t1,a3,31
   17ce4:	cb5f806f          	j	10998 <_zisk_float+0xc4>
   17ce8:	0004a503          	lw	a0,0(s1)
   17cec:	0044a583          	lw	a1,4(s1)
   17cf0:	00100737          	lui	a4,0x100
   17cf4:	fff70713          	addi	a4,a4,-1 # fffff <softfloat_roundingMode+0xe0b87>
   17cf8:	00e5f633          	and	a2,a1,a4
   17cfc:	00a66633          	or	a2,a2,a0
   17d00:	00060463          	beqz	a2,17d08 <_zisk_float+0x7434>
   17d04:	c8dfa06f          	j	12990 <_zisk_float+0x20bc>
   17d08:	0009a503          	lw	a0,0(s3)
   17d0c:	0049a583          	lw	a1,4(s3)
   17d10:	00d5f633          	and	a2,a1,a3
   17d14:	00d61463          	bne	a2,a3,17d1c <_zisk_float+0x7448>
   17d18:	0980206f          	j	19db0 <_zisk_float+0x94dc>
   17d1c:	0004a703          	lw	a4,0(s1)
   17d20:	0044a783          	lw	a5,4(s1)
   17d24:	00e92023          	sw	a4,0(s2)
   17d28:	00f92223          	sw	a5,4(s2)
   17d2c:	09812403          	lw	s0,152(sp)
   17d30:	09412483          	lw	s1,148(sp)
   17d34:	09012903          	lw	s2,144(sp)
   17d38:	08c12983          	lw	s3,140(sp)
   17d3c:	00000313          	li	t1,0
   17d40:	c59f806f          	j	10998 <_zisk_float+0xc4>
   17d44:	0004a603          	lw	a2,0(s1)
   17d48:	0044a683          	lw	a3,4(s1)
   17d4c:	00c69713          	slli	a4,a3,0xc
   17d50:	00c75713          	srli	a4,a4,0xc
   17d54:	00c76733          	or	a4,a4,a2
   17d58:	00071463          	bnez	a4,17d60 <_zisk_float+0x748c>
   17d5c:	c65fa06f          	j	129c0 <_zisk_float+0x20ec>
   17d60:	c49fa06f          	j	129a8 <_zisk_float+0x20d4>
   17d64:	00042503          	lw	a0,0(s0)
   17d68:	00442583          	lw	a1,4(s0)
   17d6c:	0004a703          	lw	a4,0(s1)
   17d70:	0044a783          	lw	a5,4(s1)
   17d74:	00070593          	mv	a1,a4
   17d78:	469020ef          	jal	1a9e0 <f32_lt>
   17d7c:	00051463          	bnez	a0,17d84 <_zisk_float+0x74b0>
   17d80:	4d80106f          	j	19258 <_zisk_float+0x8984>
   17d84:	0004a703          	lw	a4,0(s1)
   17d88:	0044a783          	lw	a5,4(s1)
   17d8c:	00e92023          	sw	a4,0(s2)
   17d90:	00f92223          	sw	a5,4(s2)
   17d94:	00007817          	auipc	a6,0x7
   17d98:	6e080813          	addi	a6,a6,1760 # 1f474 <softfloat_exceptionFlags>
   17d9c:	8f1fb06f          	j	1368c <_zisk_float+0x2db8>
   17da0:	00cb5593          	srli	a1,s6,0xc
   17da4:	007b5493          	srli	s1,s6,0x7
   17da8:	00fb5413          	srli	s0,s6,0xf
   17dac:	0075f593          	andi	a1,a1,7
   17db0:	00700793          	li	a5,7
   17db4:	01f4f493          	andi	s1,s1,31
   17db8:	01f47413          	andi	s0,s0,31
   17dbc:	00f59863          	bne	a1,a5,17dcc <_zisk_float+0x74f8>
   17dc0:	00007597          	auipc	a1,0x7
   17dc4:	6b85a583          	lw	a1,1720(a1) # 1f478 <softfloat_roundingMode>
   17dc8:	00f5f5b3          	and	a1,a1,a5
   17dcc:	002007b7          	lui	a5,0x200
   17dd0:	00341413          	slli	s0,s0,0x3
   17dd4:	00f40433          	add	s0,s0,a5
   17dd8:	00042703          	lw	a4,0(s0)
   17ddc:	00442783          	lw	a5,4(s0)
   17de0:	00100613          	li	a2,1
   17de4:	00070513          	mv	a0,a4
   17de8:	018030ef          	jal	1ae00 <f32_to_i32>
   17dec:	002005b7          	lui	a1,0x200
   17df0:	00050713          	mv	a4,a0
   17df4:	00349793          	slli	a5,s1,0x3
   17df8:	00007517          	auipc	a0,0x7
   17dfc:	67c52503          	lw	a0,1660(a0) # 1f474 <softfloat_exceptionFlags>
   17e00:	11858593          	addi	a1,a1,280 # 200118 <_float_lib_entry+0x100118>
   17e04:	00b787b3          	add	a5,a5,a1
   17e08:	41f75693          	srai	a3,a4,0x1f
   17e0c:	00e7a023          	sw	a4,0(a5) # 200000 <_float_lib_entry+0x100000>
   17e10:	00d7a223          	sw	a3,4(a5)
   17e14:	01057713          	andi	a4,a0,16
   17e18:	00071463          	bnez	a4,17e20 <_zisk_float+0x754c>
   17e1c:	39c0106f          	j	191b8 <_zisk_float+0x88e4>
   17e20:	00042603          	lw	a2,0(s0)
   17e24:	7f800737          	lui	a4,0x7f800
   17e28:	00442683          	lw	a3,4(s0)
   17e2c:	00e67633          	and	a2,a2,a4
   17e30:	00e61463          	bne	a2,a4,17e38 <_zisk_float+0x7564>
   17e34:	1f90106f          	j	1982c <_zisk_float+0x8f58>
   17e38:	00042603          	lw	a2,0(s0)
   17e3c:	00442683          	lw	a3,4(s0)
   17e40:	00069663          	bnez	a3,17e4c <_zisk_float+0x7578>
   17e44:	00064463          	bltz	a2,17e4c <_zisk_float+0x7578>
   17e48:	1f90106f          	j	19840 <_zisk_float+0x8f6c>
   17e4c:	80000637          	lui	a2,0x80000
   17e50:	fff00693          	li	a3,-1
   17e54:	00c7a023          	sw	a2,0(a5)
   17e58:	00d7a223          	sw	a3,4(a5)
   17e5c:	09812403          	lw	s0,152(sp)
   17e60:	09412483          	lw	s1,148(sp)
   17e64:	09012903          	lw	s2,144(sp)
   17e68:	01f57313          	andi	t1,a0,31
   17e6c:	b2df806f          	j	10998 <_zisk_float+0xc4>
   17e70:	00cb5593          	srli	a1,s6,0xc
   17e74:	007b5413          	srli	s0,s6,0x7
   17e78:	00fb5493          	srli	s1,s6,0xf
   17e7c:	0075f593          	andi	a1,a1,7
   17e80:	00700793          	li	a5,7
   17e84:	01f47413          	andi	s0,s0,31
   17e88:	01f4f493          	andi	s1,s1,31
   17e8c:	00f59863          	bne	a1,a5,17e9c <_zisk_float+0x75c8>
   17e90:	00007597          	auipc	a1,0x7
   17e94:	5e85a583          	lw	a1,1512(a1) # 1f478 <softfloat_roundingMode>
   17e98:	0075f593          	andi	a1,a1,7
   17e9c:	002007b7          	lui	a5,0x200
   17ea0:	00349493          	slli	s1,s1,0x3
   17ea4:	00f484b3          	add	s1,s1,a5
   17ea8:	0004a703          	lw	a4,0(s1)
   17eac:	0044a783          	lw	a5,4(s1)
   17eb0:	00100613          	li	a2,1
   17eb4:	00070513          	mv	a0,a4
   17eb8:	7e1020ef          	jal	1ae98 <f32_to_i64>
   17ebc:	00200737          	lui	a4,0x200
   17ec0:	00a12823          	sw	a0,16(sp)
   17ec4:	11870713          	addi	a4,a4,280 # 200118 <_float_lib_entry+0x100118>
   17ec8:	01012683          	lw	a3,16(sp)
   17ecc:	00341793          	slli	a5,s0,0x3
   17ed0:	00b12a23          	sw	a1,20(sp)
   17ed4:	00e787b3          	add	a5,a5,a4
   17ed8:	00007817          	auipc	a6,0x7
   17edc:	59c82803          	lw	a6,1436(a6) # 1f474 <softfloat_exceptionFlags>
   17ee0:	01412703          	lw	a4,20(sp)
   17ee4:	00d7a023          	sw	a3,0(a5) # 200000 <_float_lib_entry+0x100000>
   17ee8:	00e7a223          	sw	a4,4(a5)
   17eec:	01087713          	andi	a4,a6,16
   17ef0:	04070063          	beqz	a4,17f30 <_zisk_float+0x765c>
   17ef4:	0004a603          	lw	a2,0(s1)
   17ef8:	7f800737          	lui	a4,0x7f800
   17efc:	0044a683          	lw	a3,4(s1)
   17f00:	00e67633          	and	a2,a2,a4
   17f04:	00e61463          	bne	a2,a4,17f0c <_zisk_float+0x7638>
   17f08:	2510106f          	j	19958 <_zisk_float+0x9084>
   17f0c:	0004a603          	lw	a2,0(s1)
   17f10:	0044a683          	lw	a3,4(s1)
   17f14:	00069663          	bnez	a3,17f20 <_zisk_float+0x764c>
   17f18:	00064463          	bltz	a2,17f20 <_zisk_float+0x764c>
   17f1c:	2510106f          	j	1996c <_zisk_float+0x9098>
   17f20:	00000613          	li	a2,0
   17f24:	800006b7          	lui	a3,0x80000
   17f28:	00c7a023          	sw	a2,0(a5)
   17f2c:	00d7a223          	sw	a3,4(a5)
   17f30:	09812403          	lw	s0,152(sp)
   17f34:	09412483          	lw	s1,148(sp)
   17f38:	09012903          	lw	s2,144(sp)
   17f3c:	01f87313          	andi	t1,a6,31
   17f40:	a59f806f          	j	10998 <_zisk_float+0xc4>
   17f44:	00cb5613          	srli	a2,s6,0xc
   17f48:	007b5413          	srli	s0,s6,0x7
   17f4c:	00fb5793          	srli	a5,s6,0xf
   17f50:	00767613          	andi	a2,a2,7
   17f54:	00700713          	li	a4,7
   17f58:	01f47413          	andi	s0,s0,31
   17f5c:	01f7f793          	andi	a5,a5,31
   17f60:	00e61863          	bne	a2,a4,17f70 <_zisk_float+0x769c>
   17f64:	00007617          	auipc	a2,0x7
   17f68:	51462603          	lw	a2,1300(a2) # 1f478 <softfloat_roundingMode>
   17f6c:	00e67633          	and	a2,a2,a4
   17f70:	00379793          	slli	a5,a5,0x3
   17f74:	00200737          	lui	a4,0x200
   17f78:	00e784b3          	add	s1,a5,a4
   17f7c:	0004a503          	lw	a0,0(s1)
   17f80:	0044a583          	lw	a1,4(s1)
   17f84:	00100693          	li	a3,1
   17f88:	42d030ef          	jal	1bbb4 <f64_to_i32>
   17f8c:	002005b7          	lui	a1,0x200
   17f90:	00050713          	mv	a4,a0
   17f94:	00341793          	slli	a5,s0,0x3
   17f98:	00007517          	auipc	a0,0x7
   17f9c:	4dc52503          	lw	a0,1244(a0) # 1f474 <softfloat_exceptionFlags>
   17fa0:	11858593          	addi	a1,a1,280 # 200118 <_float_lib_entry+0x100118>
   17fa4:	00b787b3          	add	a5,a5,a1
   17fa8:	41f75693          	srai	a3,a4,0x1f
   17fac:	00e7a023          	sw	a4,0(a5)
   17fb0:	00d7a223          	sw	a3,4(a5)
   17fb4:	01057713          	andi	a4,a0,16
   17fb8:	00071463          	bnez	a4,17fc0 <_zisk_float+0x76ec>
   17fbc:	1cc0106f          	j	19188 <_zisk_float+0x88b4>
   17fc0:	0004a603          	lw	a2,0(s1)
   17fc4:	0044a683          	lw	a3,4(s1)
   17fc8:	7ff00737          	lui	a4,0x7ff00
   17fcc:	00e6f6b3          	and	a3,a3,a4
   17fd0:	00e69463          	bne	a3,a4,17fd8 <_zisk_float+0x7704>
   17fd4:	4b90106f          	j	19c8c <_zisk_float+0x93b8>
   17fd8:	0004a603          	lw	a2,0(s1)
   17fdc:	0044a683          	lw	a3,4(s1)
   17fe0:	80000637          	lui	a2,0x80000
   17fe4:	0006d463          	bgez	a3,17fec <_zisk_float+0x7718>
   17fe8:	1c00106f          	j	191a8 <_zisk_float+0x88d4>
   17fec:	fff60613          	addi	a2,a2,-1 # 7fffffff <_float_lib_entry+0x7fefffff>
   17ff0:	00000693          	li	a3,0
   17ff4:	00c7a023          	sw	a2,0(a5)
   17ff8:	00d7a223          	sw	a3,4(a5)
   17ffc:	09812403          	lw	s0,152(sp)
   18000:	09412483          	lw	s1,148(sp)
   18004:	09012903          	lw	s2,144(sp)
   18008:	01f57313          	andi	t1,a0,31
   1800c:	98df806f          	j	10998 <_zisk_float+0xc4>
   18010:	00cb5413          	srli	s0,s6,0xc
   18014:	00747413          	andi	s0,s0,7
   18018:	00fb5793          	srli	a5,s6,0xf
   1801c:	00040513          	mv	a0,s0
   18020:	00400613          	li	a2,4
   18024:	00000693          	li	a3,0
   18028:	00000593          	li	a1,0
   1802c:	01f7f493          	andi	s1,a5,31
   18030:	634020ef          	jal	1a664 <__ucmpdi2>
   18034:	007b5913          	srli	s2,s6,0x7
   18038:	00100793          	li	a5,1
   1803c:	01f97913          	andi	s2,s2,31
   18040:	02a7e663          	bltu	a5,a0,1806c <_zisk_float+0x7798>
   18044:	00007717          	auipc	a4,0x7
   18048:	22070713          	addi	a4,a4,544 # 1f264 <softfloat_addM+0x480>
   1804c:	00241793          	slli	a5,s0,0x2
   18050:	00e787b3          	add	a5,a5,a4
   18054:	0007a783          	lw	a5,0(a5)
   18058:	00e787b3          	add	a5,a5,a4
   1805c:	00078067          	jr	a5
   18060:	00300793          	li	a5,3
   18064:	00007717          	auipc	a4,0x7
   18068:	40f72a23          	sw	a5,1044(a4) # 1f478 <softfloat_roundingMode>
   1806c:	00200737          	lui	a4,0x200
   18070:	11870713          	addi	a4,a4,280 # 200118 <_float_lib_entry+0x100118>
   18074:	00349793          	slli	a5,s1,0x3
   18078:	00e787b3          	add	a5,a5,a4
   1807c:	0007a503          	lw	a0,0(a5)
   18080:	0047a583          	lw	a1,4(a5)
   18084:	00200437          	lui	s0,0x200
   18088:	715030ef          	jal	1bf9c <i64_to_f32>
   1808c:	00007717          	auipc	a4,0x7
   18090:	3e872703          	lw	a4,1000(a4) # 1f474 <softfloat_exceptionFlags>
   18094:	00391793          	slli	a5,s2,0x3
   18098:	008787b3          	add	a5,a5,s0
   1809c:	00000693          	li	a3,0
   180a0:	00a7a023          	sw	a0,0(a5)
   180a4:	09812403          	lw	s0,152(sp)
   180a8:	09412483          	lw	s1,148(sp)
   180ac:	09012903          	lw	s2,144(sp)
   180b0:	00d7a223          	sw	a3,4(a5)
   180b4:	01f77313          	andi	t1,a4,31
   180b8:	8e1f806f          	j	10998 <_zisk_float+0xc4>
   180bc:	00200793          	li	a5,2
   180c0:	00007717          	auipc	a4,0x7
   180c4:	3af72c23          	sw	a5,952(a4) # 1f478 <softfloat_roundingMode>
   180c8:	fa5ff06f          	j	1806c <_zisk_float+0x7798>
   180cc:	00100793          	li	a5,1
   180d0:	00007717          	auipc	a4,0x7
   180d4:	3af72423          	sw	a5,936(a4) # 1f478 <softfloat_roundingMode>
   180d8:	f95ff06f          	j	1806c <_zisk_float+0x7798>
   180dc:	00400793          	li	a5,4
   180e0:	00007717          	auipc	a4,0x7
   180e4:	38f72c23          	sw	a5,920(a4) # 1f478 <softfloat_roundingMode>
   180e8:	f85ff06f          	j	1806c <_zisk_float+0x7798>
   180ec:	00007797          	auipc	a5,0x7
   180f0:	3807a623          	sw	zero,908(a5) # 1f478 <softfloat_roundingMode>
   180f4:	f79ff06f          	j	1806c <_zisk_float+0x7798>
   180f8:	00cb5413          	srli	s0,s6,0xc
   180fc:	00747413          	andi	s0,s0,7
   18100:	00fb5793          	srli	a5,s6,0xf
   18104:	00040513          	mv	a0,s0
   18108:	00400613          	li	a2,4
   1810c:	00000693          	li	a3,0
   18110:	00000593          	li	a1,0
   18114:	01f7f493          	andi	s1,a5,31
   18118:	54c020ef          	jal	1a664 <__ucmpdi2>
   1811c:	007b5913          	srli	s2,s6,0x7
   18120:	00100793          	li	a5,1
   18124:	01f97913          	andi	s2,s2,31
   18128:	02a7e663          	bltu	a5,a0,18154 <_zisk_float+0x7880>
   1812c:	00007717          	auipc	a4,0x7
   18130:	14c70713          	addi	a4,a4,332 # 1f278 <softfloat_addM+0x494>
   18134:	00241793          	slli	a5,s0,0x2
   18138:	00e787b3          	add	a5,a5,a4
   1813c:	0007a783          	lw	a5,0(a5)
   18140:	00e787b3          	add	a5,a5,a4
   18144:	00078067          	jr	a5
   18148:	00300793          	li	a5,3
   1814c:	00007717          	auipc	a4,0x7
   18150:	32f72623          	sw	a5,812(a4) # 1f478 <softfloat_roundingMode>
   18154:	00200737          	lui	a4,0x200
   18158:	00349793          	slli	a5,s1,0x3
   1815c:	11870713          	addi	a4,a4,280 # 200118 <_float_lib_entry+0x100118>
   18160:	00e787b3          	add	a5,a5,a4
   18164:	0007a503          	lw	a0,0(a5)
   18168:	0047a583          	lw	a1,4(a5)
   1816c:	00200437          	lui	s0,0x200
   18170:	59d030ef          	jal	1bf0c <i32_to_f64>
   18174:	04a12423          	sw	a0,72(sp)
   18178:	04b12623          	sw	a1,76(sp)
   1817c:	04812583          	lw	a1,72(sp)
   18180:	00007697          	auipc	a3,0x7
   18184:	2f46a683          	lw	a3,756(a3) # 1f474 <softfloat_exceptionFlags>
   18188:	00391793          	slli	a5,s2,0x3
   1818c:	04c12603          	lw	a2,76(sp)
   18190:	008787b3          	add	a5,a5,s0
   18194:	00b7a023          	sw	a1,0(a5)
   18198:	09812403          	lw	s0,152(sp)
   1819c:	09412483          	lw	s1,148(sp)
   181a0:	09012903          	lw	s2,144(sp)
   181a4:	00c7a223          	sw	a2,4(a5)
   181a8:	01f6f313          	andi	t1,a3,31
   181ac:	fecf806f          	j	10998 <_zisk_float+0xc4>
   181b0:	00200793          	li	a5,2
   181b4:	00007717          	auipc	a4,0x7
   181b8:	2cf72223          	sw	a5,708(a4) # 1f478 <softfloat_roundingMode>
   181bc:	f99ff06f          	j	18154 <_zisk_float+0x7880>
   181c0:	00100793          	li	a5,1
   181c4:	00007717          	auipc	a4,0x7
   181c8:	2af72a23          	sw	a5,692(a4) # 1f478 <softfloat_roundingMode>
   181cc:	f89ff06f          	j	18154 <_zisk_float+0x7880>
   181d0:	00007797          	auipc	a5,0x7
   181d4:	2a07a423          	sw	zero,680(a5) # 1f478 <softfloat_roundingMode>
   181d8:	f7dff06f          	j	18154 <_zisk_float+0x7880>
   181dc:	00400793          	li	a5,4
   181e0:	00007717          	auipc	a4,0x7
   181e4:	28f72c23          	sw	a5,664(a4) # 1f478 <softfloat_roundingMode>
   181e8:	f6dff06f          	j	18154 <_zisk_float+0x7880>
   181ec:	00042503          	lw	a0,0(s0) # 200000 <_float_lib_entry+0x100000>
   181f0:	00442583          	lw	a1,4(s0)
   181f4:	0004a703          	lw	a4,0(s1)
   181f8:	0044a783          	lw	a5,4(s1)
   181fc:	00070593          	mv	a1,a4
   18200:	7e0020ef          	jal	1a9e0 <f32_lt>
   18204:	00051463          	bnez	a0,1820c <_zisk_float+0x7938>
   18208:	3f00106f          	j	195f8 <_zisk_float+0x8d24>
   1820c:	00042703          	lw	a4,0(s0)
   18210:	00442783          	lw	a5,4(s0)
   18214:	00e92023          	sw	a4,0(s2)
   18218:	00f92223          	sw	a5,4(s2)
   1821c:	00007817          	auipc	a6,0x7
   18220:	25880813          	addi	a6,a6,600 # 1f474 <softfloat_exceptionFlags>
   18224:	f79fd06f          	j	1619c <_zisk_float+0x58c8>
   18228:	004aa583          	lw	a1,4(s5)
   1822c:	00d5f7b3          	and	a5,a1,a3
   18230:	00d78463          	beq	a5,a3,18238 <_zisk_float+0x7964>
   18234:	ef5fc06f          	j	15128 <_zisk_float+0x4854>
   18238:	000aa603          	lw	a2,0(s5)
   1823c:	004aa683          	lw	a3,4(s5)
   18240:	00e6f7b3          	and	a5,a3,a4
   18244:	00c7e7b3          	or	a5,a5,a2
   18248:	00078463          	beqz	a5,18250 <_zisk_float+0x797c>
   1824c:	eddfc06f          	j	15128 <_zisk_float+0x4854>
   18250:	000aa703          	lw	a4,0(s5)
   18254:	004aa783          	lw	a5,4(s5)
   18258:	0007d463          	bgez	a5,18260 <_zisk_float+0x798c>
   1825c:	ecdfc06f          	j	15128 <_zisk_float+0x4854>
   18260:	00000713          	li	a4,0
   18264:	00e9a023          	sw	a4,0(s3)
   18268:	7ff807b7          	lui	a5,0x7ff80
   1826c:	00f9a223          	sw	a5,4(s3)
   18270:	01000513          	li	a0,16
   18274:	359060ef          	jal	1edcc <softfloat_raiseFlags>
   18278:	00007697          	auipc	a3,0x7
   1827c:	1fc6a683          	lw	a3,508(a3) # 1f474 <softfloat_exceptionFlags>
   18280:	09812403          	lw	s0,152(sp)
   18284:	09412483          	lw	s1,148(sp)
   18288:	09012903          	lw	s2,144(sp)
   1828c:	08c12983          	lw	s3,140(sp)
   18290:	08812a03          	lw	s4,136(sp)
   18294:	08412a83          	lw	s5,132(sp)
   18298:	01f6f313          	andi	t1,a3,31
   1829c:	efcf806f          	j	10998 <_zisk_float+0xc4>
   182a0:	00cb5613          	srli	a2,s6,0xc
   182a4:	007b5413          	srli	s0,s6,0x7
   182a8:	00fb5793          	srli	a5,s6,0xf
   182ac:	00767613          	andi	a2,a2,7
   182b0:	00700713          	li	a4,7
   182b4:	01f47413          	andi	s0,s0,31
   182b8:	01f7f793          	andi	a5,a5,31
   182bc:	00e61863          	bne	a2,a4,182cc <_zisk_float+0x79f8>
   182c0:	00007617          	auipc	a2,0x7
   182c4:	1b862603          	lw	a2,440(a2) # 1f478 <softfloat_roundingMode>
   182c8:	00767613          	andi	a2,a2,7
   182cc:	00379793          	slli	a5,a5,0x3
   182d0:	00200737          	lui	a4,0x200
   182d4:	00e784b3          	add	s1,a5,a4
   182d8:	0004a503          	lw	a0,0(s1)
   182dc:	0044a583          	lw	a1,4(s1)
   182e0:	00100693          	li	a3,1
   182e4:	161030ef          	jal	1bc44 <f64_to_i64>
   182e8:	02a12023          	sw	a0,32(sp)
   182ec:	02b12223          	sw	a1,36(sp)
   182f0:	00200737          	lui	a4,0x200
   182f4:	02012583          	lw	a1,32(sp)
   182f8:	00007697          	auipc	a3,0x7
   182fc:	17c6a683          	lw	a3,380(a3) # 1f474 <softfloat_exceptionFlags>
   18300:	11870713          	addi	a4,a4,280 # 200118 <_float_lib_entry+0x100118>
   18304:	02412603          	lw	a2,36(sp)
   18308:	00341793          	slli	a5,s0,0x3
   1830c:	00e787b3          	add	a5,a5,a4
   18310:	00b7a023          	sw	a1,0(a5) # 7ff80000 <_float_lib_entry+0x7fe80000>
   18314:	00c7a223          	sw	a2,4(a5)
   18318:	0106f713          	andi	a4,a3,16
   1831c:	04070063          	beqz	a4,1835c <_zisk_float+0x7a88>
   18320:	0004a503          	lw	a0,0(s1)
   18324:	0044a583          	lw	a1,4(s1)
   18328:	7ff00737          	lui	a4,0x7ff00
   1832c:	00e5f633          	and	a2,a1,a4
   18330:	00e61463          	bne	a2,a4,18338 <_zisk_float+0x7a64>
   18334:	3ad0106f          	j	19ee0 <_zisk_float+0x960c>
   18338:	0004a503          	lw	a0,0(s1)
   1833c:	0044a583          	lw	a1,4(s1)
   18340:	0005d463          	bgez	a1,18348 <_zisk_float+0x7a74>
   18344:	3890106f          	j	19ecc <_zisk_float+0x95f8>
   18348:	fff00513          	li	a0,-1
   1834c:	800005b7          	lui	a1,0x80000
   18350:	fff58593          	addi	a1,a1,-1 # 7fffffff <_float_lib_entry+0x7fefffff>
   18354:	00a7a023          	sw	a0,0(a5)
   18358:	00b7a223          	sw	a1,4(a5)
   1835c:	09812403          	lw	s0,152(sp)
   18360:	09412483          	lw	s1,148(sp)
   18364:	09012903          	lw	s2,144(sp)
   18368:	01f6f313          	andi	t1,a3,31
   1836c:	e2cf806f          	j	10998 <_zisk_float+0xc4>
   18370:	00cb5413          	srli	s0,s6,0xc
   18374:	00747413          	andi	s0,s0,7
   18378:	00fb5793          	srli	a5,s6,0xf
   1837c:	00040513          	mv	a0,s0
   18380:	00400613          	li	a2,4
   18384:	00000693          	li	a3,0
   18388:	00000593          	li	a1,0
   1838c:	01f7f493          	andi	s1,a5,31
   18390:	2d4020ef          	jal	1a664 <__ucmpdi2>
   18394:	007b5913          	srli	s2,s6,0x7
   18398:	00100793          	li	a5,1
   1839c:	01f97913          	andi	s2,s2,31
   183a0:	02a7e663          	bltu	a5,a0,183cc <_zisk_float+0x7af8>
   183a4:	00007717          	auipc	a4,0x7
   183a8:	ee870713          	addi	a4,a4,-280 # 1f28c <softfloat_addM+0x4a8>
   183ac:	00241793          	slli	a5,s0,0x2
   183b0:	00e787b3          	add	a5,a5,a4
   183b4:	0007a783          	lw	a5,0(a5)
   183b8:	00e787b3          	add	a5,a5,a4
   183bc:	00078067          	jr	a5
   183c0:	00300793          	li	a5,3
   183c4:	00007717          	auipc	a4,0x7
   183c8:	0af72a23          	sw	a5,180(a4) # 1f478 <softfloat_roundingMode>
   183cc:	00200737          	lui	a4,0x200
   183d0:	00349793          	slli	a5,s1,0x3
   183d4:	11870713          	addi	a4,a4,280 # 200118 <_float_lib_entry+0x100118>
   183d8:	00e787b3          	add	a5,a5,a4
   183dc:	0007a503          	lw	a0,0(a5)
   183e0:	0047a583          	lw	a1,4(a5)
   183e4:	00200437          	lui	s0,0x200
   183e8:	4c1030ef          	jal	1c0a8 <i64_to_f64>
   183ec:	02a12c23          	sw	a0,56(sp)
   183f0:	02b12e23          	sw	a1,60(sp)
   183f4:	03812583          	lw	a1,56(sp)
   183f8:	00007697          	auipc	a3,0x7
   183fc:	07c6a683          	lw	a3,124(a3) # 1f474 <softfloat_exceptionFlags>
   18400:	00391793          	slli	a5,s2,0x3
   18404:	03c12603          	lw	a2,60(sp)
   18408:	008787b3          	add	a5,a5,s0
   1840c:	00b7a023          	sw	a1,0(a5)
   18410:	09812403          	lw	s0,152(sp)
   18414:	09412483          	lw	s1,148(sp)
   18418:	09012903          	lw	s2,144(sp)
   1841c:	00c7a223          	sw	a2,4(a5)
   18420:	01f6f313          	andi	t1,a3,31
   18424:	d74f806f          	j	10998 <_zisk_float+0xc4>
   18428:	00200793          	li	a5,2
   1842c:	00007717          	auipc	a4,0x7
   18430:	04f72623          	sw	a5,76(a4) # 1f478 <softfloat_roundingMode>
   18434:	f99ff06f          	j	183cc <_zisk_float+0x7af8>
   18438:	00100793          	li	a5,1
   1843c:	00007717          	auipc	a4,0x7
   18440:	02f72e23          	sw	a5,60(a4) # 1f478 <softfloat_roundingMode>
   18444:	f89ff06f          	j	183cc <_zisk_float+0x7af8>
   18448:	00007797          	auipc	a5,0x7
   1844c:	0207a823          	sw	zero,48(a5) # 1f478 <softfloat_roundingMode>
   18450:	f7dff06f          	j	183cc <_zisk_float+0x7af8>
   18454:	00400793          	li	a5,4
   18458:	00007717          	auipc	a4,0x7
   1845c:	02f72023          	sw	a5,32(a4) # 1f478 <softfloat_roundingMode>
   18460:	f6dff06f          	j	183cc <_zisk_float+0x7af8>
   18464:	00cb5413          	srli	s0,s6,0xc
   18468:	00747413          	andi	s0,s0,7
   1846c:	00fb5793          	srli	a5,s6,0xf
   18470:	00040513          	mv	a0,s0
   18474:	00400613          	li	a2,4
   18478:	00000693          	li	a3,0
   1847c:	00000593          	li	a1,0
   18480:	01f7f493          	andi	s1,a5,31
   18484:	1e0020ef          	jal	1a664 <__ucmpdi2>
   18488:	007b5913          	srli	s2,s6,0x7
   1848c:	00100793          	li	a5,1
   18490:	01f97913          	andi	s2,s2,31
   18494:	02a7e663          	bltu	a5,a0,184c0 <_zisk_float+0x7bec>
   18498:	00007717          	auipc	a4,0x7
   1849c:	e0870713          	addi	a4,a4,-504 # 1f2a0 <softfloat_addM+0x4bc>
   184a0:	00241793          	slli	a5,s0,0x2
   184a4:	00e787b3          	add	a5,a5,a4
   184a8:	0007a783          	lw	a5,0(a5)
   184ac:	00e787b3          	add	a5,a5,a4
   184b0:	00078067          	jr	a5
   184b4:	00300793          	li	a5,3
   184b8:	00007717          	auipc	a4,0x7
   184bc:	fcf72023          	sw	a5,-64(a4) # 1f478 <softfloat_roundingMode>
   184c0:	00200737          	lui	a4,0x200
   184c4:	11870713          	addi	a4,a4,280 # 200118 <_float_lib_entry+0x100118>
   184c8:	00349793          	slli	a5,s1,0x3
   184cc:	00e787b3          	add	a5,a5,a4
   184d0:	0007a503          	lw	a0,0(a5)
   184d4:	0047a583          	lw	a1,4(a5)
   184d8:	00200437          	lui	s0,0x200
   184dc:	1f9030ef          	jal	1bed4 <i32_to_f32>
   184e0:	00007717          	auipc	a4,0x7
   184e4:	f9472703          	lw	a4,-108(a4) # 1f474 <softfloat_exceptionFlags>
   184e8:	00391793          	slli	a5,s2,0x3
   184ec:	008787b3          	add	a5,a5,s0
   184f0:	00000693          	li	a3,0
   184f4:	00a7a023          	sw	a0,0(a5)
   184f8:	09812403          	lw	s0,152(sp)
   184fc:	09412483          	lw	s1,148(sp)
   18500:	09012903          	lw	s2,144(sp)
   18504:	00d7a223          	sw	a3,4(a5)
   18508:	01f77313          	andi	t1,a4,31
   1850c:	c8cf806f          	j	10998 <_zisk_float+0xc4>
   18510:	00200793          	li	a5,2
   18514:	00007717          	auipc	a4,0x7
   18518:	f6f72223          	sw	a5,-156(a4) # 1f478 <softfloat_roundingMode>
   1851c:	fa5ff06f          	j	184c0 <_zisk_float+0x7bec>
   18520:	00100793          	li	a5,1
   18524:	00007717          	auipc	a4,0x7
   18528:	f4f72a23          	sw	a5,-172(a4) # 1f478 <softfloat_roundingMode>
   1852c:	f95ff06f          	j	184c0 <_zisk_float+0x7bec>
   18530:	00007797          	auipc	a5,0x7
   18534:	f407a423          	sw	zero,-184(a5) # 1f478 <softfloat_roundingMode>
   18538:	f89ff06f          	j	184c0 <_zisk_float+0x7bec>
   1853c:	00400793          	li	a5,4
   18540:	00007717          	auipc	a4,0x7
   18544:	f2f72c23          	sw	a5,-200(a4) # 1f478 <softfloat_roundingMode>
   18548:	f79ff06f          	j	184c0 <_zisk_float+0x7bec>
   1854c:	000a2703          	lw	a4,0(s4)
   18550:	7f8006b7          	lui	a3,0x7f800
   18554:	004a2783          	lw	a5,4(s4)
   18558:	00d77733          	and	a4,a4,a3
   1855c:	00d70463          	beq	a4,a3,18564 <_zisk_float+0x7c90>
   18560:	f29f806f          	j	11488 <_zisk_float+0xbb4>
   18564:	000a2703          	lw	a4,0(s4)
   18568:	004a2783          	lw	a5,4(s4)
   1856c:	00971713          	slli	a4,a4,0x9
   18570:	00070463          	beqz	a4,18578 <_zisk_float+0x7ca4>
   18574:	f15f806f          	j	11488 <_zisk_float+0xbb4>
   18578:	000a2703          	lw	a4,0(s4)
   1857c:	004a2783          	lw	a5,4(s4)
   18580:	00078463          	beqz	a5,18588 <_zisk_float+0x7cb4>
   18584:	f05f806f          	j	11488 <_zisk_float+0xbb4>
   18588:	00075463          	bgez	a4,18590 <_zisk_float+0x7cbc>
   1858c:	efdf806f          	j	11488 <_zisk_float+0xbb4>
   18590:	7fc00737          	lui	a4,0x7fc00
   18594:	00e9a023          	sw	a4,0(s3)
   18598:	00000793          	li	a5,0
   1859c:	00f9a223          	sw	a5,4(s3)
   185a0:	01000513          	li	a0,16
   185a4:	029060ef          	jal	1edcc <softfloat_raiseFlags>
   185a8:	00007697          	auipc	a3,0x7
   185ac:	ecc6a683          	lw	a3,-308(a3) # 1f474 <softfloat_exceptionFlags>
   185b0:	09812403          	lw	s0,152(sp)
   185b4:	09412483          	lw	s1,148(sp)
   185b8:	09012903          	lw	s2,144(sp)
   185bc:	08c12983          	lw	s3,140(sp)
   185c0:	08812a03          	lw	s4,136(sp)
   185c4:	01f6f313          	andi	t1,a3,31
   185c8:	bd0f806f          	j	10998 <_zisk_float+0xc4>
   185cc:	000a2703          	lw	a4,0(s4)
   185d0:	7f8006b7          	lui	a3,0x7f800
   185d4:	004a2783          	lw	a5,4(s4)
   185d8:	00d77733          	and	a4,a4,a3
   185dc:	00d70463          	beq	a4,a3,185e4 <_zisk_float+0x7d10>
   185e0:	fbcfc06f          	j	14d9c <_zisk_float+0x44c8>
   185e4:	000a2703          	lw	a4,0(s4)
   185e8:	004a2783          	lw	a5,4(s4)
   185ec:	00971713          	slli	a4,a4,0x9
   185f0:	00070463          	beqz	a4,185f8 <_zisk_float+0x7d24>
   185f4:	fa8fc06f          	j	14d9c <_zisk_float+0x44c8>
   185f8:	000a2703          	lw	a4,0(s4)
   185fc:	004a2783          	lw	a5,4(s4)
   18600:	00079663          	bnez	a5,1860c <_zisk_float+0x7d38>
   18604:	00074463          	bltz	a4,1860c <_zisk_float+0x7d38>
   18608:	f94fc06f          	j	14d9c <_zisk_float+0x44c8>
   1860c:	7fc00737          	lui	a4,0x7fc00
   18610:	00e9a023          	sw	a4,0(s3)
   18614:	00000793          	li	a5,0
   18618:	00f9a223          	sw	a5,4(s3)
   1861c:	01000513          	li	a0,16
   18620:	7ac060ef          	jal	1edcc <softfloat_raiseFlags>
   18624:	00007697          	auipc	a3,0x7
   18628:	e506a683          	lw	a3,-432(a3) # 1f474 <softfloat_exceptionFlags>
   1862c:	09812403          	lw	s0,152(sp)
   18630:	09412483          	lw	s1,148(sp)
   18634:	09012903          	lw	s2,144(sp)
   18638:	08c12983          	lw	s3,140(sp)
   1863c:	08812a03          	lw	s4,136(sp)
   18640:	01f6f313          	andi	t1,a3,31
   18644:	b54f806f          	j	10998 <_zisk_float+0xc4>
   18648:	000a2603          	lw	a2,0(s4)
   1864c:	004a2683          	lw	a3,4(s4)
   18650:	00c69713          	slli	a4,a3,0xc
   18654:	00c75713          	srli	a4,a4,0xc
   18658:	00c76733          	or	a4,a4,a2
   1865c:	00070463          	beqz	a4,18664 <_zisk_float+0x7d90>
   18660:	c88fd06f          	j	15ae8 <_zisk_float+0x5214>
   18664:	000a2603          	lw	a2,0(s4)
   18668:	004a2683          	lw	a3,4(s4)
   1866c:	0006c463          	bltz	a3,18674 <_zisk_float+0x7da0>
   18670:	c78fd06f          	j	15ae8 <_zisk_float+0x5214>
   18674:	00000613          	li	a2,0
   18678:	7ff806b7          	lui	a3,0x7ff80
   1867c:	00c7a023          	sw	a2,0(a5)
   18680:	00d7a223          	sw	a3,4(a5)
   18684:	01000513          	li	a0,16
   18688:	744060ef          	jal	1edcc <softfloat_raiseFlags>
   1868c:	00007697          	auipc	a3,0x7
   18690:	de86a683          	lw	a3,-536(a3) # 1f474 <softfloat_exceptionFlags>
   18694:	09812403          	lw	s0,152(sp)
   18698:	09412483          	lw	s1,148(sp)
   1869c:	09012903          	lw	s2,144(sp)
   186a0:	08812a03          	lw	s4,136(sp)
   186a4:	08412a83          	lw	s5,132(sp)
   186a8:	01f6f313          	andi	t1,a3,31
   186ac:	aecf806f          	j	10998 <_zisk_float+0xc4>
   186b0:	0009a603          	lw	a2,0(s3)
   186b4:	0049a683          	lw	a3,4(s3)
   186b8:	00c69713          	slli	a4,a3,0xc
   186bc:	00c75713          	srli	a4,a4,0xc
   186c0:	00c76733          	or	a4,a4,a2
   186c4:	00070463          	beqz	a4,186cc <_zisk_float+0x7df8>
   186c8:	af8fa06f          	j	129c0 <_zisk_float+0x20ec>
   186cc:	0009a603          	lw	a2,0(s3)
   186d0:	0049a683          	lw	a3,4(s3)
   186d4:	800005b7          	lui	a1,0x80000
   186d8:	00c92023          	sw	a2,0(s2)
   186dc:	00b6c7b3          	xor	a5,a3,a1
   186e0:	00f92223          	sw	a5,4(s2)
   186e4:	e48ff06f          	j	17d2c <_zisk_float+0x7458>
   186e8:	004aa583          	lw	a1,4(s5)
   186ec:	00d5f7b3          	and	a5,a1,a3
   186f0:	00d78463          	beq	a5,a3,186f8 <_zisk_float+0x7e24>
   186f4:	a35fc06f          	j	15128 <_zisk_float+0x4854>
   186f8:	000aa603          	lw	a2,0(s5)
   186fc:	004aa683          	lw	a3,4(s5)
   18700:	00e6f7b3          	and	a5,a3,a4
   18704:	00c7e7b3          	or	a5,a5,a2
   18708:	00078463          	beqz	a5,18710 <_zisk_float+0x7e3c>
   1870c:	a1dfc06f          	j	15128 <_zisk_float+0x4854>
   18710:	000aa703          	lw	a4,0(s5)
   18714:	004aa783          	lw	a5,4(s5)
   18718:	0007d463          	bgez	a5,18720 <_zisk_float+0x7e4c>
   1871c:	a0dfc06f          	j	15128 <_zisk_float+0x4854>
   18720:	00000713          	li	a4,0
   18724:	00e9a023          	sw	a4,0(s3)
   18728:	7ff807b7          	lui	a5,0x7ff80
   1872c:	00f9a223          	sw	a5,4(s3)
   18730:	01000513          	li	a0,16
   18734:	698060ef          	jal	1edcc <softfloat_raiseFlags>
   18738:	00007697          	auipc	a3,0x7
   1873c:	d3c6a683          	lw	a3,-708(a3) # 1f474 <softfloat_exceptionFlags>
   18740:	09812403          	lw	s0,152(sp)
   18744:	09412483          	lw	s1,148(sp)
   18748:	09012903          	lw	s2,144(sp)
   1874c:	08c12983          	lw	s3,140(sp)
   18750:	08812a03          	lw	s4,136(sp)
   18754:	08412a83          	lw	s5,132(sp)
   18758:	01f6f313          	andi	t1,a3,31
   1875c:	a3cf806f          	j	10998 <_zisk_float+0xc4>
   18760:	00042783          	lw	a5,0(s0) # 200000 <_float_lib_entry+0x100000>
   18764:	00442803          	lw	a6,4(s0)
   18768:	00c81693          	slli	a3,a6,0xc
   1876c:	00c6d693          	srli	a3,a3,0xc
   18770:	00f6e6b3          	or	a3,a3,a5
   18774:	00068463          	beqz	a3,1877c <_zisk_float+0x7ea8>
   18778:	b61f906f          	j	122d8 <_zisk_float+0x1a04>
   1877c:	00042603          	lw	a2,0(s0)
   18780:	00442683          	lw	a3,4(s0)
   18784:	0006d463          	bgez	a3,1878c <_zisk_float+0x7eb8>
   18788:	b51f906f          	j	122d8 <_zisk_float+0x1a04>
   1878c:	00000713          	li	a4,0
   18790:	7ff007b7          	lui	a5,0x7ff00
   18794:	00e4a023          	sw	a4,0(s1)
   18798:	00f4a223          	sw	a5,4(s1)
   1879c:	09812403          	lw	s0,152(sp)
   187a0:	09412483          	lw	s1,148(sp)
   187a4:	09012903          	lw	s2,144(sp)
   187a8:	00000313          	li	t1,0
   187ac:	9ecf806f          	j	10998 <_zisk_float+0xc4>
   187b0:	000a2703          	lw	a4,0(s4)
   187b4:	7f8006b7          	lui	a3,0x7f800
   187b8:	004a2783          	lw	a5,4(s4)
   187bc:	00d77733          	and	a4,a4,a3
   187c0:	00d70463          	beq	a4,a3,187c8 <_zisk_float+0x7ef4>
   187c4:	cc5f806f          	j	11488 <_zisk_float+0xbb4>
   187c8:	000a2703          	lw	a4,0(s4)
   187cc:	004a2783          	lw	a5,4(s4)
   187d0:	00971713          	slli	a4,a4,0x9
   187d4:	00070463          	beqz	a4,187dc <_zisk_float+0x7f08>
   187d8:	cb1f806f          	j	11488 <_zisk_float+0xbb4>
   187dc:	000a2703          	lw	a4,0(s4)
   187e0:	004a2783          	lw	a5,4(s4)
   187e4:	00078463          	beqz	a5,187ec <_zisk_float+0x7f18>
   187e8:	ca1f806f          	j	11488 <_zisk_float+0xbb4>
   187ec:	00075463          	bgez	a4,187f4 <_zisk_float+0x7f20>
   187f0:	c99f806f          	j	11488 <_zisk_float+0xbb4>
   187f4:	7fc00737          	lui	a4,0x7fc00
   187f8:	00e9a023          	sw	a4,0(s3)
   187fc:	00000793          	li	a5,0
   18800:	00f9a223          	sw	a5,4(s3)
   18804:	01000513          	li	a0,16
   18808:	5c4060ef          	jal	1edcc <softfloat_raiseFlags>
   1880c:	00007697          	auipc	a3,0x7
   18810:	c686a683          	lw	a3,-920(a3) # 1f474 <softfloat_exceptionFlags>
   18814:	09812403          	lw	s0,152(sp)
   18818:	09412483          	lw	s1,148(sp)
   1881c:	09012903          	lw	s2,144(sp)
   18820:	08c12983          	lw	s3,140(sp)
   18824:	08812a03          	lw	s4,136(sp)
   18828:	01f6f313          	andi	t1,a3,31
   1882c:	96cf806f          	j	10998 <_zisk_float+0xc4>
   18830:	00092683          	lw	a3,0(s2)
   18834:	00492703          	lw	a4,4(s2)
   18838:	00c71793          	slli	a5,a4,0xc
   1883c:	00c7d793          	srli	a5,a5,0xc
   18840:	00d7e7b3          	or	a5,a5,a3
   18844:	00078463          	beqz	a5,1884c <_zisk_float+0x7f78>
   18848:	a7cfd06f          	j	15ac4 <_zisk_float+0x51f0>
   1884c:	00092703          	lw	a4,0(s2)
   18850:	00492783          	lw	a5,4(s2)
   18854:	0007c463          	bltz	a5,1885c <_zisk_float+0x7f88>
   18858:	a6cfd06f          	j	15ac4 <_zisk_float+0x51f0>
   1885c:	00000713          	li	a4,0
   18860:	00e9a023          	sw	a4,0(s3)
   18864:	7ff807b7          	lui	a5,0x7ff80
   18868:	00f9a223          	sw	a5,4(s3)
   1886c:	01000513          	li	a0,16
   18870:	55c060ef          	jal	1edcc <softfloat_raiseFlags>
   18874:	00007697          	auipc	a3,0x7
   18878:	c006a683          	lw	a3,-1024(a3) # 1f474 <softfloat_exceptionFlags>
   1887c:	09812403          	lw	s0,152(sp)
   18880:	09412483          	lw	s1,148(sp)
   18884:	09012903          	lw	s2,144(sp)
   18888:	08c12983          	lw	s3,140(sp)
   1888c:	01f6f313          	andi	t1,a3,31
   18890:	908f806f          	j	10998 <_zisk_float+0xc4>
   18894:	00042603          	lw	a2,0(s0)
   18898:	00400737          	lui	a4,0x400
   1889c:	00442683          	lw	a3,4(s0)
   188a0:	00e67633          	and	a2,a2,a4
   188a4:	00061463          	bnez	a2,188ac <_zisk_float+0x7fd8>
   188a8:	b39f906f          	j	123e0 <_zisk_float+0x1b0c>
   188ac:	7fc00737          	lui	a4,0x7fc00
   188b0:	00000793          	li	a5,0
   188b4:	00e4a023          	sw	a4,0(s1)
   188b8:	00f4a223          	sw	a5,4(s1)
   188bc:	b8df906f          	j	12448 <_zisk_float+0x1b74>
   188c0:	00042603          	lw	a2,0(s0)
   188c4:	00442683          	lw	a3,4(s0)
   188c8:	00961613          	slli	a2,a2,0x9
   188cc:	00060463          	beqz	a2,188d4 <_zisk_float+0x8000>
   188d0:	af9f906f          	j	123c8 <_zisk_float+0x1af4>
   188d4:	00042603          	lw	a2,0(s0)
   188d8:	00442683          	lw	a3,4(s0)
   188dc:	00068463          	beqz	a3,188e4 <_zisk_float+0x8010>
   188e0:	ae9f906f          	j	123c8 <_zisk_float+0x1af4>
   188e4:	00065463          	bgez	a2,188ec <_zisk_float+0x8018>
   188e8:	ae1f906f          	j	123c8 <_zisk_float+0x1af4>
   188ec:	7f800737          	lui	a4,0x7f800
   188f0:	00000793          	li	a5,0
   188f4:	00e4a023          	sw	a4,0(s1)
   188f8:	00f4a223          	sw	a5,4(s1)
   188fc:	b4df906f          	j	12448 <_zisk_float+0x1b74>
   18900:	00042603          	lw	a2,0(s0)
   18904:	00442683          	lw	a3,4(s0)
   18908:	00c69713          	slli	a4,a3,0xc
   1890c:	00074463          	bltz	a4,18914 <_zisk_float+0x8040>
   18910:	9e1f906f          	j	122f0 <_zisk_float+0x1a1c>
   18914:	00000713          	li	a4,0
   18918:	7ff807b7          	lui	a5,0x7ff80
   1891c:	00e4a023          	sw	a4,0(s1)
   18920:	00f4a223          	sw	a5,4(s1)
   18924:	e79ff06f          	j	1879c <_zisk_float+0x7ec8>
   18928:	004aa583          	lw	a1,4(s5)
   1892c:	00d5f7b3          	and	a5,a1,a3
   18930:	00d78463          	beq	a5,a3,18938 <_zisk_float+0x8064>
   18934:	cd0fc06f          	j	14e04 <_zisk_float+0x4530>
   18938:	000aa603          	lw	a2,0(s5)
   1893c:	004aa683          	lw	a3,4(s5)
   18940:	00e6f7b3          	and	a5,a3,a4
   18944:	00c7e7b3          	or	a5,a5,a2
   18948:	00078463          	beqz	a5,18950 <_zisk_float+0x807c>
   1894c:	cb8fc06f          	j	14e04 <_zisk_float+0x4530>
   18950:	000aa703          	lw	a4,0(s5)
   18954:	004aa783          	lw	a5,4(s5)
   18958:	0007c463          	bltz	a5,18960 <_zisk_float+0x808c>
   1895c:	ca8fc06f          	j	14e04 <_zisk_float+0x4530>
   18960:	00000713          	li	a4,0
   18964:	00e9a023          	sw	a4,0(s3)
   18968:	7ff807b7          	lui	a5,0x7ff80
   1896c:	00f9a223          	sw	a5,4(s3)
   18970:	01000513          	li	a0,16
   18974:	458060ef          	jal	1edcc <softfloat_raiseFlags>
   18978:	00007697          	auipc	a3,0x7
   1897c:	afc6a683          	lw	a3,-1284(a3) # 1f474 <softfloat_exceptionFlags>
   18980:	09812403          	lw	s0,152(sp)
   18984:	09412483          	lw	s1,148(sp)
   18988:	09012903          	lw	s2,144(sp)
   1898c:	08c12983          	lw	s3,140(sp)
   18990:	08812a03          	lw	s4,136(sp)
   18994:	08412a83          	lw	s5,132(sp)
   18998:	01f6f313          	andi	t1,a3,31
   1899c:	ffdf706f          	j	10998 <_zisk_float+0xc4>
   189a0:	00092583          	lw	a1,0(s2)
   189a4:	00492603          	lw	a2,4(s2)
   189a8:	7f8006b7          	lui	a3,0x7f800
   189ac:	00d5f633          	and	a2,a1,a3
   189b0:	4a061ee3          	bnez	a2,1966c <_zisk_float+0x8d98>
   189b4:	09812403          	lw	s0,152(sp)
   189b8:	09412483          	lw	s1,148(sp)
   189bc:	09012903          	lw	s2,144(sp)
   189c0:	08c12983          	lw	s3,140(sp)
   189c4:	01f77313          	andi	t1,a4,31
   189c8:	fd1f706f          	j	10998 <_zisk_float+0xc4>
   189cc:	00042783          	lw	a5,0(s0)
   189d0:	00442803          	lw	a6,4(s0)
   189d4:	00c81693          	slli	a3,a6,0xc
   189d8:	00c6d693          	srli	a3,a3,0xc
   189dc:	00f6e6b3          	or	a3,a3,a5
   189e0:	00069463          	bnez	a3,189e8 <_zisk_float+0x8114>
   189e4:	925f906f          	j	12308 <_zisk_float+0x1a34>
   189e8:	00042603          	lw	a2,0(s0)
   189ec:	00442683          	lw	a3,4(s0)
   189f0:	00c69713          	slli	a4,a3,0xc
   189f4:	00075463          	bgez	a4,189fc <_zisk_float+0x8128>
   189f8:	911f906f          	j	12308 <_zisk_float+0x1a34>
   189fc:	959f906f          	j	12354 <_zisk_float+0x1a80>
   18a00:	00092703          	lw	a4,0(s2)
   18a04:	00492783          	lw	a5,4(s2)
   18a08:	00971713          	slli	a4,a4,0x9
   18a0c:	00070463          	beqz	a4,18a14 <_zisk_float+0x8140>
   18a10:	964fd06f          	j	15b74 <_zisk_float+0x52a0>
   18a14:	00092703          	lw	a4,0(s2)
   18a18:	00492783          	lw	a5,4(s2)
   18a1c:	00079663          	bnez	a5,18a28 <_zisk_float+0x8154>
   18a20:	00074463          	bltz	a4,18a28 <_zisk_float+0x8154>
   18a24:	950fd06f          	j	15b74 <_zisk_float+0x52a0>
   18a28:	7fc00737          	lui	a4,0x7fc00
   18a2c:	00e9a023          	sw	a4,0(s3)
   18a30:	00000793          	li	a5,0
   18a34:	00f9a223          	sw	a5,4(s3)
   18a38:	01000513          	li	a0,16
   18a3c:	390060ef          	jal	1edcc <softfloat_raiseFlags>
   18a40:	00007697          	auipc	a3,0x7
   18a44:	a346a683          	lw	a3,-1484(a3) # 1f474 <softfloat_exceptionFlags>
   18a48:	09812403          	lw	s0,152(sp)
   18a4c:	09412483          	lw	s1,148(sp)
   18a50:	09012903          	lw	s2,144(sp)
   18a54:	08c12983          	lw	s3,140(sp)
   18a58:	01f6f313          	andi	t1,a3,31
   18a5c:	f3df706f          	j	10998 <_zisk_float+0xc4>
   18a60:	00cb5513          	srli	a0,s6,0xc
   18a64:	00757513          	andi	a0,a0,7
   18a68:	00000593          	li	a1,0
   18a6c:	d99f70ef          	jal	10804 <set_rounding_mode>
   18a70:	00042503          	lw	a0,0(s0)
   18a74:	00442583          	lw	a1,4(s0)
   18a78:	635020ef          	jal	1b8ac <f64_sqrt>
   18a7c:	04a12823          	sw	a0,80(sp)
   18a80:	05012783          	lw	a5,80(sp)
   18a84:	04b12a23          	sw	a1,84(sp)
   18a88:	00007697          	auipc	a3,0x7
   18a8c:	9ec6a683          	lw	a3,-1556(a3) # 1f474 <softfloat_exceptionFlags>
   18a90:	05412803          	lw	a6,84(sp)
   18a94:	00f4a023          	sw	a5,0(s1)
   18a98:	09812403          	lw	s0,152(sp)
   18a9c:	0104a223          	sw	a6,4(s1)
   18aa0:	09012903          	lw	s2,144(sp)
   18aa4:	09412483          	lw	s1,148(sp)
   18aa8:	01f6f313          	andi	t1,a3,31
   18aac:	eedf706f          	j	10998 <_zisk_float+0xc4>
   18ab0:	00042603          	lw	a2,0(s0)
   18ab4:	00442683          	lw	a3,4(s0)
   18ab8:	00961613          	slli	a2,a2,0x9
   18abc:	00061463          	bnez	a2,18ac4 <_zisk_float+0x81f0>
   18ac0:	939f906f          	j	123f8 <_zisk_float+0x1b24>
   18ac4:	00042603          	lw	a2,0(s0)
   18ac8:	00400737          	lui	a4,0x400
   18acc:	00442683          	lw	a3,4(s0)
   18ad0:	00e67633          	and	a2,a2,a4
   18ad4:	00060463          	beqz	a2,18adc <_zisk_float+0x8208>
   18ad8:	921f906f          	j	123f8 <_zisk_float+0x1b24>
   18adc:	81cfe06f          	j	16af8 <_zisk_float+0x6224>
   18ae0:	0009a703          	lw	a4,0(s3)
   18ae4:	0049a783          	lw	a5,4(s3)
   18ae8:	00971713          	slli	a4,a4,0x9
   18aec:	00070463          	beqz	a4,18af4 <_zisk_float+0x8220>
   18af0:	858fd06f          	j	15b48 <_zisk_float+0x5274>
   18af4:	0009a703          	lw	a4,0(s3)
   18af8:	0049a783          	lw	a5,4(s3)
   18afc:	00079663          	bnez	a5,18b08 <_zisk_float+0x8234>
   18b00:	00074463          	bltz	a4,18b08 <_zisk_float+0x8234>
   18b04:	844fd06f          	j	15b48 <_zisk_float+0x5274>
   18b08:	7fc00737          	lui	a4,0x7fc00
   18b0c:	00e4a023          	sw	a4,0(s1)
   18b10:	00000793          	li	a5,0
   18b14:	00f4a223          	sw	a5,4(s1)
   18b18:	01000513          	li	a0,16
   18b1c:	2b0060ef          	jal	1edcc <softfloat_raiseFlags>
   18b20:	00007697          	auipc	a3,0x7
   18b24:	9546a683          	lw	a3,-1708(a3) # 1f474 <softfloat_exceptionFlags>
   18b28:	09812403          	lw	s0,152(sp)
   18b2c:	09412483          	lw	s1,148(sp)
   18b30:	09012903          	lw	s2,144(sp)
   18b34:	08c12983          	lw	s3,140(sp)
   18b38:	01f6f313          	andi	t1,a3,31
   18b3c:	e5df706f          	j	10998 <_zisk_float+0xc4>
   18b40:	0009a703          	lw	a4,0(s3)
   18b44:	0049a783          	lw	a5,4(s3)
   18b48:	00971713          	slli	a4,a4,0x9
   18b4c:	00070463          	beqz	a4,18b54 <_zisk_float+0x8280>
   18b50:	850fd06f          	j	15ba0 <_zisk_float+0x52cc>
   18b54:	0009a703          	lw	a4,0(s3)
   18b58:	0049a783          	lw	a5,4(s3)
   18b5c:	00078463          	beqz	a5,18b64 <_zisk_float+0x8290>
   18b60:	840fd06f          	j	15ba0 <_zisk_float+0x52cc>
   18b64:	00075463          	bgez	a4,18b6c <_zisk_float+0x8298>
   18b68:	838fd06f          	j	15ba0 <_zisk_float+0x52cc>
   18b6c:	7fc00737          	lui	a4,0x7fc00
   18b70:	00e4a023          	sw	a4,0(s1)
   18b74:	00000793          	li	a5,0
   18b78:	00f4a223          	sw	a5,4(s1)
   18b7c:	01000513          	li	a0,16
   18b80:	24c060ef          	jal	1edcc <softfloat_raiseFlags>
   18b84:	00007697          	auipc	a3,0x7
   18b88:	8f06a683          	lw	a3,-1808(a3) # 1f474 <softfloat_exceptionFlags>
   18b8c:	09812403          	lw	s0,152(sp)
   18b90:	09412483          	lw	s1,148(sp)
   18b94:	09012903          	lw	s2,144(sp)
   18b98:	08c12983          	lw	s3,140(sp)
   18b9c:	01f6f313          	andi	t1,a3,31
   18ba0:	df9f706f          	j	10998 <_zisk_float+0xc4>
   18ba4:	00072803          	lw	a6,0(a4) # 7fc00000 <_float_lib_entry+0x7fb00000>
   18ba8:	00000593          	li	a1,0
   18bac:	00472883          	lw	a7,4(a4)
   18bb0:	00d87533          	and	a0,a6,a3
   18bb4:	c39fc06f          	j	157ec <_zisk_float+0x4f18>
   18bb8:	800005b7          	lui	a1,0x80000
   18bbc:	00085463          	bgez	a6,18bc4 <_zisk_float+0x82f0>
   18bc0:	ef0fe06f          	j	172b0 <_zisk_float+0x69dc>
   18bc4:	00072803          	lw	a6,0(a4)
   18bc8:	fff00693          	li	a3,-1
   18bcc:	00472883          	lw	a7,4(a4)
   18bd0:	00b86633          	or	a2,a6,a1
   18bd4:	cf4f906f          	j	120c8 <_zisk_float+0x17f4>
   18bd8:	0004a603          	lw	a2,0(s1)
   18bdc:	0044a683          	lw	a3,4(s1)
   18be0:	00961613          	slli	a2,a2,0x9
   18be4:	00061463          	bnez	a2,18bec <_zisk_float+0x8318>
   18be8:	b64fd06f          	j	15f4c <_zisk_float+0x5678>
   18bec:	0004a603          	lw	a2,0(s1)
   18bf0:	004007b7          	lui	a5,0x400
   18bf4:	0044a683          	lw	a3,4(s1)
   18bf8:	00f67633          	and	a2,a2,a5
   18bfc:	00060463          	beqz	a2,18c04 <_zisk_float+0x8330>
   18c00:	b4cfd06f          	j	15f4c <_zisk_float+0x5678>
   18c04:	01000513          	li	a0,16
   18c08:	1c4060ef          	jal	1edcc <softfloat_raiseFlags>
   18c0c:	00007697          	auipc	a3,0x7
   18c10:	8686a683          	lw	a3,-1944(a3) # 1f474 <softfloat_exceptionFlags>
   18c14:	01f6f313          	andi	t1,a3,31
   18c18:	b5cfd06f          	j	15f74 <_zisk_float+0x56a0>
   18c1c:	00042783          	lw	a5,0(s0)
   18c20:	008006b7          	lui	a3,0x800
   18c24:	fff68693          	addi	a3,a3,-1 # 7fffff <_float_lib_entry+0x6fffff>
   18c28:	00442803          	lw	a6,4(s0)
   18c2c:	00d7f633          	and	a2,a5,a3
   18c30:	00061463          	bnez	a2,18c38 <_zisk_float+0x8364>
   18c34:	bedfd06f          	j	16820 <_zisk_float+0x5f4c>
   18c38:	00042503          	lw	a0,0(s0)
   18c3c:	00442583          	lw	a1,4(s0)
   18c40:	00007817          	auipc	a6,0x7
   18c44:	83480813          	addi	a6,a6,-1996 # 1f474 <softfloat_exceptionFlags>
   18c48:	00e57533          	and	a0,a0,a4
   18c4c:	00e51463          	bne	a0,a4,18c54 <_zisk_float+0x8380>
   18c50:	5800106f          	j	1a1d0 <_zisk_float+0x98fc>
   18c54:	0004a603          	lw	a2,0(s1)
   18c58:	0044a683          	lw	a3,4(s1)
   18c5c:	00c92023          	sw	a2,0(s2)
   18c60:	00d92223          	sw	a3,4(s2)
   18c64:	a29fa06f          	j	1368c <_zisk_float+0x2db8>
   18c68:	00042503          	lw	a0,0(s0)
   18c6c:	00800637          	lui	a2,0x800
   18c70:	fff60613          	addi	a2,a2,-1 # 7fffff <_float_lib_entry+0x6fffff>
   18c74:	00442583          	lw	a1,4(s0)
   18c78:	00c57533          	and	a0,a0,a2
   18c7c:	00051463          	bnez	a0,18c84 <_zisk_float+0x83b0>
   18c80:	b89fd06f          	j	16808 <_zisk_float+0x5f34>
   18c84:	0004a503          	lw	a0,0(s1)
   18c88:	0044a583          	lw	a1,4(s1)
   18c8c:	00e57533          	and	a0,a0,a4
   18c90:	00e50463          	beq	a0,a4,18c98 <_zisk_float+0x83c4>
   18c94:	b75fd06f          	j	16808 <_zisk_float+0x5f34>
   18c98:	0004a703          	lw	a4,0(s1)
   18c9c:	0044a783          	lw	a5,4(s1)
   18ca0:	00c77733          	and	a4,a4,a2
   18ca4:	00071463          	bnez	a4,18cac <_zisk_float+0x83d8>
   18ca8:	b61fd06f          	j	16808 <_zisk_float+0x5f34>
   18cac:	00042703          	lw	a4,0(s0)
   18cb0:	00442783          	lw	a5,4(s0)
   18cb4:	00a77733          	and	a4,a4,a0
   18cb8:	00a71463          	bne	a4,a0,18cc0 <_zisk_float+0x83ec>
   18cbc:	07d0106f          	j	1a538 <_zisk_float+0x9c64>
   18cc0:	0004a703          	lw	a4,0(s1)
   18cc4:	7f8006b7          	lui	a3,0x7f800
   18cc8:	0044a783          	lw	a5,4(s1)
   18ccc:	00d77733          	and	a4,a4,a3
   18cd0:	00006817          	auipc	a6,0x6
   18cd4:	7a480813          	addi	a6,a6,1956 # 1f474 <softfloat_exceptionFlags>
   18cd8:	00d71463          	bne	a4,a3,18ce0 <_zisk_float+0x840c>
   18cdc:	01d0106f          	j	1a4f8 <_zisk_float+0x9c24>
   18ce0:	7fc00637          	lui	a2,0x7fc00
   18ce4:	00000693          	li	a3,0
   18ce8:	00c92023          	sw	a2,0(s2)
   18cec:	00d92223          	sw	a3,4(s2)
   18cf0:	99dfa06f          	j	1368c <_zisk_float+0x2db8>
   18cf4:	004aa583          	lw	a1,4(s5)
   18cf8:	00d5f7b3          	and	a5,a1,a3
   18cfc:	00d78463          	beq	a5,a3,18d04 <_zisk_float+0x8430>
   18d00:	904fc06f          	j	14e04 <_zisk_float+0x4530>
   18d04:	000aa603          	lw	a2,0(s5)
   18d08:	004aa683          	lw	a3,4(s5)
   18d0c:	00e6f7b3          	and	a5,a3,a4
   18d10:	00c7e7b3          	or	a5,a5,a2
   18d14:	00078463          	beqz	a5,18d1c <_zisk_float+0x8448>
   18d18:	8ecfc06f          	j	14e04 <_zisk_float+0x4530>
   18d1c:	000aa703          	lw	a4,0(s5)
   18d20:	004aa783          	lw	a5,4(s5)
   18d24:	0007c463          	bltz	a5,18d2c <_zisk_float+0x8458>
   18d28:	8dcfc06f          	j	14e04 <_zisk_float+0x4530>
   18d2c:	00000713          	li	a4,0
   18d30:	00e9a023          	sw	a4,0(s3)
   18d34:	7ff807b7          	lui	a5,0x7ff80
   18d38:	00f9a223          	sw	a5,4(s3)
   18d3c:	01000513          	li	a0,16
   18d40:	08c060ef          	jal	1edcc <softfloat_raiseFlags>
   18d44:	00006697          	auipc	a3,0x6
   18d48:	7306a683          	lw	a3,1840(a3) # 1f474 <softfloat_exceptionFlags>
   18d4c:	09812403          	lw	s0,152(sp)
   18d50:	09412483          	lw	s1,148(sp)
   18d54:	09012903          	lw	s2,144(sp)
   18d58:	08c12983          	lw	s3,140(sp)
   18d5c:	08812a03          	lw	s4,136(sp)
   18d60:	08412a83          	lw	s5,132(sp)
   18d64:	01f6f313          	andi	t1,a3,31
   18d68:	c31f706f          	j	10998 <_zisk_float+0xc4>
   18d6c:	00042603          	lw	a2,0(s0)
   18d70:	00442683          	lw	a3,4(s0)
   18d74:	00c69793          	slli	a5,a3,0xc
   18d78:	00c7d793          	srli	a5,a5,0xc
   18d7c:	00c7e7b3          	or	a5,a5,a2
   18d80:	00079463          	bnez	a5,18d88 <_zisk_float+0x84b4>
   18d84:	a78fd06f          	j	15ffc <_zisk_float+0x5728>
   18d88:	00042603          	lw	a2,0(s0)
   18d8c:	00442683          	lw	a3,4(s0)
   18d90:	00c69793          	slli	a5,a3,0xc
   18d94:	0007d463          	bgez	a5,18d9c <_zisk_float+0x84c8>
   18d98:	a64fd06f          	j	15ffc <_zisk_float+0x5728>
   18d9c:	01000513          	li	a0,16
   18da0:	02c060ef          	jal	1edcc <softfloat_raiseFlags>
   18da4:	00006697          	auipc	a3,0x6
   18da8:	6d06a683          	lw	a3,1744(a3) # 1f474 <softfloat_exceptionFlags>
   18dac:	01f6f313          	andi	t1,a3,31
   18db0:	a74fd06f          	j	16024 <_zisk_float+0x5750>
   18db4:	00092603          	lw	a2,0(s2)
   18db8:	00492683          	lw	a3,4(s2)
   18dbc:	00c69713          	slli	a4,a3,0xc
   18dc0:	00074463          	bltz	a4,18dc8 <_zisk_float+0x84f4>
   18dc4:	c95fa06f          	j	13a58 <_zisk_float+0x3184>
   18dc8:	7fc00737          	lui	a4,0x7fc00
   18dcc:	00000793          	li	a5,0
   18dd0:	00e4a023          	sw	a4,0(s1)
   18dd4:	00f4a223          	sw	a5,4(s1)
   18dd8:	00006817          	auipc	a6,0x6
   18ddc:	69c80813          	addi	a6,a6,1692 # 1f474 <softfloat_exceptionFlags>
   18de0:	ce1fa06f          	j	13ac0 <_zisk_float+0x31ec>
   18de4:	00042783          	lw	a5,0(s0)
   18de8:	008006b7          	lui	a3,0x800
   18dec:	fff68693          	addi	a3,a3,-1 # 7fffff <_float_lib_entry+0x6fffff>
   18df0:	00442803          	lw	a6,4(s0)
   18df4:	00d7f633          	and	a2,a5,a3
   18df8:	00061463          	bnez	a2,18e00 <_zisk_float+0x852c>
   18dfc:	c50fd06f          	j	1624c <_zisk_float+0x5978>
   18e00:	00042503          	lw	a0,0(s0)
   18e04:	00442583          	lw	a1,4(s0)
   18e08:	00006817          	auipc	a6,0x6
   18e0c:	66c80813          	addi	a6,a6,1644 # 1f474 <softfloat_exceptionFlags>
   18e10:	00e57533          	and	a0,a0,a4
   18e14:	00e51463          	bne	a0,a4,18e1c <_zisk_float+0x8548>
   18e18:	4d00106f          	j	1a2e8 <_zisk_float+0x9a14>
   18e1c:	0004a603          	lw	a2,0(s1)
   18e20:	0044a683          	lw	a3,4(s1)
   18e24:	00c92023          	sw	a2,0(s2)
   18e28:	00d92223          	sw	a3,4(s2)
   18e2c:	b70fd06f          	j	1619c <_zisk_float+0x58c8>
   18e30:	00042503          	lw	a0,0(s0)
   18e34:	00800637          	lui	a2,0x800
   18e38:	fff60613          	addi	a2,a2,-1 # 7fffff <_float_lib_entry+0x6fffff>
   18e3c:	00442583          	lw	a1,4(s0)
   18e40:	00c57533          	and	a0,a0,a2
   18e44:	00051463          	bnez	a0,18e4c <_zisk_float+0x8578>
   18e48:	becfd06f          	j	16234 <_zisk_float+0x5960>
   18e4c:	0004a503          	lw	a0,0(s1)
   18e50:	0044a583          	lw	a1,4(s1)
   18e54:	00e57533          	and	a0,a0,a4
   18e58:	00e50463          	beq	a0,a4,18e60 <_zisk_float+0x858c>
   18e5c:	bd8fd06f          	j	16234 <_zisk_float+0x5960>
   18e60:	0004a703          	lw	a4,0(s1)
   18e64:	0044a783          	lw	a5,4(s1)
   18e68:	00c77733          	and	a4,a4,a2
   18e6c:	00071463          	bnez	a4,18e74 <_zisk_float+0x85a0>
   18e70:	bc4fd06f          	j	16234 <_zisk_float+0x5960>
   18e74:	00042703          	lw	a4,0(s0)
   18e78:	00442783          	lw	a5,4(s0)
   18e7c:	00a77733          	and	a4,a4,a0
   18e80:	00a71463          	bne	a4,a0,18e88 <_zisk_float+0x85b4>
   18e84:	7200106f          	j	1a5a4 <_zisk_float+0x9cd0>
   18e88:	0004a703          	lw	a4,0(s1)
   18e8c:	7f8006b7          	lui	a3,0x7f800
   18e90:	0044a783          	lw	a5,4(s1)
   18e94:	00d77733          	and	a4,a4,a3
   18e98:	00006817          	auipc	a6,0x6
   18e9c:	5dc80813          	addi	a6,a6,1500 # 1f474 <softfloat_exceptionFlags>
   18ea0:	00d71463          	bne	a4,a3,18ea8 <_zisk_float+0x85d4>
   18ea4:	6c00106f          	j	1a564 <_zisk_float+0x9c90>
   18ea8:	7fc00637          	lui	a2,0x7fc00
   18eac:	00000693          	li	a3,0
   18eb0:	00c92023          	sw	a2,0(s2)
   18eb4:	00d92223          	sw	a3,4(s2)
   18eb8:	ae4fd06f          	j	1619c <_zisk_float+0x58c8>
   18ebc:	0004a503          	lw	a0,0(s1)
   18ec0:	0044a583          	lw	a1,4(s1)
   18ec4:	00100737          	lui	a4,0x100
   18ec8:	fff70713          	addi	a4,a4,-1 # fffff <softfloat_roundingMode+0xe0b87>
   18ecc:	00e5f7b3          	and	a5,a1,a4
   18ed0:	00a7e7b3          	or	a5,a5,a0
   18ed4:	00079463          	bnez	a5,18edc <_zisk_float+0x8608>
   18ed8:	e28fa06f          	j	13500 <_zisk_float+0x2c2c>
   18edc:	0004a503          	lw	a0,0(s1)
   18ee0:	0044a583          	lw	a1,4(s1)
   18ee4:	00006817          	auipc	a6,0x6
   18ee8:	59080813          	addi	a6,a6,1424 # 1f474 <softfloat_exceptionFlags>
   18eec:	00d5f633          	and	a2,a1,a3
   18ef0:	00d61463          	bne	a2,a3,18ef8 <_zisk_float+0x8624>
   18ef4:	4640106f          	j	1a358 <_zisk_float+0x9a84>
   18ef8:	00092603          	lw	a2,0(s2)
   18efc:	00492683          	lw	a3,4(s2)
   18f00:	00341413          	slli	s0,s0,0x3
   18f04:	00200737          	lui	a4,0x200
   18f08:	00e40733          	add	a4,s0,a4
   18f0c:	00c72023          	sw	a2,0(a4) # 200000 <_float_lib_entry+0x100000>
   18f10:	00d72223          	sw	a3,4(a4)
   18f14:	e74fa06f          	j	13588 <_zisk_float+0x2cb4>
   18f18:	0004a503          	lw	a0,0(s1)
   18f1c:	0044a583          	lw	a1,4(s1)
   18f20:	001007b7          	lui	a5,0x100
   18f24:	fff78793          	addi	a5,a5,-1 # fffff <softfloat_roundingMode+0xe0b87>
   18f28:	00f5f733          	and	a4,a1,a5
   18f2c:	00a76733          	or	a4,a4,a0
   18f30:	00071463          	bnez	a4,18f38 <_zisk_float+0x8664>
   18f34:	db4fa06f          	j	134e8 <_zisk_float+0x2c14>
   18f38:	00092503          	lw	a0,0(s2)
   18f3c:	00492583          	lw	a1,4(s2)
   18f40:	00d5f733          	and	a4,a1,a3
   18f44:	00d70463          	beq	a4,a3,18f4c <_zisk_float+0x8678>
   18f48:	da0fa06f          	j	134e8 <_zisk_float+0x2c14>
   18f4c:	00092583          	lw	a1,0(s2)
   18f50:	00492603          	lw	a2,4(s2)
   18f54:	00f676b3          	and	a3,a2,a5
   18f58:	00b6e6b3          	or	a3,a3,a1
   18f5c:	00069463          	bnez	a3,18f64 <_zisk_float+0x8690>
   18f60:	d88fa06f          	j	134e8 <_zisk_float+0x2c14>
   18f64:	0004a603          	lw	a2,0(s1)
   18f68:	0044a683          	lw	a3,4(s1)
   18f6c:	00e6f6b3          	and	a3,a3,a4
   18f70:	00e69463          	bne	a3,a4,18f78 <_zisk_float+0x86a4>
   18f74:	5400106f          	j	1a4b4 <_zisk_float+0x9be0>
   18f78:	00092603          	lw	a2,0(s2)
   18f7c:	00492683          	lw	a3,4(s2)
   18f80:	7ff00737          	lui	a4,0x7ff00
   18f84:	00006817          	auipc	a6,0x6
   18f88:	4f080813          	addi	a6,a6,1264 # 1f474 <softfloat_exceptionFlags>
   18f8c:	00e6f6b3          	and	a3,a3,a4
   18f90:	00e69463          	bne	a3,a4,18f98 <_zisk_float+0x86c4>
   18f94:	4dc0106f          	j	1a470 <_zisk_float+0x9b9c>
   18f98:	00341413          	slli	s0,s0,0x3
   18f9c:	00200737          	lui	a4,0x200
   18fa0:	00e40733          	add	a4,s0,a4
   18fa4:	00000613          	li	a2,0
   18fa8:	7ff806b7          	lui	a3,0x7ff80
   18fac:	00c72023          	sw	a2,0(a4) # 200000 <_float_lib_entry+0x100000>
   18fb0:	00d72223          	sw	a3,4(a4)
   18fb4:	dd4fa06f          	j	13588 <_zisk_float+0x2cb4>
   18fb8:	0004a503          	lw	a0,0(s1)
   18fbc:	0044a583          	lw	a1,4(s1)
   18fc0:	001007b7          	lui	a5,0x100
   18fc4:	fff78793          	addi	a5,a5,-1 # fffff <softfloat_roundingMode+0xe0b87>
   18fc8:	00f5f733          	and	a4,a1,a5
   18fcc:	00a76733          	or	a4,a4,a0
   18fd0:	00071463          	bnez	a4,18fd8 <_zisk_float+0x8704>
   18fd4:	cedfc06f          	j	15cc0 <_zisk_float+0x53ec>
   18fd8:	00092503          	lw	a0,0(s2)
   18fdc:	00492583          	lw	a1,4(s2)
   18fe0:	00d5f733          	and	a4,a1,a3
   18fe4:	00d70463          	beq	a4,a3,18fec <_zisk_float+0x8718>
   18fe8:	cd9fc06f          	j	15cc0 <_zisk_float+0x53ec>
   18fec:	00092583          	lw	a1,0(s2)
   18ff0:	00492603          	lw	a2,4(s2)
   18ff4:	00f676b3          	and	a3,a2,a5
   18ff8:	00b6e6b3          	or	a3,a3,a1
   18ffc:	00069463          	bnez	a3,19004 <_zisk_float+0x8730>
   19000:	cc1fc06f          	j	15cc0 <_zisk_float+0x53ec>
   19004:	0004a603          	lw	a2,0(s1)
   19008:	0044a683          	lw	a3,4(s1)
   1900c:	00e6f6b3          	and	a3,a3,a4
   19010:	00e69463          	bne	a3,a4,19018 <_zisk_float+0x8744>
   19014:	4300106f          	j	1a444 <_zisk_float+0x9b70>
   19018:	00092603          	lw	a2,0(s2)
   1901c:	00492683          	lw	a3,4(s2)
   19020:	7ff00737          	lui	a4,0x7ff00
   19024:	00006817          	auipc	a6,0x6
   19028:	45080813          	addi	a6,a6,1104 # 1f474 <softfloat_exceptionFlags>
   1902c:	00e6f6b3          	and	a3,a3,a4
   19030:	00e69463          	bne	a3,a4,19038 <_zisk_float+0x8764>
   19034:	3cc0106f          	j	1a400 <_zisk_float+0x9b2c>
   19038:	00341413          	slli	s0,s0,0x3
   1903c:	00200737          	lui	a4,0x200
   19040:	00e40733          	add	a4,s0,a4
   19044:	00000613          	li	a2,0
   19048:	7ff806b7          	lui	a3,0x7ff80
   1904c:	00c72023          	sw	a2,0(a4) # 200000 <_float_lib_entry+0x100000>
   19050:	00d72223          	sw	a3,4(a4)
   19054:	d0dfc06f          	j	15d60 <_zisk_float+0x548c>
   19058:	0004a603          	lw	a2,0(s1)
   1905c:	0044a683          	lw	a3,4(s1)
   19060:	00c69793          	slli	a5,a3,0xc
   19064:	00c7d793          	srli	a5,a5,0xc
   19068:	00c7e7b3          	or	a5,a5,a2
   1906c:	00079463          	bnez	a5,19074 <_zisk_float+0x87a0>
   19070:	e5dfc06f          	j	15ecc <_zisk_float+0x55f8>
   19074:	0004a603          	lw	a2,0(s1)
   19078:	0044a683          	lw	a3,4(s1)
   1907c:	00c69793          	slli	a5,a3,0xc
   19080:	0007d463          	bgez	a5,19088 <_zisk_float+0x87b4>
   19084:	e49fc06f          	j	15ecc <_zisk_float+0x55f8>
   19088:	01000513          	li	a0,16
   1908c:	541050ef          	jal	1edcc <softfloat_raiseFlags>
   19090:	00006697          	auipc	a3,0x6
   19094:	3e46a683          	lw	a3,996(a3) # 1f474 <softfloat_exceptionFlags>
   19098:	01f6f313          	andi	t1,a3,31
   1909c:	e59fc06f          	j	15ef4 <_zisk_float+0x5620>
   190a0:	0004a503          	lw	a0,0(s1)
   190a4:	0044a583          	lw	a1,4(s1)
   190a8:	00100737          	lui	a4,0x100
   190ac:	fff70713          	addi	a4,a4,-1 # fffff <softfloat_roundingMode+0xe0b87>
   190b0:	00e5f7b3          	and	a5,a1,a4
   190b4:	00a7e7b3          	or	a5,a5,a0
   190b8:	00079463          	bnez	a5,190c0 <_zisk_float+0x87ec>
   190bc:	c1dfc06f          	j	15cd8 <_zisk_float+0x5404>
   190c0:	0004a503          	lw	a0,0(s1)
   190c4:	0044a583          	lw	a1,4(s1)
   190c8:	00006817          	auipc	a6,0x6
   190cc:	3ac80813          	addi	a6,a6,940 # 1f474 <softfloat_exceptionFlags>
   190d0:	00d5f633          	and	a2,a1,a3
   190d4:	00d61463          	bne	a2,a3,190dc <_zisk_float+0x8808>
   190d8:	7c90006f          	j	1a0a0 <_zisk_float+0x97cc>
   190dc:	00092603          	lw	a2,0(s2)
   190e0:	00492683          	lw	a3,4(s2)
   190e4:	00341413          	slli	s0,s0,0x3
   190e8:	00200737          	lui	a4,0x200
   190ec:	00e40733          	add	a4,s0,a4
   190f0:	00c72023          	sw	a2,0(a4) # 200000 <_float_lib_entry+0x100000>
   190f4:	00d72223          	sw	a3,4(a4)
   190f8:	c69fc06f          	j	15d60 <_zisk_float+0x548c>
   190fc:	0004a603          	lw	a2,0(s1)
   19100:	0044a683          	lw	a3,4(s1)
   19104:	00961613          	slli	a2,a2,0x9
   19108:	00061463          	bnez	a2,19110 <_zisk_float+0x883c>
   1910c:	c99fc06f          	j	15da4 <_zisk_float+0x54d0>
   19110:	0004a603          	lw	a2,0(s1)
   19114:	004007b7          	lui	a5,0x400
   19118:	0044a683          	lw	a3,4(s1)
   1911c:	00f67633          	and	a2,a2,a5
   19120:	00060463          	beqz	a2,19128 <_zisk_float+0x8854>
   19124:	c81fc06f          	j	15da4 <_zisk_float+0x54d0>
   19128:	01000513          	li	a0,16
   1912c:	4a1050ef          	jal	1edcc <softfloat_raiseFlags>
   19130:	00006697          	auipc	a3,0x6
   19134:	3446a683          	lw	a3,836(a3) # 1f474 <softfloat_exceptionFlags>
   19138:	01f6f313          	andi	t1,a3,31
   1913c:	c91fc06f          	j	15dcc <_zisk_float+0x54f8>
   19140:	00092503          	lw	a0,0(s2)
   19144:	00492583          	lw	a1,4(s2)
   19148:	00100737          	lui	a4,0x100
   1914c:	fff70713          	addi	a4,a4,-1 # fffff <softfloat_roundingMode+0xe0b87>
   19150:	00e5f7b3          	and	a5,a1,a4
   19154:	00a7e7b3          	or	a5,a5,a0
   19158:	00079463          	bnez	a5,19160 <_zisk_float+0x888c>
   1915c:	bbcfa06f          	j	13518 <_zisk_float+0x2c44>
   19160:	00092503          	lw	a0,0(s2)
   19164:	00492583          	lw	a1,4(s2)
   19168:	00006817          	auipc	a6,0x6
   1916c:	30c80813          	addi	a6,a6,780 # 1f474 <softfloat_exceptionFlags>
   19170:	00d5f633          	and	a2,a1,a3
   19174:	00d61463          	bne	a2,a3,1917c <_zisk_float+0x88a8>
   19178:	1a80106f          	j	1a320 <_zisk_float+0x9a4c>
   1917c:	0004a603          	lw	a2,0(s1)
   19180:	0044a683          	lw	a3,4(s1)
   19184:	d7dff06f          	j	18f00 <_zisk_float+0x862c>
   19188:	0007a603          	lw	a2,0(a5) # 400000 <_float_lib_entry+0x300000>
   1918c:	0047a683          	lw	a3,4(a5)
   19190:	00069663          	bnez	a3,1919c <_zisk_float+0x88c8>
   19194:	00064463          	bltz	a2,1919c <_zisk_float+0x88c8>
   19198:	e65fe06f          	j	17ffc <_zisk_float+0x7728>
   1919c:	0007a803          	lw	a6,0(a5)
   191a0:	0047a883          	lw	a7,4(a5)
   191a4:	00080613          	mv	a2,a6
   191a8:	fff00693          	li	a3,-1
   191ac:	00c7a023          	sw	a2,0(a5)
   191b0:	00d7a223          	sw	a3,4(a5)
   191b4:	e49fe06f          	j	17ffc <_zisk_float+0x7728>
   191b8:	0007a603          	lw	a2,0(a5)
   191bc:	0047a683          	lw	a3,4(a5)
   191c0:	00069663          	bnez	a3,191cc <_zisk_float+0x88f8>
   191c4:	00064463          	bltz	a2,191cc <_zisk_float+0x88f8>
   191c8:	c95fe06f          	j	17e5c <_zisk_float+0x7588>
   191cc:	0007a803          	lw	a6,0(a5)
   191d0:	fff00693          	li	a3,-1
   191d4:	0047a883          	lw	a7,4(a5)
   191d8:	0107a023          	sw	a6,0(a5)
   191dc:	00d7a223          	sw	a3,4(a5)
   191e0:	c7dfe06f          	j	17e5c <_zisk_float+0x7588>
   191e4:	0004a603          	lw	a2,0(s1)
   191e8:	0044a683          	lw	a3,4(s1)
   191ec:	00961613          	slli	a2,a2,0x9
   191f0:	00061463          	bnez	a2,191f8 <_zisk_float+0x8924>
   191f4:	fd0fd06f          	j	169c4 <_zisk_float+0x60f0>
   191f8:	0004a603          	lw	a2,0(s1)
   191fc:	004007b7          	lui	a5,0x400
   19200:	0044a683          	lw	a3,4(s1)
   19204:	00f67633          	and	a2,a2,a5
   19208:	00060463          	beqz	a2,19210 <_zisk_float+0x893c>
   1920c:	fb8fd06f          	j	169c4 <_zisk_float+0x60f0>
   19210:	01000513          	li	a0,16
   19214:	3b9050ef          	jal	1edcc <softfloat_raiseFlags>
   19218:	00006697          	auipc	a3,0x6
   1921c:	25c6a683          	lw	a3,604(a3) # 1f474 <softfloat_exceptionFlags>
   19220:	01f6f313          	andi	t1,a3,31
   19224:	fc8fd06f          	j	169ec <_zisk_float+0x6118>
   19228:	0007a503          	lw	a0,0(a5) # 400000 <_float_lib_entry+0x300000>
   1922c:	0047a583          	lw	a1,4(a5)
   19230:	00951513          	slli	a0,a0,0x9
   19234:	00051463          	bnez	a0,1923c <_zisk_float+0x8968>
   19238:	d3dfc06f          	j	15f74 <_zisk_float+0x56a0>
   1923c:	0007a683          	lw	a3,0(a5)
   19240:	0047a703          	lw	a4,4(a5)
   19244:	004007b7          	lui	a5,0x400
   19248:	00f6f733          	and	a4,a3,a5
   1924c:	00070463          	beqz	a4,19254 <_zisk_float+0x8980>
   19250:	d25fc06f          	j	15f74 <_zisk_float+0x56a0>
   19254:	9b1ff06f          	j	18c04 <_zisk_float+0x8330>
   19258:	00042703          	lw	a4,0(s0)
   1925c:	00442783          	lw	a5,4(s0)
   19260:	b2dfe06f          	j	17d8c <_zisk_float+0x74b8>
   19264:	0007a503          	lw	a0,0(a5) # 400000 <_float_lib_entry+0x300000>
   19268:	0047a583          	lw	a1,4(a5)
   1926c:	00c59713          	slli	a4,a1,0xc
   19270:	00c75713          	srli	a4,a4,0xc
   19274:	00a76733          	or	a4,a4,a0
   19278:	00071463          	bnez	a4,19280 <_zisk_float+0x89ac>
   1927c:	c79fc06f          	j	15ef4 <_zisk_float+0x5620>
   19280:	0007a703          	lw	a4,0(a5)
   19284:	0047a783          	lw	a5,4(a5)
   19288:	00c79713          	slli	a4,a5,0xc
   1928c:	00075463          	bgez	a4,19294 <_zisk_float+0x89c0>
   19290:	c65fc06f          	j	15ef4 <_zisk_float+0x5620>
   19294:	df5ff06f          	j	19088 <_zisk_float+0x87b4>
   19298:	00092503          	lw	a0,0(s2)
   1929c:	00492583          	lw	a1,4(s2)
   192a0:	00100737          	lui	a4,0x100
   192a4:	fff70713          	addi	a4,a4,-1 # fffff <softfloat_roundingMode+0xe0b87>
   192a8:	00e5f7b3          	and	a5,a1,a4
   192ac:	00a7e7b3          	or	a5,a5,a0
   192b0:	00079463          	bnez	a5,192b8 <_zisk_float+0x89e4>
   192b4:	a3dfc06f          	j	15cf0 <_zisk_float+0x541c>
   192b8:	00092503          	lw	a0,0(s2)
   192bc:	00492583          	lw	a1,4(s2)
   192c0:	00006817          	auipc	a6,0x6
   192c4:	1b480813          	addi	a6,a6,436 # 1f474 <softfloat_exceptionFlags>
   192c8:	00d5f633          	and	a2,a1,a3
   192cc:	62d60ee3          	beq	a2,a3,1a108 <_zisk_float+0x9834>
   192d0:	0004a603          	lw	a2,0(s1)
   192d4:	0044a683          	lw	a3,4(s1)
   192d8:	e0dff06f          	j	190e4 <_zisk_float+0x8810>
   192dc:	0007a503          	lw	a0,0(a5)
   192e0:	0047a583          	lw	a1,4(a5)
   192e4:	00c59713          	slli	a4,a1,0xc
   192e8:	00c75713          	srli	a4,a4,0xc
   192ec:	00a76733          	or	a4,a4,a0
   192f0:	00071463          	bnez	a4,192f8 <_zisk_float+0x8a24>
   192f4:	d31fc06f          	j	16024 <_zisk_float+0x5750>
   192f8:	0007a703          	lw	a4,0(a5)
   192fc:	0047a783          	lw	a5,4(a5)
   19300:	00c79713          	slli	a4,a5,0xc
   19304:	00075463          	bgez	a4,1930c <_zisk_float+0x8a38>
   19308:	d1dfc06f          	j	16024 <_zisk_float+0x5750>
   1930c:	a91ff06f          	j	18d9c <_zisk_float+0x84c8>
   19310:	0007a603          	lw	a2,0(a5)
   19314:	0047a683          	lw	a3,4(a5)
   19318:	00069663          	bnez	a3,19324 <_zisk_float+0x8a50>
   1931c:	00064463          	bltz	a2,19324 <_zisk_float+0x8a50>
   19320:	830fa06f          	j	13350 <_zisk_float+0x2a7c>
   19324:	0007a803          	lw	a6,0(a5)
   19328:	fff00693          	li	a3,-1
   1932c:	0047a883          	lw	a7,4(a5)
   19330:	0107a023          	sw	a6,0(a5)
   19334:	00d7a223          	sw	a3,4(a5)
   19338:	818fa06f          	j	13350 <_zisk_float+0x2a7c>
   1933c:	00092603          	lw	a2,0(s2)
   19340:	00492683          	lw	a3,4(s2)
   19344:	00e67633          	and	a2,a2,a4
   19348:	00060463          	beqz	a2,19350 <_zisk_float+0x8a7c>
   1934c:	d48fc06f          	j	15894 <_zisk_float+0x4fc0>
   19350:	00092603          	lw	a2,0(s2)
   19354:	00492683          	lw	a3,4(s2)
   19358:	00068463          	beqz	a3,19360 <_zisk_float+0x8a8c>
   1935c:	d38fc06f          	j	15894 <_zisk_float+0x4fc0>
   19360:	00065463          	bgez	a2,19368 <_zisk_float+0x8a94>
   19364:	d30fc06f          	j	15894 <_zisk_float+0x4fc0>
   19368:	ff800637          	lui	a2,0xff800
   1936c:	00000693          	li	a3,0
   19370:	00c7a023          	sw	a2,0(a5)
   19374:	00d7a223          	sw	a3,4(a5)
   19378:	bccfb06f          	j	14744 <_zisk_float+0x3e70>
   1937c:	0007a503          	lw	a0,0(a5)
   19380:	0047a583          	lw	a1,4(a5)
   19384:	00951513          	slli	a0,a0,0x9
   19388:	00051463          	bnez	a0,19390 <_zisk_float+0x8abc>
   1938c:	98cfd06f          	j	16518 <_zisk_float+0x5c44>
   19390:	0007a683          	lw	a3,0(a5)
   19394:	0047a703          	lw	a4,4(a5)
   19398:	004007b7          	lui	a5,0x400
   1939c:	00f6f733          	and	a4,a3,a5
   193a0:	00070463          	beqz	a4,193a8 <_zisk_float+0x8ad4>
   193a4:	974fd06f          	j	16518 <_zisk_float+0x5c44>
   193a8:	01000513          	li	a0,16
   193ac:	221050ef          	jal	1edcc <softfloat_raiseFlags>
   193b0:	00006697          	auipc	a3,0x6
   193b4:	0c46a683          	lw	a3,196(a3) # 1f474 <softfloat_exceptionFlags>
   193b8:	01f6f313          	andi	t1,a3,31
   193bc:	95cfd06f          	j	16518 <_zisk_float+0x5c44>
   193c0:	0004a603          	lw	a2,0(s1)
   193c4:	0044a683          	lw	a3,4(s1)
   193c8:	00961613          	slli	a2,a2,0x9
   193cc:	00061463          	bnez	a2,193d4 <_zisk_float+0x8b00>
   193d0:	920fd06f          	j	164f0 <_zisk_float+0x5c1c>
   193d4:	0004a603          	lw	a2,0(s1)
   193d8:	004007b7          	lui	a5,0x400
   193dc:	0044a683          	lw	a3,4(s1)
   193e0:	00f67633          	and	a2,a2,a5
   193e4:	fc0602e3          	beqz	a2,193a8 <_zisk_float+0x8ad4>
   193e8:	908fd06f          	j	164f0 <_zisk_float+0x5c1c>
   193ec:	0007a603          	lw	a2,0(a5) # 400000 <_float_lib_entry+0x300000>
   193f0:	0047a683          	lw	a3,4(a5)
   193f4:	00069663          	bnez	a3,19400 <_zisk_float+0x8b2c>
   193f8:	00064463          	bltz	a2,19400 <_zisk_float+0x8b2c>
   193fc:	e65f906f          	j	13260 <_zisk_float+0x298c>
   19400:	0007a803          	lw	a6,0(a5)
   19404:	fff00693          	li	a3,-1
   19408:	0047a883          	lw	a7,4(a5)
   1940c:	0107a023          	sw	a6,0(a5)
   19410:	00d7a223          	sw	a3,4(a5)
   19414:	e4df906f          	j	13260 <_zisk_float+0x298c>
   19418:	0007a503          	lw	a0,0(a5)
   1941c:	0047a583          	lw	a1,4(a5)
   19420:	00951513          	slli	a0,a0,0x9
   19424:	00051463          	bnez	a0,1942c <_zisk_float+0x8b58>
   19428:	9a5fc06f          	j	15dcc <_zisk_float+0x54f8>
   1942c:	0007a683          	lw	a3,0(a5)
   19430:	0047a703          	lw	a4,4(a5)
   19434:	004007b7          	lui	a5,0x400
   19438:	00f6f733          	and	a4,a3,a5
   1943c:	00070463          	beqz	a4,19444 <_zisk_float+0x8b70>
   19440:	98dfc06f          	j	15dcc <_zisk_float+0x54f8>
   19444:	ce5ff06f          	j	19128 <_zisk_float+0x8854>
   19448:	000a2503          	lw	a0,0(s4)
   1944c:	004a2583          	lw	a1,4(s4)
   19450:	00e5f7b3          	and	a5,a1,a4
   19454:	00a7e7b3          	or	a5,a5,a0
   19458:	00078463          	beqz	a5,19460 <_zisk_float+0x8b8c>
   1945c:	be8fc06f          	j	15844 <_zisk_float+0x4f70>
   19460:	000a2703          	lw	a4,0(s4)
   19464:	004a2783          	lw	a5,4(s4)
   19468:	0007d463          	bgez	a5,19470 <_zisk_float+0x8b9c>
   1946c:	bd8fc06f          	j	15844 <_zisk_float+0x4f70>
   19470:	00000713          	li	a4,0
   19474:	fff007b7          	lui	a5,0xfff00
   19478:	00e6a023          	sw	a4,0(a3)
   1947c:	00f6a223          	sw	a5,4(a3)
   19480:	b14fb06f          	j	14794 <_zisk_float+0x3ec0>
   19484:	0007a503          	lw	a0,0(a5) # fff00000 <_float_lib_entry+0xffe00000>
   19488:	0047a583          	lw	a1,4(a5)
   1948c:	00c59713          	slli	a4,a1,0xc
   19490:	00c75713          	srli	a4,a4,0xc
   19494:	00a76733          	or	a4,a4,a0
   19498:	00071463          	bnez	a4,194a0 <_zisk_float+0x8bcc>
   1949c:	99cfd06f          	j	16638 <_zisk_float+0x5d64>
   194a0:	0007a703          	lw	a4,0(a5)
   194a4:	0047a783          	lw	a5,4(a5)
   194a8:	00c79713          	slli	a4,a5,0xc
   194ac:	00075463          	bgez	a4,194b4 <_zisk_float+0x8be0>
   194b0:	988fd06f          	j	16638 <_zisk_float+0x5d64>
   194b4:	01000513          	li	a0,16
   194b8:	115050ef          	jal	1edcc <softfloat_raiseFlags>
   194bc:	00006697          	auipc	a3,0x6
   194c0:	fb86a683          	lw	a3,-72(a3) # 1f474 <softfloat_exceptionFlags>
   194c4:	01f6f313          	andi	t1,a3,31
   194c8:	970fd06f          	j	16638 <_zisk_float+0x5d64>
   194cc:	0004a603          	lw	a2,0(s1)
   194d0:	0044a683          	lw	a3,4(s1)
   194d4:	00c69793          	slli	a5,a3,0xc
   194d8:	00c7d793          	srli	a5,a5,0xc
   194dc:	00c7e7b3          	or	a5,a5,a2
   194e0:	00079463          	bnez	a5,194e8 <_zisk_float+0x8c14>
   194e4:	92cfd06f          	j	16610 <_zisk_float+0x5d3c>
   194e8:	0004a603          	lw	a2,0(s1)
   194ec:	0044a683          	lw	a3,4(s1)
   194f0:	00c69793          	slli	a5,a3,0xc
   194f4:	fc07d0e3          	bgez	a5,194b4 <_zisk_float+0x8be0>
   194f8:	918fd06f          	j	16610 <_zisk_float+0x5d3c>
   194fc:	00065463          	bgez	a2,19504 <_zisk_float+0x8c30>
   19500:	df8fd06f          	j	16af8 <_zisk_float+0x6224>
   19504:	00cb5513          	srli	a0,s6,0xc
   19508:	00757513          	andi	a0,a0,7
   1950c:	00000593          	li	a1,0
   19510:	af4f70ef          	jal	10804 <set_rounding_mode>
   19514:	00042503          	lw	a0,0(s0)
   19518:	00442583          	lw	a1,4(s0)
   1951c:	6e4010ef          	jal	1ac00 <f32_sqrt>
   19520:	00006697          	auipc	a3,0x6
   19524:	f546a683          	lw	a3,-172(a3) # 1f474 <softfloat_exceptionFlags>
   19528:	00000793          	li	a5,0
   1952c:	00a4a023          	sw	a0,0(s1)
   19530:	00f4a223          	sw	a5,4(s1)
   19534:	09812403          	lw	s0,152(sp)
   19538:	09412483          	lw	s1,148(sp)
   1953c:	09012903          	lw	s2,144(sp)
   19540:	01f6f313          	andi	t1,a3,31
   19544:	c54f706f          	j	10998 <_zisk_float+0xc4>
   19548:	0004a603          	lw	a2,0(s1)
   1954c:	0044a683          	lw	a3,4(s1)
   19550:	00c69793          	slli	a5,a3,0xc
   19554:	00c7d793          	srli	a5,a5,0xc
   19558:	00c7e7b3          	or	a5,a5,a2
   1955c:	00079463          	bnez	a5,19564 <_zisk_float+0x8c90>
   19560:	bf0fd06f          	j	16950 <_zisk_float+0x607c>
   19564:	0004a603          	lw	a2,0(s1)
   19568:	0044a683          	lw	a3,4(s1)
   1956c:	00c69793          	slli	a5,a3,0xc
   19570:	0007d463          	bgez	a5,19578 <_zisk_float+0x8ca4>
   19574:	bdcfd06f          	j	16950 <_zisk_float+0x607c>
   19578:	01000513          	li	a0,16
   1957c:	051050ef          	jal	1edcc <softfloat_raiseFlags>
   19580:	00006697          	auipc	a3,0x6
   19584:	ef46a683          	lw	a3,-268(a3) # 1f474 <softfloat_exceptionFlags>
   19588:	01f6f313          	andi	t1,a3,31
   1958c:	becfd06f          	j	16978 <_zisk_float+0x60a4>
   19590:	000aa603          	lw	a2,0(s5)
   19594:	004aa683          	lw	a3,4(s5)
   19598:	00e6f7b3          	and	a5,a3,a4
   1959c:	00c7e7b3          	or	a5,a5,a2
   195a0:	00078463          	beqz	a5,195a8 <_zisk_float+0x8cd4>
   195a4:	861fb06f          	j	14e04 <_zisk_float+0x4530>
   195a8:	000aa703          	lw	a4,0(s5)
   195ac:	004aa783          	lw	a5,4(s5)
   195b0:	0007c463          	bltz	a5,195b8 <_zisk_float+0x8ce4>
   195b4:	851fb06f          	j	14e04 <_zisk_float+0x4530>
   195b8:	00000713          	li	a4,0
   195bc:	00e9a023          	sw	a4,0(s3)
   195c0:	7ff807b7          	lui	a5,0x7ff80
   195c4:	00f9a223          	sw	a5,4(s3)
   195c8:	01000513          	li	a0,16
   195cc:	001050ef          	jal	1edcc <softfloat_raiseFlags>
   195d0:	00006697          	auipc	a3,0x6
   195d4:	ea46a683          	lw	a3,-348(a3) # 1f474 <softfloat_exceptionFlags>
   195d8:	09812403          	lw	s0,152(sp)
   195dc:	09412483          	lw	s1,148(sp)
   195e0:	09012903          	lw	s2,144(sp)
   195e4:	08c12983          	lw	s3,140(sp)
   195e8:	08812a03          	lw	s4,136(sp)
   195ec:	08412a83          	lw	s5,132(sp)
   195f0:	01f6f313          	andi	t1,a3,31
   195f4:	ba4f706f          	j	10998 <_zisk_float+0xc4>
   195f8:	0004a703          	lw	a4,0(s1)
   195fc:	0044a783          	lw	a5,4(s1)
   19600:	c15fe06f          	j	18214 <_zisk_float+0x7940>
   19604:	00072503          	lw	a0,0(a4)
   19608:	b70fa06f          	j	13978 <_zisk_float+0x30a4>
   1960c:	0009a703          	lw	a4,0(s3)
   19610:	0049a783          	lw	a5,4(s3)
   19614:	00078463          	beqz	a5,1961c <_zisk_float+0x8d48>
   19618:	b88fb06f          	j	149a0 <_zisk_float+0x40cc>
   1961c:	00075463          	bgez	a4,19624 <_zisk_float+0x8d50>
   19620:	b80fb06f          	j	149a0 <_zisk_float+0x40cc>
   19624:	80000737          	lui	a4,0x80000
   19628:	00000793          	li	a5,0
   1962c:	00e4a023          	sw	a4,0(s1)
   19630:	00f4a223          	sw	a5,4(s1)
   19634:	c08f806f          	j	11a3c <_zisk_float+0x1168>
   19638:	0007a503          	lw	a0,0(a5) # 7ff80000 <_float_lib_entry+0x7fe80000>
   1963c:	0047a583          	lw	a1,4(a5)
   19640:	00c59713          	slli	a4,a1,0xc
   19644:	00c75713          	srli	a4,a4,0xc
   19648:	00a76733          	or	a4,a4,a0
   1964c:	00071463          	bnez	a4,19654 <_zisk_float+0x8d80>
   19650:	b28fd06f          	j	16978 <_zisk_float+0x60a4>
   19654:	0007a703          	lw	a4,0(a5)
   19658:	0047a783          	lw	a5,4(a5)
   1965c:	00c79713          	slli	a4,a5,0xc
   19660:	00075463          	bgez	a4,19668 <_zisk_float+0x8d94>
   19664:	b14fd06f          	j	16978 <_zisk_float+0x60a4>
   19668:	f11ff06f          	j	19578 <_zisk_float+0x8ca4>
   1966c:	ffd77693          	andi	a3,a4,-3
   19670:	09812403          	lw	s0,152(sp)
   19674:	09412483          	lw	s1,148(sp)
   19678:	09012903          	lw	s2,144(sp)
   1967c:	08c12983          	lw	s3,140(sp)
   19680:	00d82023          	sw	a3,0(a6)
   19684:	01d77313          	andi	t1,a4,29
   19688:	b10f706f          	j	10998 <_zisk_float+0xc4>
   1968c:	000a2603          	lw	a2,0(s4)
   19690:	004a2683          	lw	a3,4(s4)
   19694:	00961613          	slli	a2,a2,0x9
   19698:	00060463          	beqz	a2,196a0 <_zisk_float+0x8dcc>
   1969c:	dedf706f          	j	11488 <_zisk_float+0xbb4>
   196a0:	000a2603          	lw	a2,0(s4)
   196a4:	004a2683          	lw	a3,4(s4)
   196a8:	00068463          	beqz	a3,196b0 <_zisk_float+0x8ddc>
   196ac:	dddf706f          	j	11488 <_zisk_float+0xbb4>
   196b0:	00c7f463          	bgeu	a5,a2,196b8 <_zisk_float+0x8de4>
   196b4:	dd5f706f          	j	11488 <_zisk_float+0xbb4>
   196b8:	7fc00737          	lui	a4,0x7fc00
   196bc:	00e9a023          	sw	a4,0(s3)
   196c0:	00000793          	li	a5,0
   196c4:	00f9a223          	sw	a5,4(s3)
   196c8:	01000513          	li	a0,16
   196cc:	700050ef          	jal	1edcc <softfloat_raiseFlags>
   196d0:	00006697          	auipc	a3,0x6
   196d4:	da46a683          	lw	a3,-604(a3) # 1f474 <softfloat_exceptionFlags>
   196d8:	09812403          	lw	s0,152(sp)
   196dc:	09412483          	lw	s1,148(sp)
   196e0:	09012903          	lw	s2,144(sp)
   196e4:	08c12983          	lw	s3,140(sp)
   196e8:	08812a03          	lw	s4,136(sp)
   196ec:	01f6f313          	andi	t1,a3,31
   196f0:	aa8f706f          	j	10998 <_zisk_float+0xc4>
   196f4:	0007a503          	lw	a0,0(a5)
   196f8:	0047a583          	lw	a1,4(a5)
   196fc:	00951513          	slli	a0,a0,0x9
   19700:	00051463          	bnez	a0,19708 <_zisk_float+0x8e34>
   19704:	ae8fd06f          	j	169ec <_zisk_float+0x6118>
   19708:	0007a683          	lw	a3,0(a5)
   1970c:	0047a703          	lw	a4,4(a5)
   19710:	004007b7          	lui	a5,0x400
   19714:	00f6f733          	and	a4,a3,a5
   19718:	00070463          	beqz	a4,19720 <_zisk_float+0x8e4c>
   1971c:	ad0fd06f          	j	169ec <_zisk_float+0x6118>
   19720:	af1ff06f          	j	19210 <_zisk_float+0x893c>
   19724:	00042603          	lw	a2,0(s0)
   19728:	00442683          	lw	a3,4(s0)
   1972c:	00961613          	slli	a2,a2,0x9
   19730:	00061463          	bnez	a2,19738 <_zisk_float+0x8e64>
   19734:	8acfa06f          	j	137e0 <_zisk_float+0x2f0c>
   19738:	00042603          	lw	a2,0(s0)
   1973c:	00400737          	lui	a4,0x400
   19740:	00442683          	lw	a3,4(s0)
   19744:	00e67633          	and	a2,a2,a4
   19748:	00060463          	beqz	a2,19750 <_zisk_float+0x8e7c>
   1974c:	894fa06f          	j	137e0 <_zisk_float+0x2f0c>
   19750:	00000713          	li	a4,0
   19754:	00e4a023          	sw	a4,0(s1)
   19758:	7ff807b7          	lui	a5,0x7ff80
   1975c:	01000693          	li	a3,16
   19760:	00f4a223          	sw	a5,4(s1)
   19764:	09812403          	lw	s0,152(sp)
   19768:	09412483          	lw	s1,148(sp)
   1976c:	09012903          	lw	s2,144(sp)
   19770:	00006797          	auipc	a5,0x6
   19774:	d0d7a223          	sw	a3,-764(a5) # 1f474 <softfloat_exceptionFlags>
   19778:	00068313          	mv	t1,a3
   1977c:	a1cf706f          	j	10998 <_zisk_float+0xc4>
   19780:	80000737          	lui	a4,0x80000
   19784:	01070463          	beq	a4,a6,1978c <_zisk_float+0x8eb8>
   19788:	dadf906f          	j	13534 <_zisk_float+0x2c60>
   1978c:	00092703          	lw	a4,0(s2)
   19790:	00492783          	lw	a5,4(s2)
   19794:	00f76733          	or	a4,a4,a5
   19798:	00070463          	beqz	a4,197a0 <_zisk_float+0x8ecc>
   1979c:	d99f906f          	j	13534 <_zisk_float+0x2c60>
   197a0:	00000793          	li	a5,0
   197a4:	00000813          	li	a6,0
   197a8:	00f42023          	sw	a5,0(s0)
   197ac:	01042223          	sw	a6,4(s0)
   197b0:	00006817          	auipc	a6,0x6
   197b4:	cc480813          	addi	a6,a6,-828 # 1f474 <softfloat_exceptionFlags>
   197b8:	dd1f906f          	j	13588 <_zisk_float+0x2cb4>
   197bc:	80000737          	lui	a4,0x80000
   197c0:	01070463          	beq	a4,a6,197c8 <_zisk_float+0x8ef4>
   197c4:	d48fc06f          	j	15d0c <_zisk_float+0x5438>
   197c8:	00092703          	lw	a4,0(s2)
   197cc:	00492783          	lw	a5,4(s2)
   197d0:	00f76733          	or	a4,a4,a5
   197d4:	00070463          	beqz	a4,197dc <_zisk_float+0x8f08>
   197d8:	d34fc06f          	j	15d0c <_zisk_float+0x5438>
   197dc:	00000713          	li	a4,0
   197e0:	800007b7          	lui	a5,0x80000
   197e4:	00e42023          	sw	a4,0(s0)
   197e8:	00f42223          	sw	a5,4(s0)
   197ec:	00006817          	auipc	a6,0x6
   197f0:	c8880813          	addi	a6,a6,-888 # 1f474 <softfloat_exceptionFlags>
   197f4:	d6cfc06f          	j	15d60 <_zisk_float+0x548c>
   197f8:	0004a703          	lw	a4,0(s1)
   197fc:	0044a783          	lw	a5,4(s1)
   19800:	d79f906f          	j	13578 <_zisk_float+0x2ca4>
   19804:	0004a603          	lw	a2,0(s1)
   19808:	0044a683          	lw	a3,4(s1)
   1980c:	00961613          	slli	a2,a2,0x9
   19810:	00061463          	bnez	a2,19818 <_zisk_float+0x8f44>
   19814:	b19f906f          	j	1332c <_zisk_float+0x2a58>
   19818:	fff00613          	li	a2,-1
   1981c:	fff00693          	li	a3,-1
   19820:	00c7a023          	sw	a2,0(a5) # 80000000 <_float_lib_entry+0x7ff00000>
   19824:	00d7a223          	sw	a3,4(a5)
   19828:	b29f906f          	j	13350 <_zisk_float+0x2a7c>
   1982c:	00042603          	lw	a2,0(s0)
   19830:	00442683          	lw	a3,4(s0)
   19834:	00961613          	slli	a2,a2,0x9
   19838:	00061463          	bnez	a2,19840 <_zisk_float+0x8f6c>
   1983c:	dfcfe06f          	j	17e38 <_zisk_float+0x7564>
   19840:	80000637          	lui	a2,0x80000
   19844:	fff60613          	addi	a2,a2,-1 # 7fffffff <_float_lib_entry+0x7fefffff>
   19848:	00000693          	li	a3,0
   1984c:	00c7a023          	sw	a2,0(a5)
   19850:	00d7a223          	sw	a3,4(a5)
   19854:	e08fe06f          	j	17e5c <_zisk_float+0x7588>
   19858:	00042603          	lw	a2,0(s0)
   1985c:	00442683          	lw	a3,4(s0)
   19860:	00961613          	slli	a2,a2,0x9
   19864:	00060463          	beqz	a2,1986c <_zisk_float+0x8f98>
   19868:	fc1f906f          	j	13828 <_zisk_float+0x2f54>
   1986c:	00042603          	lw	a2,0(s0)
   19870:	00442683          	lw	a3,4(s0)
   19874:	00069663          	bnez	a3,19880 <_zisk_float+0x8fac>
   19878:	00064463          	bltz	a2,19880 <_zisk_float+0x8fac>
   1987c:	fadf906f          	j	13828 <_zisk_float+0x2f54>
   19880:	00000713          	li	a4,0
   19884:	fff007b7          	lui	a5,0xfff00
   19888:	00e4a023          	sw	a4,0(s1)
   1988c:	00f4a223          	sw	a5,4(s1)
   19890:	b4cfc06f          	j	15bdc <_zisk_float+0x5308>
   19894:	00042603          	lw	a2,0(s0)
   19898:	00442683          	lw	a3,4(s0)
   1989c:	00961613          	slli	a2,a2,0x9
   198a0:	00060463          	beqz	a2,198a8 <_zisk_float+0x8fd4>
   198a4:	f6df906f          	j	13810 <_zisk_float+0x2f3c>
   198a8:	00042603          	lw	a2,0(s0)
   198ac:	00442683          	lw	a3,4(s0)
   198b0:	00068463          	beqz	a3,198b8 <_zisk_float+0x8fe4>
   198b4:	f5df906f          	j	13810 <_zisk_float+0x2f3c>
   198b8:	00065463          	bgez	a2,198c0 <_zisk_float+0x8fec>
   198bc:	f55f906f          	j	13810 <_zisk_float+0x2f3c>
   198c0:	00000713          	li	a4,0
   198c4:	7ff007b7          	lui	a5,0x7ff00
   198c8:	00e4a023          	sw	a4,0(s1)
   198cc:	00f4a223          	sw	a5,4(s1)
   198d0:	b0cfc06f          	j	15bdc <_zisk_float+0x5308>
   198d4:	0004a703          	lw	a4,0(s1)
   198d8:	0044a783          	lw	a5,4(s1)
   198dc:	00971713          	slli	a4,a4,0x9
   198e0:	00071463          	bnez	a4,198e8 <_zisk_float+0x9014>
   198e4:	9ccfd06f          	j	16ab0 <_zisk_float+0x61dc>
   198e8:	fff00713          	li	a4,-1
   198ec:	fff00793          	li	a5,-1
   198f0:	00e42023          	sw	a4,0(s0)
   198f4:	00f42223          	sw	a5,4(s0)
   198f8:	9dcfd06f          	j	16ad4 <_zisk_float+0x6200>
   198fc:	00092703          	lw	a4,0(s2)
   19900:	00492783          	lw	a5,4(s2)
   19904:	c4cfc06f          	j	15d50 <_zisk_float+0x547c>
   19908:	0007a583          	lw	a1,0(a5) # 7ff00000 <_float_lib_entry+0x7fe00000>
   1990c:	0047a603          	lw	a2,4(a5)
   19910:	7f8006b7          	lui	a3,0x7f800
   19914:	00d5f633          	and	a2,a1,a3
   19918:	1c061a63          	bnez	a2,19aec <_zisk_float+0x9218>
   1991c:	0007a603          	lw	a2,0(a5)
   19920:	0047a683          	lw	a3,4(a5)
   19924:	00961613          	slli	a2,a2,0x9
   19928:	1c061263          	bnez	a2,19aec <_zisk_float+0x9218>
   1992c:	0007a603          	lw	a2,0(a5)
   19930:	0047a683          	lw	a3,4(a5)
   19934:	1a069c63          	bnez	a3,19aec <_zisk_float+0x9218>
   19938:	1a064a63          	bltz	a2,19aec <_zisk_float+0x9218>
   1993c:	002006b7          	lui	a3,0x200
   19940:	00371793          	slli	a5,a4,0x3
   19944:	11868713          	addi	a4,a3,280 # 200118 <_float_lib_entry+0x100118>
   19948:	00e787b3          	add	a5,a5,a4
   1994c:	01000613          	li	a2,16
   19950:	00000693          	li	a3,0
   19954:	f74f806f          	j	120c8 <_zisk_float+0x17f4>
   19958:	0004a603          	lw	a2,0(s1)
   1995c:	0044a683          	lw	a3,4(s1)
   19960:	00961613          	slli	a2,a2,0x9
   19964:	00061463          	bnez	a2,1996c <_zisk_float+0x9098>
   19968:	da4fe06f          	j	17f0c <_zisk_float+0x7638>
   1996c:	fff00613          	li	a2,-1
   19970:	800006b7          	lui	a3,0x80000
   19974:	fff68693          	addi	a3,a3,-1 # 7fffffff <_float_lib_entry+0x7fefffff>
   19978:	00c7a023          	sw	a2,0(a5)
   1997c:	00d7a223          	sw	a3,4(a5)
   19980:	db0fe06f          	j	17f30 <_zisk_float+0x765c>
   19984:	000aa603          	lw	a2,0(s5)
   19988:	004aa683          	lw	a3,4(s5)
   1998c:	00e6f7b3          	and	a5,a3,a4
   19990:	00c7e7b3          	or	a5,a5,a2
   19994:	00078463          	beqz	a5,1999c <_zisk_float+0x90c8>
   19998:	f90fb06f          	j	15128 <_zisk_float+0x4854>
   1999c:	000aa703          	lw	a4,0(s5)
   199a0:	004aa783          	lw	a5,4(s5)
   199a4:	0007d463          	bgez	a5,199ac <_zisk_float+0x90d8>
   199a8:	f80fb06f          	j	15128 <_zisk_float+0x4854>
   199ac:	00000713          	li	a4,0
   199b0:	00e9a023          	sw	a4,0(s3)
   199b4:	7ff807b7          	lui	a5,0x7ff80
   199b8:	00f9a223          	sw	a5,4(s3)
   199bc:	01000513          	li	a0,16
   199c0:	40c050ef          	jal	1edcc <softfloat_raiseFlags>
   199c4:	00006697          	auipc	a3,0x6
   199c8:	ab06a683          	lw	a3,-1360(a3) # 1f474 <softfloat_exceptionFlags>
   199cc:	09812403          	lw	s0,152(sp)
   199d0:	09412483          	lw	s1,148(sp)
   199d4:	09012903          	lw	s2,144(sp)
   199d8:	08c12983          	lw	s3,140(sp)
   199dc:	08812a03          	lw	s4,136(sp)
   199e0:	08412a83          	lw	s5,132(sp)
   199e4:	01f6f313          	andi	t1,a3,31
   199e8:	fb1f606f          	j	10998 <_zisk_float+0xc4>
   199ec:	000a2503          	lw	a0,0(s4)
   199f0:	004a2583          	lw	a1,4(s4)
   199f4:	00e57533          	and	a0,a0,a4
   199f8:	00050463          	beqz	a0,19a00 <_zisk_float+0x912c>
   199fc:	ba0fb06f          	j	14d9c <_zisk_float+0x44c8>
   19a00:	000a2703          	lw	a4,0(s4)
   19a04:	004a2783          	lw	a5,4(s4)
   19a08:	00079663          	bnez	a5,19a14 <_zisk_float+0x9140>
   19a0c:	00e6e463          	bltu	a3,a4,19a14 <_zisk_float+0x9140>
   19a10:	b8cfb06f          	j	14d9c <_zisk_float+0x44c8>
   19a14:	7fc00737          	lui	a4,0x7fc00
   19a18:	00e9a023          	sw	a4,0(s3)
   19a1c:	00000793          	li	a5,0
   19a20:	00f9a223          	sw	a5,4(s3)
   19a24:	01000513          	li	a0,16
   19a28:	3a4050ef          	jal	1edcc <softfloat_raiseFlags>
   19a2c:	00006697          	auipc	a3,0x6
   19a30:	a486a683          	lw	a3,-1464(a3) # 1f474 <softfloat_exceptionFlags>
   19a34:	09812403          	lw	s0,152(sp)
   19a38:	09412483          	lw	s1,148(sp)
   19a3c:	09012903          	lw	s2,144(sp)
   19a40:	08c12983          	lw	s3,140(sp)
   19a44:	08812a03          	lw	s4,136(sp)
   19a48:	01f6f313          	andi	t1,a3,31
   19a4c:	f4df606f          	j	10998 <_zisk_float+0xc4>
   19a50:	0009a603          	lw	a2,0(s3)
   19a54:	0049a683          	lw	a3,4(s3)
   19a58:	00e6f733          	and	a4,a3,a4
   19a5c:	00c76733          	or	a4,a4,a2
   19a60:	00070463          	beqz	a4,19a68 <_zisk_float+0x9194>
   19a64:	dd5f806f          	j	12838 <_zisk_float+0x1f64>
   19a68:	00000713          	li	a4,0
   19a6c:	00e92023          	sw	a4,0(s2)
   19a70:	7ff807b7          	lui	a5,0x7ff80
   19a74:	00f92223          	sw	a5,4(s2)
   19a78:	01000513          	li	a0,16
   19a7c:	350050ef          	jal	1edcc <softfloat_raiseFlags>
   19a80:	00006697          	auipc	a3,0x6
   19a84:	9f46a683          	lw	a3,-1548(a3) # 1f474 <softfloat_exceptionFlags>
   19a88:	09812403          	lw	s0,152(sp)
   19a8c:	09412483          	lw	s1,148(sp)
   19a90:	09012903          	lw	s2,144(sp)
   19a94:	08c12983          	lw	s3,140(sp)
   19a98:	01f6f313          	andi	t1,a3,31
   19a9c:	efdf606f          	j	10998 <_zisk_float+0xc4>
   19aa0:	0009a503          	lw	a0,0(s3)
   19aa4:	0049a583          	lw	a1,4(s3)
   19aa8:	00d57533          	and	a0,a0,a3
   19aac:	00050463          	beqz	a0,19ab4 <_zisk_float+0x91e0>
   19ab0:	974f906f          	j	12c24 <_zisk_float+0x2350>
   19ab4:	7fc00737          	lui	a4,0x7fc00
   19ab8:	00e92023          	sw	a4,0(s2)
   19abc:	00000793          	li	a5,0
   19ac0:	00f92223          	sw	a5,4(s2)
   19ac4:	01000513          	li	a0,16
   19ac8:	304050ef          	jal	1edcc <softfloat_raiseFlags>
   19acc:	00006697          	auipc	a3,0x6
   19ad0:	9a86a683          	lw	a3,-1624(a3) # 1f474 <softfloat_exceptionFlags>
   19ad4:	09812403          	lw	s0,152(sp)
   19ad8:	09412483          	lw	s1,148(sp)
   19adc:	09012903          	lw	s2,144(sp)
   19ae0:	08c12983          	lw	s3,140(sp)
   19ae4:	01f6f313          	andi	t1,a3,31
   19ae8:	eb1f606f          	j	10998 <_zisk_float+0xc4>
   19aec:	0007a603          	lw	a2,0(a5) # 7ff80000 <_float_lib_entry+0x7fe80000>
   19af0:	7f8005b7          	lui	a1,0x7f800
   19af4:	0047a683          	lw	a3,4(a5)
   19af8:	00b67633          	and	a2,a2,a1
   19afc:	5cb60e63          	beq	a2,a1,1a0d8 <_zisk_float+0x9804>
   19b00:	0007a603          	lw	a2,0(a5)
   19b04:	7f8005b7          	lui	a1,0x7f800
   19b08:	0047a683          	lw	a3,4(a5)
   19b0c:	00b67633          	and	a2,a2,a1
   19b10:	62b60463          	beq	a2,a1,1a138 <_zisk_float+0x9864>
   19b14:	0007a583          	lw	a1,0(a5)
   19b18:	0047a603          	lw	a2,4(a5)
   19b1c:	7f8006b7          	lui	a3,0x7f800
   19b20:	00d5f633          	and	a2,a1,a3
   19b24:	22061a63          	bnez	a2,19d58 <_zisk_float+0x9484>
   19b28:	0007a603          	lw	a2,0(a5)
   19b2c:	0047a683          	lw	a3,4(a5)
   19b30:	00961613          	slli	a2,a2,0x9
   19b34:	22060263          	beqz	a2,19d58 <_zisk_float+0x9484>
   19b38:	0007a503          	lw	a0,0(a5)
   19b3c:	0047a583          	lw	a1,4(a5)
   19b40:	002006b7          	lui	a3,0x200
   19b44:	00371793          	slli	a5,a4,0x3
   19b48:	11868713          	addi	a4,a3,280 # 200118 <_float_lib_entry+0x100118>
   19b4c:	00e787b3          	add	a5,a5,a4
   19b50:	00059663          	bnez	a1,19b5c <_zisk_float+0x9288>
   19b54:	00054463          	bltz	a0,19b5c <_zisk_float+0x9288>
   19b58:	d50f906f          	j	130a8 <_zisk_float+0x27d4>
   19b5c:	00400613          	li	a2,4
   19b60:	00000693          	li	a3,0
   19b64:	d64f806f          	j	120c8 <_zisk_float+0x17f4>
   19b68:	7fc00737          	lui	a4,0x7fc00
   19b6c:	00e92023          	sw	a4,0(s2)
   19b70:	00000793          	li	a5,0
   19b74:	00f92223          	sw	a5,4(s2)
   19b78:	01000513          	li	a0,16
   19b7c:	250050ef          	jal	1edcc <softfloat_raiseFlags>
   19b80:	00006697          	auipc	a3,0x6
   19b84:	8f46a683          	lw	a3,-1804(a3) # 1f474 <softfloat_exceptionFlags>
   19b88:	09812403          	lw	s0,152(sp)
   19b8c:	09412483          	lw	s1,148(sp)
   19b90:	09012903          	lw	s2,144(sp)
   19b94:	01f6f313          	andi	t1,a3,31
   19b98:	e01f606f          	j	10998 <_zisk_float+0xc4>
   19b9c:	0009a603          	lw	a2,0(s3)
   19ba0:	0049a683          	lw	a3,4(s3)
   19ba4:	00e67633          	and	a2,a2,a4
   19ba8:	00060463          	beqz	a2,19bb0 <_zisk_float+0x92dc>
   19bac:	b65f806f          	j	12710 <_zisk_float+0x1e3c>
   19bb0:	7fc00737          	lui	a4,0x7fc00
   19bb4:	00e92023          	sw	a4,0(s2)
   19bb8:	00000793          	li	a5,0
   19bbc:	00f92223          	sw	a5,4(s2)
   19bc0:	01000513          	li	a0,16
   19bc4:	208050ef          	jal	1edcc <softfloat_raiseFlags>
   19bc8:	00006697          	auipc	a3,0x6
   19bcc:	8ac6a683          	lw	a3,-1876(a3) # 1f474 <softfloat_exceptionFlags>
   19bd0:	09812403          	lw	s0,152(sp)
   19bd4:	09412483          	lw	s1,148(sp)
   19bd8:	09012903          	lw	s2,144(sp)
   19bdc:	08c12983          	lw	s3,140(sp)
   19be0:	01f6f313          	andi	t1,a3,31
   19be4:	db5f606f          	j	10998 <_zisk_float+0xc4>
   19be8:	00000713          	li	a4,0
   19bec:	00e92023          	sw	a4,0(s2)
   19bf0:	7ff807b7          	lui	a5,0x7ff80
   19bf4:	00f92223          	sw	a5,4(s2)
   19bf8:	01000513          	li	a0,16
   19bfc:	1d0050ef          	jal	1edcc <softfloat_raiseFlags>
   19c00:	00006697          	auipc	a3,0x6
   19c04:	8746a683          	lw	a3,-1932(a3) # 1f474 <softfloat_exceptionFlags>
   19c08:	09812403          	lw	s0,152(sp)
   19c0c:	09412483          	lw	s1,148(sp)
   19c10:	09012903          	lw	s2,144(sp)
   19c14:	01f6f313          	andi	t1,a3,31
   19c18:	d81f606f          	j	10998 <_zisk_float+0xc4>
   19c1c:	0009a603          	lw	a2,0(s3)
   19c20:	0049a683          	lw	a3,4(s3)
   19c24:	00e6f733          	and	a4,a3,a4
   19c28:	00c76733          	or	a4,a4,a2
   19c2c:	00070463          	beqz	a4,19c34 <_zisk_float+0x9360>
   19c30:	969f806f          	j	12598 <_zisk_float+0x1cc4>
   19c34:	00000713          	li	a4,0
   19c38:	00e92023          	sw	a4,0(s2)
   19c3c:	7ff807b7          	lui	a5,0x7ff80
   19c40:	00f92223          	sw	a5,4(s2)
   19c44:	01000513          	li	a0,16
   19c48:	184050ef          	jal	1edcc <softfloat_raiseFlags>
   19c4c:	00006697          	auipc	a3,0x6
   19c50:	8286a683          	lw	a3,-2008(a3) # 1f474 <softfloat_exceptionFlags>
   19c54:	09812403          	lw	s0,152(sp)
   19c58:	09412483          	lw	s1,148(sp)
   19c5c:	09012903          	lw	s2,144(sp)
   19c60:	08c12983          	lw	s3,140(sp)
   19c64:	01f6f313          	andi	t1,a3,31
   19c68:	d31f606f          	j	10998 <_zisk_float+0xc4>
   19c6c:	80000737          	lui	a4,0x80000
   19c70:	01070463          	beq	a4,a6,19c78 <_zisk_float+0x93a4>
   19c74:	8e1f906f          	j	13554 <_zisk_float+0x2c80>
   19c78:	b29ff06f          	j	197a0 <_zisk_float+0x8ecc>
   19c7c:	80000737          	lui	a4,0x80000
   19c80:	01070463          	beq	a4,a6,19c88 <_zisk_float+0x93b4>
   19c84:	8a8fc06f          	j	15d2c <_zisk_float+0x5458>
   19c88:	b55ff06f          	j	197dc <_zisk_float+0x8f08>
   19c8c:	0004a603          	lw	a2,0(s1)
   19c90:	0044a683          	lw	a3,4(s1)
   19c94:	00c69713          	slli	a4,a3,0xc
   19c98:	00c75713          	srli	a4,a4,0xc
   19c9c:	00c76733          	or	a4,a4,a2
   19ca0:	00071463          	bnez	a4,19ca8 <_zisk_float+0x93d4>
   19ca4:	b34fe06f          	j	17fd8 <_zisk_float+0x7704>
   19ca8:	80000637          	lui	a2,0x80000
   19cac:	fff60613          	addi	a2,a2,-1 # 7fffffff <_float_lib_entry+0x7fefffff>
   19cb0:	00000693          	li	a3,0
   19cb4:	00c7a023          	sw	a2,0(a5) # 7ff80000 <_float_lib_entry+0x7fe80000>
   19cb8:	00d7a223          	sw	a3,4(a5)
   19cbc:	b40fe06f          	j	17ffc <_zisk_float+0x7728>
   19cc0:	0009a603          	lw	a2,0(s3)
   19cc4:	0049a683          	lw	a3,4(s3)
   19cc8:	00961613          	slli	a2,a2,0x9
   19ccc:	00060463          	beqz	a2,19cd4 <_zisk_float+0x9400>
   19cd0:	e35f806f          	j	12b04 <_zisk_float+0x2230>
   19cd4:	0009a603          	lw	a2,0(s3)
   19cd8:	0049a683          	lw	a3,4(s3)
   19cdc:	00069663          	bnez	a3,19ce8 <_zisk_float+0x9414>
   19ce0:	00064463          	bltz	a2,19ce8 <_zisk_float+0x9414>
   19ce4:	e21f806f          	j	12b04 <_zisk_float+0x2230>
   19ce8:	7fc00737          	lui	a4,0x7fc00
   19cec:	00e92023          	sw	a4,0(s2)
   19cf0:	00000793          	li	a5,0
   19cf4:	00f92223          	sw	a5,4(s2)
   19cf8:	01000513          	li	a0,16
   19cfc:	0d0050ef          	jal	1edcc <softfloat_raiseFlags>
   19d00:	00005697          	auipc	a3,0x5
   19d04:	7746a683          	lw	a3,1908(a3) # 1f474 <softfloat_exceptionFlags>
   19d08:	09812403          	lw	s0,152(sp)
   19d0c:	09412483          	lw	s1,148(sp)
   19d10:	09012903          	lw	s2,144(sp)
   19d14:	08c12983          	lw	s3,140(sp)
   19d18:	01f6f313          	andi	t1,a3,31
   19d1c:	c7df606f          	j	10998 <_zisk_float+0xc4>
   19d20:	00000713          	li	a4,0
   19d24:	00e92023          	sw	a4,0(s2)
   19d28:	7ff807b7          	lui	a5,0x7ff80
   19d2c:	00f92223          	sw	a5,4(s2)
   19d30:	01000513          	li	a0,16
   19d34:	098050ef          	jal	1edcc <softfloat_raiseFlags>
   19d38:	00005697          	auipc	a3,0x5
   19d3c:	73c6a683          	lw	a3,1852(a3) # 1f474 <softfloat_exceptionFlags>
   19d40:	09812403          	lw	s0,152(sp)
   19d44:	09412483          	lw	s1,148(sp)
   19d48:	09012903          	lw	s2,144(sp)
   19d4c:	08c12983          	lw	s3,140(sp)
   19d50:	01f6f313          	andi	t1,a3,31
   19d54:	c45f606f          	j	10998 <_zisk_float+0xc4>
   19d58:	0007a603          	lw	a2,0(a5) # 7ff80000 <_float_lib_entry+0x7fe80000>
   19d5c:	7f800837          	lui	a6,0x7f800
   19d60:	0047a683          	lw	a3,4(a5)
   19d64:	01067633          	and	a2,a2,a6
   19d68:	00061463          	bnez	a2,19d70 <_zisk_float+0x949c>
   19d6c:	ccdf606f          	j	10a38 <_zisk_float+0x164>
   19d70:	0007a503          	lw	a0,0(a5)
   19d74:	0047a583          	lw	a1,4(a5)
   19d78:	01057533          	and	a0,a0,a6
   19d7c:	01051463          	bne	a0,a6,19d84 <_zisk_float+0x94b0>
   19d80:	cb9f606f          	j	10a38 <_zisk_float+0x164>
   19d84:	0007a503          	lw	a0,0(a5)
   19d88:	0047a583          	lw	a1,4(a5)
   19d8c:	002006b7          	lui	a3,0x200
   19d90:	00371793          	slli	a5,a4,0x3
   19d94:	11868713          	addi	a4,a3,280 # 200118 <_float_lib_entry+0x100118>
   19d98:	00e787b3          	add	a5,a5,a4
   19d9c:	00059463          	bnez	a1,19da4 <_zisk_float+0x94d0>
   19da0:	42055263          	bgez	a0,1a1c4 <_zisk_float+0x98f0>
   19da4:	00200613          	li	a2,2
   19da8:	00000693          	li	a3,0
   19dac:	b1cf806f          	j	120c8 <_zisk_float+0x17f4>
   19db0:	0009a603          	lw	a2,0(s3)
   19db4:	0049a683          	lw	a3,4(s3)
   19db8:	00e6f733          	and	a4,a3,a4
   19dbc:	00c76733          	or	a4,a4,a2
   19dc0:	00071463          	bnez	a4,19dc8 <_zisk_float+0x94f4>
   19dc4:	bcdf806f          	j	12990 <_zisk_float+0x20bc>
   19dc8:	f55fd06f          	j	17d1c <_zisk_float+0x7448>
   19dcc:	0007a603          	lw	a2,0(a5)
   19dd0:	0047a683          	lw	a3,4(a5)
   19dd4:	00961613          	slli	a2,a2,0x9
   19dd8:	00060463          	beqz	a2,19de0 <_zisk_float+0x950c>
   19ddc:	b54f906f          	j	13130 <_zisk_float+0x285c>
   19de0:	0007a603          	lw	a2,0(a5)
   19de4:	0047a683          	lw	a3,4(a5)
   19de8:	00068463          	beqz	a3,19df0 <_zisk_float+0x951c>
   19dec:	b44f906f          	j	13130 <_zisk_float+0x285c>
   19df0:	00065463          	bgez	a2,19df8 <_zisk_float+0x9524>
   19df4:	b3cf906f          	j	13130 <_zisk_float+0x285c>
   19df8:	002006b7          	lui	a3,0x200
   19dfc:	00371793          	slli	a5,a4,0x3
   19e00:	11868713          	addi	a4,a3,280 # 200118 <_float_lib_entry+0x100118>
   19e04:	00e787b3          	add	a5,a5,a4
   19e08:	08000613          	li	a2,128
   19e0c:	00000693          	li	a3,0
   19e10:	ab8f806f          	j	120c8 <_zisk_float+0x17f4>
   19e14:	0009a603          	lw	a2,0(s3)
   19e18:	0049a683          	lw	a3,4(s3)
   19e1c:	00961613          	slli	a2,a2,0x9
   19e20:	00060463          	beqz	a2,19e28 <_zisk_float+0x9554>
   19e24:	930f906f          	j	12f54 <_zisk_float+0x2680>
   19e28:	0009a603          	lw	a2,0(s3)
   19e2c:	0049a683          	lw	a3,4(s3)
   19e30:	00069663          	bnez	a3,19e3c <_zisk_float+0x9568>
   19e34:	00064463          	bltz	a2,19e3c <_zisk_float+0x9568>
   19e38:	91cf906f          	j	12f54 <_zisk_float+0x2680>
   19e3c:	ff800737          	lui	a4,0xff800
   19e40:	00000793          	li	a5,0
   19e44:	00e92023          	sw	a4,0(s2)
   19e48:	00f92223          	sw	a5,4(s2)
   19e4c:	a85fd06f          	j	178d0 <_zisk_float+0x6ffc>
   19e50:	0007a603          	lw	a2,0(a5)
   19e54:	0047a683          	lw	a3,4(a5)
   19e58:	00961613          	slli	a2,a2,0x9
   19e5c:	00060463          	beqz	a2,19e64 <_zisk_float+0x9590>
   19e60:	ab8f906f          	j	13118 <_zisk_float+0x2844>
   19e64:	0007a603          	lw	a2,0(a5)
   19e68:	0047a683          	lw	a3,4(a5)
   19e6c:	00069663          	bnez	a3,19e78 <_zisk_float+0x95a4>
   19e70:	00064463          	bltz	a2,19e78 <_zisk_float+0x95a4>
   19e74:	aa4f906f          	j	13118 <_zisk_float+0x2844>
   19e78:	002006b7          	lui	a3,0x200
   19e7c:	0e40006f          	j	19f60 <_zisk_float+0x968c>
   19e80:	00042703          	lw	a4,0(s0)
   19e84:	00442783          	lw	a5,4(s0)
   19e88:	00e4a023          	sw	a4,0(s1)
   19e8c:	00f4a223          	sw	a5,4(s1)
   19e90:	90dfe06f          	j	1879c <_zisk_float+0x7ec8>
   19e94:	7fc00737          	lui	a4,0x7fc00
   19e98:	00e92023          	sw	a4,0(s2)
   19e9c:	00000793          	li	a5,0
   19ea0:	00f92223          	sw	a5,4(s2)
   19ea4:	01000513          	li	a0,16
   19ea8:	725040ef          	jal	1edcc <softfloat_raiseFlags>
   19eac:	00005697          	auipc	a3,0x5
   19eb0:	5c86a683          	lw	a3,1480(a3) # 1f474 <softfloat_exceptionFlags>
   19eb4:	09812403          	lw	s0,152(sp)
   19eb8:	09412483          	lw	s1,148(sp)
   19ebc:	09012903          	lw	s2,144(sp)
   19ec0:	08c12983          	lw	s3,140(sp)
   19ec4:	01f6f313          	andi	t1,a3,31
   19ec8:	ad1f606f          	j	10998 <_zisk_float+0xc4>
   19ecc:	00000513          	li	a0,0
   19ed0:	800005b7          	lui	a1,0x80000
   19ed4:	00a7a023          	sw	a0,0(a5)
   19ed8:	00b7a223          	sw	a1,4(a5)
   19edc:	c80fe06f          	j	1835c <_zisk_float+0x7a88>
   19ee0:	0004a503          	lw	a0,0(s1)
   19ee4:	0044a583          	lw	a1,4(s1)
   19ee8:	00c59713          	slli	a4,a1,0xc
   19eec:	00c75713          	srli	a4,a4,0xc
   19ef0:	00a76733          	or	a4,a4,a0
   19ef4:	00071463          	bnez	a4,19efc <_zisk_float+0x9628>
   19ef8:	c40fe06f          	j	18338 <_zisk_float+0x7a64>
   19efc:	c4cfe06f          	j	18348 <_zisk_float+0x7a74>
   19f00:	0004a603          	lw	a2,0(s1)
   19f04:	0044a683          	lw	a3,4(s1)
   19f08:	00c69713          	slli	a4,a3,0xc
   19f0c:	00c75713          	srli	a4,a4,0xc
   19f10:	00c76733          	or	a4,a4,a2
   19f14:	00071463          	bnez	a4,19f1c <_zisk_float+0x9648>
   19f18:	b28f906f          	j	13240 <_zisk_float+0x296c>
   19f1c:	b34f906f          	j	13250 <_zisk_float+0x297c>
   19f20:	00000793          	li	a5,0
   19f24:	00000813          	li	a6,0
   19f28:	00f42023          	sw	a5,0(s0)
   19f2c:	01042223          	sw	a6,4(s0)
   19f30:	dd9fc06f          	j	16d08 <_zisk_float+0x6434>
   19f34:	0004a583          	lw	a1,0(s1)
   19f38:	0044a603          	lw	a2,4(s1)
   19f3c:	00c61793          	slli	a5,a2,0xc
   19f40:	00c7d793          	srli	a5,a5,0xc
   19f44:	00b7e7b3          	or	a5,a5,a1
   19f48:	00079463          	bnez	a5,19f50 <_zisk_float+0x967c>
   19f4c:	d9dfc06f          	j	16ce8 <_zisk_float+0x6414>
   19f50:	da9fc06f          	j	16cf8 <_zisk_float+0x6424>
   19f54:	fff00637          	lui	a2,0xfff00
   19f58:	00b60463          	beq	a2,a1,19f60 <_zisk_float+0x968c>
   19f5c:	894f906f          	j	12ff0 <_zisk_float+0x271c>
   19f60:	00371793          	slli	a5,a4,0x3
   19f64:	11868713          	addi	a4,a3,280
   19f68:	00e787b3          	add	a5,a5,a4
   19f6c:	00100613          	li	a2,1
   19f70:	00000693          	li	a3,0
   19f74:	954f806f          	j	120c8 <_zisk_float+0x17f4>
   19f78:	00000693          	li	a3,0
   19f7c:	00000713          	li	a4,0
   19f80:	00d7a023          	sw	a3,0(a5)
   19f84:	00e7a223          	sw	a4,4(a5)
   19f88:	ad8f906f          	j	13260 <_zisk_float+0x298c>
   19f8c:	0004a583          	lw	a1,0(s1)
   19f90:	0044a603          	lw	a2,4(s1)
   19f94:	00d677b3          	and	a5,a2,a3
   19f98:	00b7e7b3          	or	a5,a5,a1
   19f9c:	00079463          	bnez	a5,19fa4 <_zisk_float+0x96d0>
   19fa0:	c18fc06f          	j	163b8 <_zisk_float+0x5ae4>
   19fa4:	0004a703          	lw	a4,0(s1)
   19fa8:	0044a783          	lw	a5,4(s1)
   19fac:	00c79713          	slli	a4,a5,0xc
   19fb0:	00075463          	bgez	a4,19fb8 <_zisk_float+0x96e4>
   19fb4:	c04fc06f          	j	163b8 <_zisk_float+0x5ae4>
   19fb8:	01000513          	li	a0,16
   19fbc:	611040ef          	jal	1edcc <softfloat_raiseFlags>
   19fc0:	bf8fc06f          	j	163b8 <_zisk_float+0x5ae4>
   19fc4:	0004a503          	lw	a0,0(s1)
   19fc8:	0044a583          	lw	a1,4(s1)
   19fcc:	00d57533          	and	a0,a0,a3
   19fd0:	00051463          	bnez	a0,19fd8 <_zisk_float+0x9704>
   19fd4:	89dfc06f          	j	16870 <_zisk_float+0x5f9c>
   19fd8:	0004a603          	lw	a2,0(s1)
   19fdc:	00400737          	lui	a4,0x400
   19fe0:	0044a683          	lw	a3,4(s1)
   19fe4:	00e67633          	and	a2,a2,a4
   19fe8:	00060463          	beqz	a2,19ff0 <_zisk_float+0x971c>
   19fec:	885fc06f          	j	16870 <_zisk_float+0x5f9c>
   19ff0:	01000713          	li	a4,16
   19ff4:	00e82023          	sw	a4,0(a6) # 7f800000 <_float_lib_entry+0x7f700000>
   19ff8:	879fc06f          	j	16870 <_zisk_float+0x5f9c>
   19ffc:	0005a803          	lw	a6,0(a1) # 80000000 <_float_lib_entry+0x7ff00000>
   1a000:	0045a883          	lw	a7,4(a1)
   1a004:	00d8f7b3          	and	a5,a7,a3
   1a008:	0107e7b3          	or	a5,a5,a6
   1a00c:	00079463          	bnez	a5,1a014 <_zisk_float+0x9740>
   1a010:	da0fc06f          	j	165b0 <_zisk_float+0x5cdc>
   1a014:	0005a703          	lw	a4,0(a1)
   1a018:	0045a783          	lw	a5,4(a1)
   1a01c:	00c79713          	slli	a4,a5,0xc
   1a020:	00075463          	bgez	a4,1a028 <_zisk_float+0x9754>
   1a024:	d8cfc06f          	j	165b0 <_zisk_float+0x5cdc>
   1a028:	01000513          	li	a0,16
   1a02c:	5a1040ef          	jal	1edcc <softfloat_raiseFlags>
   1a030:	d80fc06f          	j	165b0 <_zisk_float+0x5cdc>
   1a034:	00000793          	li	a5,0
   1a038:	00000813          	li	a6,0
   1a03c:	00f4a023          	sw	a5,0(s1)
   1a040:	0104a223          	sw	a6,4(s1)
   1a044:	df9f806f          	j	12e3c <_zisk_float+0x2568>
   1a048:	80000637          	lui	a2,0x80000
   1a04c:	00b60463          	beq	a2,a1,1a054 <_zisk_float+0x9780>
   1a050:	fc1f806f          	j	13010 <_zisk_float+0x273c>
   1a054:	91cf906f          	j	13170 <_zisk_float+0x289c>
   1a058:	7ff00637          	lui	a2,0x7ff00
   1a05c:	00b60463          	beq	a2,a1,1a064 <_zisk_float+0x9790>
   1a060:	fa1f806f          	j	13000 <_zisk_float+0x272c>
   1a064:	d95ff06f          	j	19df8 <_zisk_float+0x9524>
   1a068:	0004a703          	lw	a4,0(s1)
   1a06c:	0044a783          	lw	a5,4(s1)
   1a070:	00d77733          	and	a4,a4,a3
   1a074:	00071463          	bnez	a4,1a07c <_zisk_float+0x97a8>
   1a078:	a9cfc06f          	j	16314 <_zisk_float+0x5a40>
   1a07c:	0004a683          	lw	a3,0(s1)
   1a080:	0044a703          	lw	a4,4(s1)
   1a084:	004007b7          	lui	a5,0x400
   1a088:	00f6f733          	and	a4,a3,a5
   1a08c:	00070463          	beqz	a4,1a094 <_zisk_float+0x97c0>
   1a090:	a84fc06f          	j	16314 <_zisk_float+0x5a40>
   1a094:	01000513          	li	a0,16
   1a098:	535040ef          	jal	1edcc <softfloat_raiseFlags>
   1a09c:	a78fc06f          	j	16314 <_zisk_float+0x5a40>
   1a0a0:	0004a603          	lw	a2,0(s1)
   1a0a4:	0044a683          	lw	a3,4(s1)
   1a0a8:	00e6f733          	and	a4,a3,a4
   1a0ac:	00c76733          	or	a4,a4,a2
   1a0b0:	00071463          	bnez	a4,1a0b8 <_zisk_float+0x97e4>
   1a0b4:	828ff06f          	j	190dc <_zisk_float+0x8808>
   1a0b8:	0004a603          	lw	a2,0(s1)
   1a0bc:	0044a683          	lw	a3,4(s1)
   1a0c0:	00c69713          	slli	a4,a3,0xc
   1a0c4:	00075463          	bgez	a4,1a0cc <_zisk_float+0x97f8>
   1a0c8:	814ff06f          	j	190dc <_zisk_float+0x8808>
   1a0cc:	01000713          	li	a4,16
   1a0d0:	00e82023          	sw	a4,0(a6)
   1a0d4:	808ff06f          	j	190dc <_zisk_float+0x8808>
   1a0d8:	0007a583          	lw	a1,0(a5) # 400000 <_float_lib_entry+0x300000>
   1a0dc:	0047a603          	lw	a2,4(a5)
   1a0e0:	004006b7          	lui	a3,0x400
   1a0e4:	00d5f633          	and	a2,a1,a3
   1a0e8:	a0060ce3          	beqz	a2,19b00 <_zisk_float+0x922c>
   1a0ec:	002006b7          	lui	a3,0x200
   1a0f0:	00371793          	slli	a5,a4,0x3
   1a0f4:	11868713          	addi	a4,a3,280 # 200118 <_float_lib_entry+0x100118>
   1a0f8:	00e787b3          	add	a5,a5,a4
   1a0fc:	20000613          	li	a2,512
   1a100:	00000693          	li	a3,0
   1a104:	fc5f706f          	j	120c8 <_zisk_float+0x17f4>
   1a108:	00092603          	lw	a2,0(s2)
   1a10c:	00492683          	lw	a3,4(s2)
   1a110:	00e6f733          	and	a4,a3,a4
   1a114:	00c76733          	or	a4,a4,a2
   1a118:	9a070c63          	beqz	a4,192d0 <_zisk_float+0x89fc>
   1a11c:	00092603          	lw	a2,0(s2)
   1a120:	00492683          	lw	a3,4(s2)
   1a124:	00c69713          	slli	a4,a3,0xc
   1a128:	9a074463          	bltz	a4,192d0 <_zisk_float+0x89fc>
   1a12c:	01000713          	li	a4,16
   1a130:	00e82023          	sw	a4,0(a6)
   1a134:	99cff06f          	j	192d0 <_zisk_float+0x89fc>
   1a138:	0007a603          	lw	a2,0(a5)
   1a13c:	0047a683          	lw	a3,4(a5)
   1a140:	00961613          	slli	a2,a2,0x9
   1a144:	9c0608e3          	beqz	a2,19b14 <_zisk_float+0x9240>
   1a148:	0007a583          	lw	a1,0(a5)
   1a14c:	0047a603          	lw	a2,4(a5)
   1a150:	004006b7          	lui	a3,0x400
   1a154:	00d5f633          	and	a2,a1,a3
   1a158:	9a061ee3          	bnez	a2,19b14 <_zisk_float+0x9240>
   1a15c:	002006b7          	lui	a3,0x200
   1a160:	00371793          	slli	a5,a4,0x3
   1a164:	11868713          	addi	a4,a3,280 # 200118 <_float_lib_entry+0x100118>
   1a168:	00e787b3          	add	a5,a5,a4
   1a16c:	10000613          	li	a2,256
   1a170:	00000693          	li	a3,0
   1a174:	f55f706f          	j	120c8 <_zisk_float+0x17f4>
   1a178:	0007a503          	lw	a0,0(a5)
   1a17c:	0047a583          	lw	a1,4(a5)
   1a180:	7ff006b7          	lui	a3,0x7ff00
   1a184:	0145d613          	srli	a2,a1,0x14
   1a188:	7ff67613          	andi	a2,a2,2047
   1a18c:	00061463          	bnez	a2,1a194 <_zisk_float+0x98c0>
   1a190:	8a9f606f          	j	10a38 <_zisk_float+0x164>
   1a194:	0007a503          	lw	a0,0(a5)
   1a198:	0047a583          	lw	a1,4(a5)
   1a19c:	00d5f633          	and	a2,a1,a3
   1a1a0:	00d61463          	bne	a2,a3,1a1a8 <_zisk_float+0x98d4>
   1a1a4:	895f606f          	j	10a38 <_zisk_float+0x164>
   1a1a8:	0007a503          	lw	a0,0(a5)
   1a1ac:	0047a583          	lw	a1,4(a5)
   1a1b0:	002006b7          	lui	a3,0x200
   1a1b4:	00371793          	slli	a5,a4,0x3
   1a1b8:	11868713          	addi	a4,a3,280 # 200118 <_float_lib_entry+0x100118>
   1a1bc:	00e787b3          	add	a5,a5,a4
   1a1c0:	be05c2e3          	bltz	a1,19da4 <_zisk_float+0x94d0>
   1a1c4:	04000613          	li	a2,64
   1a1c8:	00000693          	li	a3,0
   1a1cc:	efdf706f          	j	120c8 <_zisk_float+0x17f4>
   1a1d0:	00042503          	lw	a0,0(s0)
   1a1d4:	00442583          	lw	a1,4(s0)
   1a1d8:	00d57533          	and	a0,a0,a3
   1a1dc:	00051463          	bnez	a0,1a1e4 <_zisk_float+0x9910>
   1a1e0:	a75fe06f          	j	18c54 <_zisk_float+0x8380>
   1a1e4:	00042603          	lw	a2,0(s0)
   1a1e8:	00400737          	lui	a4,0x400
   1a1ec:	00442683          	lw	a3,4(s0)
   1a1f0:	00e67633          	and	a2,a2,a4
   1a1f4:	00060463          	beqz	a2,1a1fc <_zisk_float+0x9928>
   1a1f8:	a5dfe06f          	j	18c54 <_zisk_float+0x8380>
   1a1fc:	01000713          	li	a4,16
   1a200:	00e82023          	sw	a4,0(a6)
   1a204:	a51fe06f          	j	18c54 <_zisk_float+0x8380>
   1a208:	00062503          	lw	a0,0(a2) # 7ff00000 <_float_lib_entry+0x7fe00000>
   1a20c:	00462583          	lw	a1,4(a2)
   1a210:	00d5f7b3          	and	a5,a1,a3
   1a214:	00a7e7b3          	or	a5,a5,a0
   1a218:	00079463          	bnez	a5,1a220 <_zisk_float+0x994c>
   1a21c:	c45fb06f          	j	15e60 <_zisk_float+0x558c>
   1a220:	00062703          	lw	a4,0(a2)
   1a224:	00462783          	lw	a5,4(a2)
   1a228:	00c79713          	slli	a4,a5,0xc
   1a22c:	00075463          	bgez	a4,1a234 <_zisk_float+0x9960>
   1a230:	c31fb06f          	j	15e60 <_zisk_float+0x558c>
   1a234:	01000513          	li	a0,16
   1a238:	395040ef          	jal	1edcc <softfloat_raiseFlags>
   1a23c:	c25fb06f          	j	15e60 <_zisk_float+0x558c>
   1a240:	0004a703          	lw	a4,0(s1)
   1a244:	0044a783          	lw	a5,4(s1)
   1a248:	00d77733          	and	a4,a4,a3
   1a24c:	00071463          	bnez	a4,1a254 <_zisk_float+0x9980>
   1a250:	c78fc06f          	j	166c8 <_zisk_float+0x5df4>
   1a254:	0004a683          	lw	a3,0(s1)
   1a258:	0044a703          	lw	a4,4(s1)
   1a25c:	004007b7          	lui	a5,0x400
   1a260:	00f6f733          	and	a4,a3,a5
   1a264:	00070463          	beqz	a4,1a26c <_zisk_float+0x9998>
   1a268:	c60fc06f          	j	166c8 <_zisk_float+0x5df4>
   1a26c:	01000513          	li	a0,16
   1a270:	35d040ef          	jal	1edcc <softfloat_raiseFlags>
   1a274:	c54fc06f          	j	166c8 <_zisk_float+0x5df4>
   1a278:	0004a583          	lw	a1,0(s1)
   1a27c:	0044a603          	lw	a2,4(s1)
   1a280:	00d677b3          	and	a5,a2,a3
   1a284:	00b7e7b3          	or	a5,a5,a1
   1a288:	00079463          	bnez	a5,1a290 <_zisk_float+0x99bc>
   1a28c:	e64fc06f          	j	168f0 <_zisk_float+0x601c>
   1a290:	0004a703          	lw	a4,0(s1)
   1a294:	0044a783          	lw	a5,4(s1)
   1a298:	00c79713          	slli	a4,a5,0xc
   1a29c:	00075463          	bgez	a4,1a2a4 <_zisk_float+0x99d0>
   1a2a0:	e50fc06f          	j	168f0 <_zisk_float+0x601c>
   1a2a4:	01000513          	li	a0,16
   1a2a8:	325040ef          	jal	1edcc <softfloat_raiseFlags>
   1a2ac:	e44fc06f          	j	168f0 <_zisk_float+0x601c>
   1a2b0:	0004a503          	lw	a0,0(s1)
   1a2b4:	0044a583          	lw	a1,4(s1)
   1a2b8:	00d57533          	and	a0,a0,a3
   1a2bc:	00051463          	bnez	a0,1a2c4 <_zisk_float+0x99f0>
   1a2c0:	fddfb06f          	j	1629c <_zisk_float+0x59c8>
   1a2c4:	0004a603          	lw	a2,0(s1)
   1a2c8:	00400737          	lui	a4,0x400
   1a2cc:	0044a683          	lw	a3,4(s1)
   1a2d0:	00e67633          	and	a2,a2,a4
   1a2d4:	00060463          	beqz	a2,1a2dc <_zisk_float+0x9a08>
   1a2d8:	fc5fb06f          	j	1629c <_zisk_float+0x59c8>
   1a2dc:	01000713          	li	a4,16
   1a2e0:	00e82023          	sw	a4,0(a6)
   1a2e4:	fb9fb06f          	j	1629c <_zisk_float+0x59c8>
   1a2e8:	00042503          	lw	a0,0(s0)
   1a2ec:	00442583          	lw	a1,4(s0)
   1a2f0:	00d57533          	and	a0,a0,a3
   1a2f4:	00051463          	bnez	a0,1a2fc <_zisk_float+0x9a28>
   1a2f8:	b25fe06f          	j	18e1c <_zisk_float+0x8548>
   1a2fc:	00042603          	lw	a2,0(s0)
   1a300:	00400737          	lui	a4,0x400
   1a304:	00442683          	lw	a3,4(s0)
   1a308:	00e67633          	and	a2,a2,a4
   1a30c:	00060463          	beqz	a2,1a314 <_zisk_float+0x9a40>
   1a310:	b0dfe06f          	j	18e1c <_zisk_float+0x8548>
   1a314:	01000713          	li	a4,16
   1a318:	00e82023          	sw	a4,0(a6)
   1a31c:	b01fe06f          	j	18e1c <_zisk_float+0x8548>
   1a320:	00092603          	lw	a2,0(s2)
   1a324:	00492683          	lw	a3,4(s2)
   1a328:	00e6f733          	and	a4,a3,a4
   1a32c:	00c76733          	or	a4,a4,a2
   1a330:	00071463          	bnez	a4,1a338 <_zisk_float+0x9a64>
   1a334:	e49fe06f          	j	1917c <_zisk_float+0x88a8>
   1a338:	00092603          	lw	a2,0(s2)
   1a33c:	00492683          	lw	a3,4(s2)
   1a340:	00c69713          	slli	a4,a3,0xc
   1a344:	00075463          	bgez	a4,1a34c <_zisk_float+0x9a78>
   1a348:	e35fe06f          	j	1917c <_zisk_float+0x88a8>
   1a34c:	01000713          	li	a4,16
   1a350:	00e82023          	sw	a4,0(a6)
   1a354:	e29fe06f          	j	1917c <_zisk_float+0x88a8>
   1a358:	0004a603          	lw	a2,0(s1)
   1a35c:	0044a683          	lw	a3,4(s1)
   1a360:	00e6f733          	and	a4,a3,a4
   1a364:	00c76733          	or	a4,a4,a2
   1a368:	00071463          	bnez	a4,1a370 <_zisk_float+0x9a9c>
   1a36c:	b8dfe06f          	j	18ef8 <_zisk_float+0x8624>
   1a370:	0004a603          	lw	a2,0(s1)
   1a374:	0044a683          	lw	a3,4(s1)
   1a378:	00c69713          	slli	a4,a3,0xc
   1a37c:	00075463          	bgez	a4,1a384 <_zisk_float+0x9ab0>
   1a380:	b79fe06f          	j	18ef8 <_zisk_float+0x8624>
   1a384:	01000713          	li	a4,16
   1a388:	00e82023          	sw	a4,0(a6)
   1a38c:	b6dfe06f          	j	18ef8 <_zisk_float+0x8624>
   1a390:	0005a703          	lw	a4,0(a1)
   1a394:	0045a783          	lw	a5,4(a1)
   1a398:	00d77733          	and	a4,a4,a3
   1a39c:	00071463          	bnez	a4,1a3a4 <_zisk_float+0x9ad0>
   1a3a0:	d11fb06f          	j	160b0 <_zisk_float+0x57dc>
   1a3a4:	0005a683          	lw	a3,0(a1)
   1a3a8:	0045a703          	lw	a4,4(a1)
   1a3ac:	004007b7          	lui	a5,0x400
   1a3b0:	00f6f733          	and	a4,a3,a5
   1a3b4:	00070463          	beqz	a4,1a3bc <_zisk_float+0x9ae8>
   1a3b8:	cf9fb06f          	j	160b0 <_zisk_float+0x57dc>
   1a3bc:	01000513          	li	a0,16
   1a3c0:	20d040ef          	jal	1edcc <softfloat_raiseFlags>
   1a3c4:	cedfb06f          	j	160b0 <_zisk_float+0x57dc>
   1a3c8:	0005a703          	lw	a4,0(a1)
   1a3cc:	0045a783          	lw	a5,4(a1)
   1a3d0:	00d77733          	and	a4,a4,a3
   1a3d4:	00071463          	bnez	a4,1a3dc <_zisk_float+0x9b08>
   1a3d8:	b80fc06f          	j	16758 <_zisk_float+0x5e84>
   1a3dc:	0005a683          	lw	a3,0(a1)
   1a3e0:	0045a703          	lw	a4,4(a1)
   1a3e4:	004007b7          	lui	a5,0x400
   1a3e8:	00f6f733          	and	a4,a3,a5
   1a3ec:	00070463          	beqz	a4,1a3f4 <_zisk_float+0x9b20>
   1a3f0:	b68fc06f          	j	16758 <_zisk_float+0x5e84>
   1a3f4:	01000513          	li	a0,16
   1a3f8:	1d5040ef          	jal	1edcc <softfloat_raiseFlags>
   1a3fc:	b5cfc06f          	j	16758 <_zisk_float+0x5e84>
   1a400:	00092603          	lw	a2,0(s2)
   1a404:	00492683          	lw	a3,4(s2)
   1a408:	00c69713          	slli	a4,a3,0xc
   1a40c:	00c75713          	srli	a4,a4,0xc
   1a410:	00c76733          	or	a4,a4,a2
   1a414:	00071463          	bnez	a4,1a41c <_zisk_float+0x9b48>
   1a418:	c21fe06f          	j	19038 <_zisk_float+0x8764>
   1a41c:	00092603          	lw	a2,0(s2)
   1a420:	00492683          	lw	a3,4(s2)
   1a424:	00c69713          	slli	a4,a3,0xc
   1a428:	00075463          	bgez	a4,1a430 <_zisk_float+0x9b5c>
   1a42c:	c0dfe06f          	j	19038 <_zisk_float+0x8764>
   1a430:	00005817          	auipc	a6,0x5
   1a434:	04480813          	addi	a6,a6,68 # 1f474 <softfloat_exceptionFlags>
   1a438:	01000713          	li	a4,16
   1a43c:	00e82023          	sw	a4,0(a6)
   1a440:	bf9fe06f          	j	19038 <_zisk_float+0x8764>
   1a444:	0004a603          	lw	a2,0(s1)
   1a448:	0044a683          	lw	a3,4(s1)
   1a44c:	00f6f7b3          	and	a5,a3,a5
   1a450:	00c7e7b3          	or	a5,a5,a2
   1a454:	00079463          	bnez	a5,1a45c <_zisk_float+0x9b88>
   1a458:	bc1fe06f          	j	19018 <_zisk_float+0x8744>
   1a45c:	0004a703          	lw	a4,0(s1)
   1a460:	0044a783          	lw	a5,4(s1)
   1a464:	00c79713          	slli	a4,a5,0xc
   1a468:	fc0754e3          	bgez	a4,1a430 <_zisk_float+0x9b5c>
   1a46c:	badfe06f          	j	19018 <_zisk_float+0x8744>
   1a470:	00092603          	lw	a2,0(s2)
   1a474:	00492683          	lw	a3,4(s2)
   1a478:	00c69713          	slli	a4,a3,0xc
   1a47c:	00c75713          	srli	a4,a4,0xc
   1a480:	00c76733          	or	a4,a4,a2
   1a484:	00071463          	bnez	a4,1a48c <_zisk_float+0x9bb8>
   1a488:	b11fe06f          	j	18f98 <_zisk_float+0x86c4>
   1a48c:	00092603          	lw	a2,0(s2)
   1a490:	00492683          	lw	a3,4(s2)
   1a494:	00c69713          	slli	a4,a3,0xc
   1a498:	00075463          	bgez	a4,1a4a0 <_zisk_float+0x9bcc>
   1a49c:	afdfe06f          	j	18f98 <_zisk_float+0x86c4>
   1a4a0:	00005817          	auipc	a6,0x5
   1a4a4:	fd480813          	addi	a6,a6,-44 # 1f474 <softfloat_exceptionFlags>
   1a4a8:	01000713          	li	a4,16
   1a4ac:	00e82023          	sw	a4,0(a6)
   1a4b0:	ae9fe06f          	j	18f98 <_zisk_float+0x86c4>
   1a4b4:	0004a603          	lw	a2,0(s1)
   1a4b8:	0044a683          	lw	a3,4(s1)
   1a4bc:	00f6f7b3          	and	a5,a3,a5
   1a4c0:	00c7e7b3          	or	a5,a5,a2
   1a4c4:	00079463          	bnez	a5,1a4cc <_zisk_float+0x9bf8>
   1a4c8:	ab1fe06f          	j	18f78 <_zisk_float+0x86a4>
   1a4cc:	0004a703          	lw	a4,0(s1)
   1a4d0:	0044a783          	lw	a5,4(s1)
   1a4d4:	00c79713          	slli	a4,a5,0xc
   1a4d8:	fc0754e3          	bgez	a4,1a4a0 <_zisk_float+0x9bcc>
   1a4dc:	a9dfe06f          	j	18f78 <_zisk_float+0x86a4>
   1a4e0:	0007a603          	lw	a2,0(a5) # 400000 <_float_lib_entry+0x300000>
   1a4e4:	0047a683          	lw	a3,4(a5)
   1a4e8:	00c69613          	slli	a2,a3,0xc
   1a4ec:	00064463          	bltz	a2,1a4f4 <_zisk_float+0x9c20>
   1a4f0:	b4df806f          	j	1303c <_zisk_float+0x2768>
   1a4f4:	bf9ff06f          	j	1a0ec <_zisk_float+0x9818>
   1a4f8:	0004a603          	lw	a2,0(s1)
   1a4fc:	0044a683          	lw	a3,4(s1)
   1a500:	00961613          	slli	a2,a2,0x9
   1a504:	00061463          	bnez	a2,1a50c <_zisk_float+0x9c38>
   1a508:	fd8fe06f          	j	18ce0 <_zisk_float+0x840c>
   1a50c:	0004a603          	lw	a2,0(s1)
   1a510:	00400737          	lui	a4,0x400
   1a514:	0044a683          	lw	a3,4(s1)
   1a518:	00e67633          	and	a2,a2,a4
   1a51c:	00060463          	beqz	a2,1a524 <_zisk_float+0x9c50>
   1a520:	fc0fe06f          	j	18ce0 <_zisk_float+0x840c>
   1a524:	00005817          	auipc	a6,0x5
   1a528:	f5080813          	addi	a6,a6,-176 # 1f474 <softfloat_exceptionFlags>
   1a52c:	01000713          	li	a4,16
   1a530:	00e82023          	sw	a4,0(a6)
   1a534:	facfe06f          	j	18ce0 <_zisk_float+0x840c>
   1a538:	00042703          	lw	a4,0(s0)
   1a53c:	00442783          	lw	a5,4(s0)
   1a540:	00c77733          	and	a4,a4,a2
   1a544:	00071463          	bnez	a4,1a54c <_zisk_float+0x9c78>
   1a548:	f78fe06f          	j	18cc0 <_zisk_float+0x83ec>
   1a54c:	00042683          	lw	a3,0(s0)
   1a550:	00442703          	lw	a4,4(s0)
   1a554:	004007b7          	lui	a5,0x400
   1a558:	00f6f733          	and	a4,a3,a5
   1a55c:	fc0704e3          	beqz	a4,1a524 <_zisk_float+0x9c50>
   1a560:	f60fe06f          	j	18cc0 <_zisk_float+0x83ec>
   1a564:	0004a603          	lw	a2,0(s1)
   1a568:	0044a683          	lw	a3,4(s1)
   1a56c:	00961613          	slli	a2,a2,0x9
   1a570:	00061463          	bnez	a2,1a578 <_zisk_float+0x9ca4>
   1a574:	935fe06f          	j	18ea8 <_zisk_float+0x85d4>
   1a578:	0004a603          	lw	a2,0(s1)
   1a57c:	00400737          	lui	a4,0x400
   1a580:	0044a683          	lw	a3,4(s1)
   1a584:	00e67633          	and	a2,a2,a4
   1a588:	00060463          	beqz	a2,1a590 <_zisk_float+0x9cbc>
   1a58c:	91dfe06f          	j	18ea8 <_zisk_float+0x85d4>
   1a590:	00005817          	auipc	a6,0x5
   1a594:	ee480813          	addi	a6,a6,-284 # 1f474 <softfloat_exceptionFlags>
   1a598:	01000713          	li	a4,16
   1a59c:	00e82023          	sw	a4,0(a6)
   1a5a0:	909fe06f          	j	18ea8 <_zisk_float+0x85d4>
   1a5a4:	00042703          	lw	a4,0(s0)
   1a5a8:	00442783          	lw	a5,4(s0)
   1a5ac:	00c77733          	and	a4,a4,a2
   1a5b0:	00071463          	bnez	a4,1a5b8 <_zisk_float+0x9ce4>
   1a5b4:	8d5fe06f          	j	18e88 <_zisk_float+0x85b4>
   1a5b8:	00042683          	lw	a3,0(s0)
   1a5bc:	00442703          	lw	a4,4(s0)
   1a5c0:	004007b7          	lui	a5,0x400
   1a5c4:	00f6f733          	and	a4,a3,a5
   1a5c8:	fc0704e3          	beqz	a4,1a590 <_zisk_float+0x9cbc>
   1a5cc:	8bdfe06f          	j	18e88 <_zisk_float+0x85b4>
   1a5d0:	0007a583          	lw	a1,0(a5) # 400000 <_float_lib_entry+0x300000>
   1a5d4:	0047a603          	lw	a2,4(a5)
   1a5d8:	00c61693          	slli	a3,a2,0xc
   1a5dc:	00c6d693          	srli	a3,a3,0xc
   1a5e0:	00b6e6b3          	or	a3,a3,a1
   1a5e4:	00069463          	bnez	a3,1a5ec <_zisk_float+0x9d18>
   1a5e8:	a6df806f          	j	13054 <_zisk_float+0x2780>
   1a5ec:	0007a603          	lw	a2,0(a5)
   1a5f0:	0047a683          	lw	a3,4(a5)
   1a5f4:	00c69613          	slli	a2,a3,0xc
   1a5f8:	00065463          	bgez	a2,1a600 <_zisk_float+0x9d2c>
   1a5fc:	a59f806f          	j	13054 <_zisk_float+0x2780>
   1a600:	b5dff06f          	j	1a15c <_zisk_float+0x9888>

0001a604 <update_rounding_mode>:
   1a604:	00052783          	lw	a5,0(a0)
   1a608:	00700713          	li	a4,7
   1a60c:	00e7f7b3          	and	a5,a5,a4
   1a610:	00e78463          	beq	a5,a4,1a618 <update_rounding_mode+0x14>
   1a614:	00008067          	ret
   1a618:	00005797          	auipc	a5,0x5
   1a61c:	e607a783          	lw	a5,-416(a5) # 1f478 <softfloat_roundingMode>
   1a620:	00052223          	sw	zero,4(a0)
   1a624:	00e7f7b3          	and	a5,a5,a4
   1a628:	00f52023          	sw	a5,0(a0)
   1a62c:	00008067          	ret

0001a630 <change_rounding_mode_sign>:
   1a630:	00005717          	auipc	a4,0x5
   1a634:	e4870713          	addi	a4,a4,-440 # 1f478 <softfloat_roundingMode>
   1a638:	00072783          	lw	a5,0(a4)
   1a63c:	00300693          	li	a3,3
   1a640:	00d78c63          	beq	a5,a3,1a658 <change_rounding_mode_sign+0x28>
   1a644:	00200613          	li	a2,2
   1a648:	00c78463          	beq	a5,a2,1a650 <change_rounding_mode_sign+0x20>
   1a64c:	00008067          	ret
   1a650:	00d72023          	sw	a3,0(a4)
   1a654:	00008067          	ret
   1a658:	00200793          	li	a5,2
   1a65c:	00f72023          	sw	a5,0(a4)
   1a660:	00008067          	ret

0001a664 <__ucmpdi2>:
   1a664:	00050793          	mv	a5,a0
   1a668:	02d5e063          	bltu	a1,a3,1a688 <__ucmpdi2+0x24>
   1a66c:	00200513          	li	a0,2
   1a670:	00b6ee63          	bltu	a3,a1,1a68c <__ucmpdi2+0x28>
   1a674:	00000513          	li	a0,0
   1a678:	00c7ea63          	bltu	a5,a2,1a68c <__ucmpdi2+0x28>
   1a67c:	00f63533          	sltu	a0,a2,a5
   1a680:	00150513          	addi	a0,a0,1
   1a684:	00008067          	ret
   1a688:	00000513          	li	a0,0
   1a68c:	00008067          	ret

0001a690 <f32_add>:
   1a690:	00a5c7b3          	xor	a5,a1,a0
   1a694:	0007c863          	bltz	a5,1a6a4 <f32_add+0x14>
   1a698:	00002797          	auipc	a5,0x2
   1a69c:	c3c78793          	addi	a5,a5,-964 # 1c2d4 <softfloat_addMagsF32>
   1a6a0:	00078067          	jr	a5
   1a6a4:	00004797          	auipc	a5,0x4
   1a6a8:	26478793          	addi	a5,a5,612 # 1e908 <softfloat_subMagsF32>
   1a6ac:	00078067          	jr	a5

0001a6b0 <f32_div>:
   1a6b0:	fd010113          	addi	sp,sp,-48
   1a6b4:	02912223          	sw	s1,36(sp)
   1a6b8:	008007b7          	lui	a5,0x800
   1a6bc:	01755493          	srli	s1,a0,0x17
   1a6c0:	fff78793          	addi	a5,a5,-1 # 7fffff <_float_lib_entry+0x6fffff>
   1a6c4:	02812423          	sw	s0,40(sp)
   1a6c8:	01312e23          	sw	s3,28(sp)
   1a6cc:	01412c23          	sw	s4,24(sp)
   1a6d0:	0175d713          	srli	a4,a1,0x17
   1a6d4:	0ff00693          	li	a3,255
   1a6d8:	02112623          	sw	ra,44(sp)
   1a6dc:	0ff4f493          	zext.b	s1,s1
   1a6e0:	00d77733          	and	a4,a4,a3
   1a6e4:	00f579b3          	and	s3,a0,a5
   1a6e8:	00f5f433          	and	s0,a1,a5
   1a6ec:	00b54a33          	xor	s4,a0,a1
   1a6f0:	06d48863          	beq	s1,a3,1a760 <f32_div+0xb0>
   1a6f4:	04d70463          	beq	a4,a3,1a73c <f32_div+0x8c>
   1a6f8:	03212023          	sw	s2,32(sp)
   1a6fc:	00070913          	mv	s2,a4
   1a700:	08071063          	bnez	a4,1a780 <f32_div+0xd0>
   1a704:	06041663          	bnez	s0,1a770 <f32_div+0xc0>
   1a708:	0099e9b3          	or	s3,s3,s1
   1a70c:	14099063          	bnez	s3,1a84c <f32_div+0x19c>
   1a710:	02012903          	lw	s2,32(sp)
   1a714:	01000513          	li	a0,16
   1a718:	6b4040ef          	jal	1edcc <softfloat_raiseFlags>
   1a71c:	02c12083          	lw	ra,44(sp)
   1a720:	02812403          	lw	s0,40(sp)
   1a724:	02412483          	lw	s1,36(sp)
   1a728:	01c12983          	lw	s3,28(sp)
   1a72c:	01812a03          	lw	s4,24(sp)
   1a730:	ffc00537          	lui	a0,0xffc00
   1a734:	03010113          	addi	sp,sp,48
   1a738:	00008067          	ret
   1a73c:	0e040663          	beqz	s0,1a828 <f32_div+0x178>
   1a740:	07c030ef          	jal	1d7bc <softfloat_propagateNaNF32UI>
   1a744:	02c12083          	lw	ra,44(sp)
   1a748:	02812403          	lw	s0,40(sp)
   1a74c:	02412483          	lw	s1,36(sp)
   1a750:	01c12983          	lw	s3,28(sp)
   1a754:	01812a03          	lw	s4,24(sp)
   1a758:	03010113          	addi	sp,sp,48
   1a75c:	00008067          	ret
   1a760:	fe0990e3          	bnez	s3,1a740 <f32_div+0x90>
   1a764:	0e971a63          	bne	a4,s1,1a858 <f32_div+0x1a8>
   1a768:	fc041ce3          	bnez	s0,1a740 <f32_div+0x90>
   1a76c:	fa9ff06f          	j	1a714 <f32_div+0x64>
   1a770:	00040513          	mv	a0,s0
   1a774:	769020ef          	jal	1d6dc <softfloat_normSubnormalF32Sig>
   1a778:	00050913          	mv	s2,a0
   1a77c:	00058413          	mv	s0,a1
   1a780:	00049c63          	bnez	s1,1a798 <f32_div+0xe8>
   1a784:	0a098063          	beqz	s3,1a824 <f32_div+0x174>
   1a788:	00098513          	mv	a0,s3
   1a78c:	751020ef          	jal	1d6dc <softfloat_normSubnormalF32Sig>
   1a790:	00050493          	mv	s1,a0
   1a794:	00058993          	mv	s3,a1
   1a798:	008007b7          	lui	a5,0x800
   1a79c:	00f9e9b3          	or	s3,s3,a5
   1a7a0:	00f467b3          	or	a5,s0,a5
   1a7a4:	412484b3          	sub	s1,s1,s2
   1a7a8:	0cf9ee63          	bltu	s3,a5,1a884 <f32_div+0x1d4>
   1a7ac:	07e48493          	addi	s1,s1,126
   1a7b0:	00799993          	slli	s3,s3,0x7
   1a7b4:	00879413          	slli	s0,a5,0x8
   1a7b8:	00040513          	mv	a0,s0
   1a7bc:	769010ef          	jal	1c724 <softfloat_approxRecip32_1>
   1a7c0:	02a9b633          	mulhu	a2,s3,a0
   1a7c4:	00260613          	addi	a2,a2,2
   1a7c8:	03e67793          	andi	a5,a2,62
   1a7cc:	02079863          	bnez	a5,1a7fc <f32_div+0x14c>
   1a7d0:	ffc67613          	andi	a2,a2,-4
   1a7d4:	00161713          	slli	a4,a2,0x1
   1a7d8:	028707b3          	mul	a5,a4,s0
   1a7dc:	02873733          	mulhu	a4,a4,s0
   1a7e0:	00f036b3          	snez	a3,a5
   1a7e4:	40f007b3          	neg	a5,a5
   1a7e8:	40e989b3          	sub	s3,s3,a4
   1a7ec:	40d989b3          	sub	s3,s3,a3
   1a7f0:	0a09c463          	bltz	s3,1a898 <f32_div+0x1e8>
   1a7f4:	0137e7b3          	or	a5,a5,s3
   1a7f8:	08079c63          	bnez	a5,1a890 <f32_div+0x1e0>
   1a7fc:	02812403          	lw	s0,40(sp)
   1a800:	02012903          	lw	s2,32(sp)
   1a804:	02c12083          	lw	ra,44(sp)
   1a808:	01c12983          	lw	s3,28(sp)
   1a80c:	00048593          	mv	a1,s1
   1a810:	01fa5513          	srli	a0,s4,0x1f
   1a814:	02412483          	lw	s1,36(sp)
   1a818:	01812a03          	lw	s4,24(sp)
   1a81c:	03010113          	addi	sp,sp,48
   1a820:	5ac0306f          	j	1ddcc <softfloat_roundPackToF32>
   1a824:	02012903          	lw	s2,32(sp)
   1a828:	02c12083          	lw	ra,44(sp)
   1a82c:	02812403          	lw	s0,40(sp)
   1a830:	800007b7          	lui	a5,0x80000
   1a834:	02412483          	lw	s1,36(sp)
   1a838:	01c12983          	lw	s3,28(sp)
   1a83c:	00fa7533          	and	a0,s4,a5
   1a840:	01812a03          	lw	s4,24(sp)
   1a844:	03010113          	addi	sp,sp,48
   1a848:	00008067          	ret
   1a84c:	00800513          	li	a0,8
   1a850:	57c040ef          	jal	1edcc <softfloat_raiseFlags>
   1a854:	02012903          	lw	s2,32(sp)
   1a858:	02c12083          	lw	ra,44(sp)
   1a85c:	02812403          	lw	s0,40(sp)
   1a860:	800007b7          	lui	a5,0x80000
   1a864:	00fa77b3          	and	a5,s4,a5
   1a868:	7f800537          	lui	a0,0x7f800
   1a86c:	02412483          	lw	s1,36(sp)
   1a870:	01c12983          	lw	s3,28(sp)
   1a874:	01812a03          	lw	s4,24(sp)
   1a878:	00a78533          	add	a0,a5,a0
   1a87c:	03010113          	addi	sp,sp,48
   1a880:	00008067          	ret
   1a884:	07d48493          	addi	s1,s1,125
   1a888:	00899993          	slli	s3,s3,0x8
   1a88c:	f29ff06f          	j	1a7b4 <f32_div+0x104>
   1a890:	00166613          	ori	a2,a2,1
   1a894:	f69ff06f          	j	1a7fc <f32_div+0x14c>
   1a898:	ffc60613          	addi	a2,a2,-4
   1a89c:	f61ff06f          	j	1a7fc <f32_div+0x14c>

0001a8a0 <f32_eq>:
   1a8a0:	fff54713          	not	a4,a0
   1a8a4:	01775693          	srli	a3,a4,0x17
   1a8a8:	0ff6f693          	zext.b	a3,a3
   1a8ac:	00050793          	mv	a5,a0
   1a8b0:	00069663          	bnez	a3,1a8bc <f32_eq+0x1c>
   1a8b4:	00951713          	slli	a4,a0,0x9
   1a8b8:	04071063          	bnez	a4,1a8f8 <f32_eq+0x58>
   1a8bc:	fff5c713          	not	a4,a1
   1a8c0:	01775693          	srli	a3,a4,0x17
   1a8c4:	0ff6f693          	zext.b	a3,a3
   1a8c8:	00068e63          	beqz	a3,1a8e4 <f32_eq+0x44>
   1a8cc:	00100513          	li	a0,1
   1a8d0:	02f58263          	beq	a1,a5,1a8f4 <f32_eq+0x54>
   1a8d4:	00f5e5b3          	or	a1,a1,a5
   1a8d8:	00159593          	slli	a1,a1,0x1
   1a8dc:	0015b513          	seqz	a0,a1
   1a8e0:	00008067          	ret
   1a8e4:	40f58533          	sub	a0,a1,a5
   1a8e8:	00959713          	slli	a4,a1,0x9
   1a8ec:	00153513          	seqz	a0,a0
   1a8f0:	00071463          	bnez	a4,1a8f8 <f32_eq+0x58>
   1a8f4:	00008067          	ret
   1a8f8:	7fc00737          	lui	a4,0x7fc00
   1a8fc:	00e7f733          	and	a4,a5,a4
   1a900:	7f8006b7          	lui	a3,0x7f800
   1a904:	04d70263          	beq	a4,a3,1a948 <f32_eq+0xa8>
   1a908:	7fc007b7          	lui	a5,0x7fc00
   1a90c:	00f5f7b3          	and	a5,a1,a5
   1a910:	7f800737          	lui	a4,0x7f800
   1a914:	00e78663          	beq	a5,a4,1a920 <f32_eq+0x80>
   1a918:	00000513          	li	a0,0
   1a91c:	00008067          	ret
   1a920:	00a59593          	slli	a1,a1,0xa
   1a924:	fe058ae3          	beqz	a1,1a918 <f32_eq+0x78>
   1a928:	ff010113          	addi	sp,sp,-16
   1a92c:	01000513          	li	a0,16
   1a930:	00112623          	sw	ra,12(sp)
   1a934:	498040ef          	jal	1edcc <softfloat_raiseFlags>
   1a938:	00c12083          	lw	ra,12(sp)
   1a93c:	00000513          	li	a0,0
   1a940:	01010113          	addi	sp,sp,16
   1a944:	00008067          	ret
   1a948:	00a79793          	slli	a5,a5,0xa
   1a94c:	fc079ee3          	bnez	a5,1a928 <f32_eq+0x88>
   1a950:	fb9ff06f          	j	1a908 <f32_eq+0x68>

0001a954 <f32_le>:
   1a954:	fff54713          	not	a4,a0
   1a958:	01775693          	srli	a3,a4,0x17
   1a95c:	0ff6f693          	zext.b	a3,a3
   1a960:	00050793          	mv	a5,a0
   1a964:	00069663          	bnez	a3,1a970 <f32_le+0x1c>
   1a968:	00951713          	slli	a4,a0,0x9
   1a96c:	04071863          	bnez	a4,1a9bc <f32_le+0x68>
   1a970:	fff5c713          	not	a4,a1
   1a974:	01775693          	srli	a3,a4,0x17
   1a978:	0ff6f693          	zext.b	a3,a3
   1a97c:	00069663          	bnez	a3,1a988 <f32_le+0x34>
   1a980:	00959713          	slli	a4,a1,0x9
   1a984:	02071c63          	bnez	a4,1a9bc <f32_le+0x68>
   1a988:	00b7c733          	xor	a4,a5,a1
   1a98c:	00100513          	li	a0,1
   1a990:	00074c63          	bltz	a4,1a9a8 <f32_le+0x54>
   1a994:	04b78463          	beq	a5,a1,1a9dc <f32_le+0x88>
   1a998:	00b7b5b3          	sltu	a1,a5,a1
   1a99c:	01f7d793          	srli	a5,a5,0x1f
   1a9a0:	00f5c533          	xor	a0,a1,a5
   1a9a4:	00008067          	ret
   1a9a8:	0207ca63          	bltz	a5,1a9dc <f32_le+0x88>
   1a9ac:	00b7e7b3          	or	a5,a5,a1
   1a9b0:	00179793          	slli	a5,a5,0x1
   1a9b4:	0017b513          	seqz	a0,a5
   1a9b8:	00008067          	ret
   1a9bc:	ff010113          	addi	sp,sp,-16
   1a9c0:	01000513          	li	a0,16
   1a9c4:	00112623          	sw	ra,12(sp)
   1a9c8:	404040ef          	jal	1edcc <softfloat_raiseFlags>
   1a9cc:	00c12083          	lw	ra,12(sp)
   1a9d0:	00000513          	li	a0,0
   1a9d4:	01010113          	addi	sp,sp,16
   1a9d8:	00008067          	ret
   1a9dc:	00008067          	ret

0001a9e0 <f32_lt>:
   1a9e0:	fff54713          	not	a4,a0
   1a9e4:	01775693          	srli	a3,a4,0x17
   1a9e8:	0ff6f693          	zext.b	a3,a3
   1a9ec:	00050793          	mv	a5,a0
   1a9f0:	00069663          	bnez	a3,1a9fc <f32_lt+0x1c>
   1a9f4:	00951713          	slli	a4,a0,0x9
   1a9f8:	04071263          	bnez	a4,1aa3c <f32_lt+0x5c>
   1a9fc:	fff5c713          	not	a4,a1
   1aa00:	01775693          	srli	a3,a4,0x17
   1aa04:	0ff6f693          	zext.b	a3,a3
   1aa08:	00069663          	bnez	a3,1aa14 <f32_lt+0x34>
   1aa0c:	00959713          	slli	a4,a1,0x9
   1aa10:	02071663          	bnez	a4,1aa3c <f32_lt+0x5c>
   1aa14:	00b7c733          	xor	a4,a5,a1
   1aa18:	00000513          	li	a0,0
   1aa1c:	00074c63          	bltz	a4,1aa34 <f32_lt+0x54>
   1aa20:	00b78c63          	beq	a5,a1,1aa38 <f32_lt+0x58>
   1aa24:	00b7b5b3          	sltu	a1,a5,a1
   1aa28:	01f7d793          	srli	a5,a5,0x1f
   1aa2c:	00f5c533          	xor	a0,a1,a5
   1aa30:	00008067          	ret
   1aa34:	0207c463          	bltz	a5,1aa5c <f32_lt+0x7c>
   1aa38:	00008067          	ret
   1aa3c:	ff010113          	addi	sp,sp,-16
   1aa40:	01000513          	li	a0,16
   1aa44:	00112623          	sw	ra,12(sp)
   1aa48:	384040ef          	jal	1edcc <softfloat_raiseFlags>
   1aa4c:	00c12083          	lw	ra,12(sp)
   1aa50:	00000513          	li	a0,0
   1aa54:	01010113          	addi	sp,sp,16
   1aa58:	00008067          	ret
   1aa5c:	00b7e7b3          	or	a5,a5,a1
   1aa60:	00179793          	slli	a5,a5,0x1
   1aa64:	00f03533          	snez	a0,a5
   1aa68:	00008067          	ret

0001aa6c <f32_mul>:
   1aa6c:	fd010113          	addi	sp,sp,-48
   1aa70:	01755713          	srli	a4,a0,0x17
   1aa74:	008007b7          	lui	a5,0x800
   1aa78:	fff78793          	addi	a5,a5,-1 # 7fffff <_float_lib_entry+0x6fffff>
   1aa7c:	02812423          	sw	s0,40(sp)
   1aa80:	03212023          	sw	s2,32(sp)
   1aa84:	01312e23          	sw	s3,28(sp)
   1aa88:	01412c23          	sw	s4,24(sp)
   1aa8c:	0175d913          	srli	s2,a1,0x17
   1aa90:	0ff00693          	li	a3,255
   1aa94:	02112623          	sw	ra,44(sp)
   1aa98:	0ff77713          	zext.b	a4,a4
   1aa9c:	00d97933          	and	s2,s2,a3
   1aaa0:	00f57a33          	and	s4,a0,a5
   1aaa4:	00f5f433          	and	s0,a1,a5
   1aaa8:	00b549b3          	xor	s3,a0,a1
   1aaac:	06d70463          	beq	a4,a3,1ab14 <f32_mul+0xa8>
   1aab0:	02d90e63          	beq	s2,a3,1aaec <f32_mul+0x80>
   1aab4:	02912223          	sw	s1,36(sp)
   1aab8:	00070493          	mv	s1,a4
   1aabc:	0a071263          	bnez	a4,1ab60 <f32_mul+0xf4>
   1aac0:	080a1863          	bnez	s4,1ab50 <f32_mul+0xe4>
   1aac4:	02c12083          	lw	ra,44(sp)
   1aac8:	02812403          	lw	s0,40(sp)
   1aacc:	800007b7          	lui	a5,0x80000
   1aad0:	02412483          	lw	s1,36(sp)
   1aad4:	02012903          	lw	s2,32(sp)
   1aad8:	01812a03          	lw	s4,24(sp)
   1aadc:	00f9f533          	and	a0,s3,a5
   1aae0:	01c12983          	lw	s3,28(sp)
   1aae4:	03010113          	addi	sp,sp,48
   1aae8:	00008067          	ret
   1aaec:	00ea6a33          	or	s4,s4,a4
   1aaf0:	02040863          	beqz	s0,1ab20 <f32_mul+0xb4>
   1aaf4:	4c9020ef          	jal	1d7bc <softfloat_propagateNaNF32UI>
   1aaf8:	02c12083          	lw	ra,44(sp)
   1aafc:	02812403          	lw	s0,40(sp)
   1ab00:	02012903          	lw	s2,32(sp)
   1ab04:	01c12983          	lw	s3,28(sp)
   1ab08:	01812a03          	lw	s4,24(sp)
   1ab0c:	03010113          	addi	sp,sp,48
   1ab10:	00008067          	ret
   1ab14:	fe0a10e3          	bnez	s4,1aaf4 <f32_mul+0x88>
   1ab18:	0ae90e63          	beq	s2,a4,1abd4 <f32_mul+0x168>
   1ab1c:	01246a33          	or	s4,s0,s2
   1ab20:	0c0a0463          	beqz	s4,1abe8 <f32_mul+0x17c>
   1ab24:	02c12083          	lw	ra,44(sp)
   1ab28:	02812403          	lw	s0,40(sp)
   1ab2c:	800007b7          	lui	a5,0x80000
   1ab30:	00f9f7b3          	and	a5,s3,a5
   1ab34:	7f800537          	lui	a0,0x7f800
   1ab38:	02012903          	lw	s2,32(sp)
   1ab3c:	01c12983          	lw	s3,28(sp)
   1ab40:	01812a03          	lw	s4,24(sp)
   1ab44:	00a78533          	add	a0,a5,a0
   1ab48:	03010113          	addi	sp,sp,48
   1ab4c:	00008067          	ret
   1ab50:	000a0513          	mv	a0,s4
   1ab54:	389020ef          	jal	1d6dc <softfloat_normSubnormalF32Sig>
   1ab58:	00050493          	mv	s1,a0
   1ab5c:	00058a13          	mv	s4,a1
   1ab60:	00091c63          	bnez	s2,1ab78 <f32_mul+0x10c>
   1ab64:	f60400e3          	beqz	s0,1aac4 <f32_mul+0x58>
   1ab68:	00040513          	mv	a0,s0
   1ab6c:	371020ef          	jal	1d6dc <softfloat_normSubnormalF32Sig>
   1ab70:	00050913          	mv	s2,a0
   1ab74:	00058413          	mv	s0,a1
   1ab78:	00841793          	slli	a5,s0,0x8
   1ab7c:	80000737          	lui	a4,0x80000
   1ab80:	007a1513          	slli	a0,s4,0x7
   1ab84:	40000437          	lui	s0,0x40000
   1ab88:	00e7e7b3          	or	a5,a5,a4
   1ab8c:	00856533          	or	a0,a0,s0
   1ab90:	02f535b3          	mulhu	a1,a0,a5
   1ab94:	02000613          	li	a2,32
   1ab98:	012484b3          	add	s1,s1,s2
   1ab9c:	02f50533          	mul	a0,a0,a5
   1aba0:	39d030ef          	jal	1e73c <softfloat_shortShiftRightJam64>
   1aba4:	00050613          	mv	a2,a0
   1aba8:	f8148593          	addi	a1,s1,-127
   1abac:	02866863          	bltu	a2,s0,1abdc <f32_mul+0x170>
   1abb0:	02812403          	lw	s0,40(sp)
   1abb4:	02412483          	lw	s1,36(sp)
   1abb8:	02c12083          	lw	ra,44(sp)
   1abbc:	02012903          	lw	s2,32(sp)
   1abc0:	01812a03          	lw	s4,24(sp)
   1abc4:	01f9d513          	srli	a0,s3,0x1f
   1abc8:	01c12983          	lw	s3,28(sp)
   1abcc:	03010113          	addi	sp,sp,48
   1abd0:	1fc0306f          	j	1ddcc <softfloat_roundPackToF32>
   1abd4:	f20410e3          	bnez	s0,1aaf4 <f32_mul+0x88>
   1abd8:	f4dff06f          	j	1ab24 <f32_mul+0xb8>
   1abdc:	f8048593          	addi	a1,s1,-128
   1abe0:	00161613          	slli	a2,a2,0x1
   1abe4:	fcdff06f          	j	1abb0 <f32_mul+0x144>
   1abe8:	01000513          	li	a0,16
   1abec:	1e0040ef          	jal	1edcc <softfloat_raiseFlags>
   1abf0:	ffc00537          	lui	a0,0xffc00
   1abf4:	f05ff06f          	j	1aaf8 <f32_mul+0x8c>

0001abf8 <f32_mulAdd>:
   1abf8:	00000693          	li	a3,0
   1abfc:	6f50106f          	j	1caf0 <softfloat_mulAddF32>

0001ac00 <f32_sqrt>:
   1ac00:	fe010113          	addi	sp,sp,-32
   1ac04:	01755713          	srli	a4,a0,0x17
   1ac08:	00951593          	slli	a1,a0,0x9
   1ac0c:	00112e23          	sw	ra,28(sp)
   1ac10:	0ff77713          	zext.b	a4,a4
   1ac14:	0ff00693          	li	a3,255
   1ac18:	00050793          	mv	a5,a0
   1ac1c:	0095d593          	srli	a1,a1,0x9
   1ac20:	04d70063          	beq	a4,a3,1ac60 <f32_sqrt+0x60>
   1ac24:	00054e63          	bltz	a0,1ac40 <f32_sqrt+0x40>
   1ac28:	0e071063          	bnez	a4,1ad08 <f32_sqrt+0x108>
   1ac2c:	04059663          	bnez	a1,1ac78 <f32_sqrt+0x78>
   1ac30:	00078513          	mv	a0,a5
   1ac34:	01c12083          	lw	ra,28(sp)
   1ac38:	02010113          	addi	sp,sp,32
   1ac3c:	00008067          	ret
   1ac40:	00e5e5b3          	or	a1,a1,a4
   1ac44:	fe0586e3          	beqz	a1,1ac30 <f32_sqrt+0x30>
   1ac48:	01000513          	li	a0,16
   1ac4c:	180040ef          	jal	1edcc <softfloat_raiseFlags>
   1ac50:	ffc00537          	lui	a0,0xffc00
   1ac54:	01c12083          	lw	ra,28(sp)
   1ac58:	02010113          	addi	sp,sp,32
   1ac5c:	00008067          	ret
   1ac60:	0a059c63          	bnez	a1,1ad18 <f32_sqrt+0x118>
   1ac64:	fc0556e3          	bgez	a0,1ac30 <f32_sqrt+0x30>
   1ac68:	01000513          	li	a0,16
   1ac6c:	160040ef          	jal	1edcc <softfloat_raiseFlags>
   1ac70:	ffc00537          	lui	a0,0xffc00
   1ac74:	fe1ff06f          	j	1ac54 <f32_sqrt+0x54>
   1ac78:	00058513          	mv	a0,a1
   1ac7c:	00812c23          	sw	s0,24(sp)
   1ac80:	00912a23          	sw	s1,20(sp)
   1ac84:	01212823          	sw	s2,16(sp)
   1ac88:	255020ef          	jal	1d6dc <softfloat_normSubnormalF32Sig>
   1ac8c:	00050713          	mv	a4,a0
   1ac90:	00859593          	slli	a1,a1,0x8
   1ac94:	800007b7          	lui	a5,0x80000
   1ac98:	00f5e433          	or	s0,a1,a5
   1ac9c:	00177493          	andi	s1,a4,1
   1aca0:	f8170913          	addi	s2,a4,-127 # 7fffff81 <_float_lib_entry+0x7fefff81>
   1aca4:	00040593          	mv	a1,s0
   1aca8:	00048513          	mv	a0,s1
   1acac:	40195913          	srai	s2,s2,0x1
   1acb0:	305010ef          	jal	1c7b4 <softfloat_approxRecipSqrt32_1>
   1acb4:	02a43633          	mulhu	a2,s0,a0
   1acb8:	07e90913          	addi	s2,s2,126
   1acbc:	00048463          	beqz	s1,1acc4 <f32_sqrt+0xc4>
   1acc0:	00165613          	srli	a2,a2,0x1
   1acc4:	00260613          	addi	a2,a2,2
   1acc8:	03e67793          	andi	a5,a2,62
   1accc:	00079e63          	bnez	a5,1ace8 <f32_sqrt+0xe8>
   1acd0:	00265793          	srli	a5,a2,0x2
   1acd4:	ffc67613          	andi	a2,a2,-4
   1acd8:	02f787b3          	mul	a5,a5,a5
   1acdc:	0407c463          	bltz	a5,1ad24 <f32_sqrt+0x124>
   1ace0:	00f037b3          	snez	a5,a5
   1ace4:	40f60633          	sub	a2,a2,a5
   1ace8:	01812403          	lw	s0,24(sp)
   1acec:	01412483          	lw	s1,20(sp)
   1acf0:	01c12083          	lw	ra,28(sp)
   1acf4:	00090593          	mv	a1,s2
   1acf8:	01012903          	lw	s2,16(sp)
   1acfc:	00000513          	li	a0,0
   1ad00:	02010113          	addi	sp,sp,32
   1ad04:	0c80306f          	j	1ddcc <softfloat_roundPackToF32>
   1ad08:	00812c23          	sw	s0,24(sp)
   1ad0c:	00912a23          	sw	s1,20(sp)
   1ad10:	01212823          	sw	s2,16(sp)
   1ad14:	f7dff06f          	j	1ac90 <f32_sqrt+0x90>
   1ad18:	00000593          	li	a1,0
   1ad1c:	2a1020ef          	jal	1d7bc <softfloat_propagateNaNF32UI>
   1ad20:	f15ff06f          	j	1ac34 <f32_sqrt+0x34>
   1ad24:	00166613          	ori	a2,a2,1
   1ad28:	fc1ff06f          	j	1ace8 <f32_sqrt+0xe8>

0001ad2c <f32_sub>:
   1ad2c:	00a5c7b3          	xor	a5,a1,a0
   1ad30:	0007c863          	bltz	a5,1ad40 <f32_sub+0x14>
   1ad34:	00004797          	auipc	a5,0x4
   1ad38:	bd478793          	addi	a5,a5,-1068 # 1e908 <softfloat_subMagsF32>
   1ad3c:	00078067          	jr	a5
   1ad40:	00001797          	auipc	a5,0x1
   1ad44:	59478793          	addi	a5,a5,1428 # 1c2d4 <softfloat_addMagsF32>
   1ad48:	00078067          	jr	a5

0001ad4c <f32_to_f64>:
   1ad4c:	fd010113          	addi	sp,sp,-48
   1ad50:	01755713          	srli	a4,a0,0x17
   1ad54:	00951593          	slli	a1,a0,0x9
   1ad58:	02112623          	sw	ra,44(sp)
   1ad5c:	02812423          	sw	s0,40(sp)
   1ad60:	0ff77713          	zext.b	a4,a4
   1ad64:	0ff00693          	li	a3,255
   1ad68:	0095d593          	srli	a1,a1,0x9
   1ad6c:	01f55793          	srli	a5,a0,0x1f
   1ad70:	04d70863          	beq	a4,a3,1adc0 <f32_to_f64+0x74>
   1ad74:	01f79413          	slli	s0,a5,0x1f
   1ad78:	00000513          	li	a0,0
   1ad7c:	02070863          	beqz	a4,1adac <f32_to_f64+0x60>
   1ad80:	38070713          	addi	a4,a4,896
   1ad84:	0035d793          	srli	a5,a1,0x3
   1ad88:	01471713          	slli	a4,a4,0x14
   1ad8c:	00878433          	add	s0,a5,s0
   1ad90:	00870433          	add	s0,a4,s0
   1ad94:	01d59513          	slli	a0,a1,0x1d
   1ad98:	02c12083          	lw	ra,44(sp)
   1ad9c:	00040593          	mv	a1,s0
   1ada0:	02812403          	lw	s0,40(sp)
   1ada4:	03010113          	addi	sp,sp,48
   1ada8:	00008067          	ret
   1adac:	fe0586e3          	beqz	a1,1ad98 <f32_to_f64+0x4c>
   1adb0:	00058513          	mv	a0,a1
   1adb4:	129020ef          	jal	1d6dc <softfloat_normSubnormalF32Sig>
   1adb8:	fff50713          	addi	a4,a0,-1 # ffbfffff <_float_lib_entry+0xffafffff>
   1adbc:	fc5ff06f          	j	1ad80 <f32_to_f64+0x34>
   1adc0:	02059463          	bnez	a1,1ade8 <f32_to_f64+0x9c>
   1adc4:	01f79793          	slli	a5,a5,0x1f
   1adc8:	7ff00737          	lui	a4,0x7ff00
   1adcc:	00e78433          	add	s0,a5,a4
   1add0:	02c12083          	lw	ra,44(sp)
   1add4:	00040593          	mv	a1,s0
   1add8:	02812403          	lw	s0,40(sp)
   1addc:	00000513          	li	a0,0
   1ade0:	03010113          	addi	sp,sp,48
   1ade4:	00008067          	ret
   1ade8:	00810593          	addi	a1,sp,8
   1adec:	381010ef          	jal	1c96c <softfloat_f32UIToCommonNaN>
   1adf0:	00810513          	addi	a0,sp,8
   1adf4:	2a5010ef          	jal	1c898 <softfloat_commonNaNToF64UI>
   1adf8:	00058413          	mv	s0,a1
   1adfc:	f9dff06f          	j	1ad98 <f32_to_f64+0x4c>

0001ae00 <f32_to_i32>:
   1ae00:	fe010113          	addi	sp,sp,-32
   1ae04:	01755813          	srli	a6,a0,0x17
   1ae08:	008008b7          	lui	a7,0x800
   1ae0c:	0aa00793          	li	a5,170
   1ae10:	00812c23          	sw	s0,24(sp)
   1ae14:	0ff87813          	zext.b	a6,a6
   1ae18:	fff88313          	addi	t1,a7,-1 # 7fffff <_float_lib_entry+0x6fffff>
   1ae1c:	00112e23          	sw	ra,28(sp)
   1ae20:	00060713          	mv	a4,a2
   1ae24:	00058693          	mv	a3,a1
   1ae28:	41078633          	sub	a2,a5,a6
   1ae2c:	01f55413          	srli	s0,a0,0x1f
   1ae30:	006577b3          	and	a5,a0,t1
   1ae34:	04081063          	bnez	a6,1ae74 <f32_to_i32+0x74>
   1ae38:	00078593          	mv	a1,a5
   1ae3c:	00000513          	li	a0,0
   1ae40:	00e12623          	sw	a4,12(sp)
   1ae44:	00d12423          	sw	a3,8(sp)
   1ae48:	718030ef          	jal	1e560 <softfloat_shiftRightJam64>
   1ae4c:	00058793          	mv	a5,a1
   1ae50:	00050593          	mv	a1,a0
   1ae54:	00040513          	mv	a0,s0
   1ae58:	01812403          	lw	s0,24(sp)
   1ae5c:	00c12703          	lw	a4,12(sp)
   1ae60:	00812683          	lw	a3,8(sp)
   1ae64:	01c12083          	lw	ra,28(sp)
   1ae68:	00078613          	mv	a2,a5
   1ae6c:	02010113          	addi	sp,sp,32
   1ae70:	2f40306f          	j	1e164 <softfloat_roundToI32>
   1ae74:	0117e7b3          	or	a5,a5,a7
   1ae78:	00000593          	li	a1,0
   1ae7c:	fac04ee3          	bgtz	a2,1ae38 <f32_to_i32+0x38>
   1ae80:	00040513          	mv	a0,s0
   1ae84:	01812403          	lw	s0,24(sp)
   1ae88:	01c12083          	lw	ra,28(sp)
   1ae8c:	00078613          	mv	a2,a5
   1ae90:	02010113          	addi	sp,sp,32
   1ae94:	2d00306f          	j	1e164 <softfloat_roundToI32>

0001ae98 <f32_to_i64>:
   1ae98:	01755713          	srli	a4,a0,0x17
   1ae9c:	fe010113          	addi	sp,sp,-32
   1aea0:	0ff77713          	zext.b	a4,a4
   1aea4:	0be00793          	li	a5,190
   1aea8:	008006b7          	lui	a3,0x800
   1aeac:	01212823          	sw	s2,16(sp)
   1aeb0:	fff68813          	addi	a6,a3,-1 # 7fffff <_float_lib_entry+0x6fffff>
   1aeb4:	00112e23          	sw	ra,28(sp)
   1aeb8:	40e787b3          	sub	a5,a5,a4
   1aebc:	01f55913          	srli	s2,a0,0x1f
   1aec0:	01057533          	and	a0,a0,a6
   1aec4:	0807c463          	bltz	a5,1af4c <f32_to_i64+0xb4>
   1aec8:	00812c23          	sw	s0,24(sp)
   1aecc:	00912a23          	sw	s1,20(sp)
   1aed0:	00058413          	mv	s0,a1
   1aed4:	00060493          	mv	s1,a2
   1aed8:	04071263          	bnez	a4,1af1c <f32_to_i64+0x84>
   1aedc:	00851513          	slli	a0,a0,0x8
   1aee0:	00a12623          	sw	a0,12(sp)
   1aee4:	00012423          	sw	zero,8(sp)
   1aee8:	00012223          	sw	zero,4(sp)
   1aeec:	04079463          	bnez	a5,1af34 <f32_to_i64+0x9c>
   1aef0:	00048693          	mv	a3,s1
   1aef4:	00040613          	mv	a2,s0
   1aef8:	00410593          	addi	a1,sp,4
   1aefc:	00090513          	mv	a0,s2
   1af00:	391020ef          	jal	1da90 <softfloat_roundMToI64>
   1af04:	01812403          	lw	s0,24(sp)
   1af08:	01412483          	lw	s1,20(sp)
   1af0c:	01c12083          	lw	ra,28(sp)
   1af10:	01012903          	lw	s2,16(sp)
   1af14:	02010113          	addi	sp,sp,32
   1af18:	00008067          	ret
   1af1c:	00d56533          	or	a0,a0,a3
   1af20:	00851513          	slli	a0,a0,0x8
   1af24:	00a12623          	sw	a0,12(sp)
   1af28:	00012423          	sw	zero,8(sp)
   1af2c:	00012223          	sw	zero,4(sp)
   1af30:	fc0780e3          	beqz	a5,1aef0 <f32_to_i64+0x58>
   1af34:	00410693          	addi	a3,sp,4
   1af38:	00078613          	mv	a2,a5
   1af3c:	00068593          	mv	a1,a3
   1af40:	00300513          	li	a0,3
   1af44:	6bc030ef          	jal	1e600 <softfloat_shiftRightJamM>
   1af48:	fa9ff06f          	j	1aef0 <f32_to_i64+0x58>
   1af4c:	01000513          	li	a0,16
   1af50:	67d030ef          	jal	1edcc <softfloat_raiseFlags>
   1af54:	00000513          	li	a0,0
   1af58:	800005b7          	lui	a1,0x80000
   1af5c:	fb1ff06f          	j	1af0c <f32_to_i64+0x74>

0001af60 <f32_to_ui32>:
   1af60:	fe010113          	addi	sp,sp,-32
   1af64:	01755813          	srli	a6,a0,0x17
   1af68:	008008b7          	lui	a7,0x800
   1af6c:	0aa00793          	li	a5,170
   1af70:	00812c23          	sw	s0,24(sp)
   1af74:	0ff87813          	zext.b	a6,a6
   1af78:	fff88313          	addi	t1,a7,-1 # 7fffff <_float_lib_entry+0x6fffff>
   1af7c:	00112e23          	sw	ra,28(sp)
   1af80:	00060713          	mv	a4,a2
   1af84:	00058693          	mv	a3,a1
   1af88:	41078633          	sub	a2,a5,a6
   1af8c:	01f55413          	srli	s0,a0,0x1f
   1af90:	006577b3          	and	a5,a0,t1
   1af94:	04081063          	bnez	a6,1afd4 <f32_to_ui32+0x74>
   1af98:	00078593          	mv	a1,a5
   1af9c:	00000513          	li	a0,0
   1afa0:	00e12623          	sw	a4,12(sp)
   1afa4:	00d12423          	sw	a3,8(sp)
   1afa8:	5b8030ef          	jal	1e560 <softfloat_shiftRightJam64>
   1afac:	00058793          	mv	a5,a1
   1afb0:	00050593          	mv	a1,a0
   1afb4:	00040513          	mv	a0,s0
   1afb8:	01812403          	lw	s0,24(sp)
   1afbc:	00c12703          	lw	a4,12(sp)
   1afc0:	00812683          	lw	a3,8(sp)
   1afc4:	01c12083          	lw	ra,28(sp)
   1afc8:	00078613          	mv	a2,a5
   1afcc:	02010113          	addi	sp,sp,32
   1afd0:	33c0306f          	j	1e30c <softfloat_roundToUI32>
   1afd4:	0117e7b3          	or	a5,a5,a7
   1afd8:	00000593          	li	a1,0
   1afdc:	fac04ee3          	bgtz	a2,1af98 <f32_to_ui32+0x38>
   1afe0:	00040513          	mv	a0,s0
   1afe4:	01812403          	lw	s0,24(sp)
   1afe8:	01c12083          	lw	ra,28(sp)
   1afec:	00078613          	mv	a2,a5
   1aff0:	02010113          	addi	sp,sp,32
   1aff4:	3180306f          	j	1e30c <softfloat_roundToUI32>

0001aff8 <f32_to_ui64>:
   1aff8:	01755713          	srli	a4,a0,0x17
   1affc:	fe010113          	addi	sp,sp,-32
   1b000:	0ff77713          	zext.b	a4,a4
   1b004:	0be00793          	li	a5,190
   1b008:	008006b7          	lui	a3,0x800
   1b00c:	01212823          	sw	s2,16(sp)
   1b010:	fff68813          	addi	a6,a3,-1 # 7fffff <_float_lib_entry+0x6fffff>
   1b014:	00112e23          	sw	ra,28(sp)
   1b018:	40e787b3          	sub	a5,a5,a4
   1b01c:	01f55913          	srli	s2,a0,0x1f
   1b020:	01057533          	and	a0,a0,a6
   1b024:	0807c463          	bltz	a5,1b0ac <f32_to_ui64+0xb4>
   1b028:	00812c23          	sw	s0,24(sp)
   1b02c:	00912a23          	sw	s1,20(sp)
   1b030:	00058413          	mv	s0,a1
   1b034:	00060493          	mv	s1,a2
   1b038:	04071263          	bnez	a4,1b07c <f32_to_ui64+0x84>
   1b03c:	00851513          	slli	a0,a0,0x8
   1b040:	00a12623          	sw	a0,12(sp)
   1b044:	00012423          	sw	zero,8(sp)
   1b048:	00012223          	sw	zero,4(sp)
   1b04c:	04079463          	bnez	a5,1b094 <f32_to_ui64+0x9c>
   1b050:	00048693          	mv	a3,s1
   1b054:	00040613          	mv	a2,s0
   1b058:	00410593          	addi	a1,sp,4
   1b05c:	00090513          	mv	a0,s2
   1b060:	455020ef          	jal	1dcb4 <softfloat_roundMToUI64>
   1b064:	01812403          	lw	s0,24(sp)
   1b068:	01412483          	lw	s1,20(sp)
   1b06c:	01c12083          	lw	ra,28(sp)
   1b070:	01012903          	lw	s2,16(sp)
   1b074:	02010113          	addi	sp,sp,32
   1b078:	00008067          	ret
   1b07c:	00d56533          	or	a0,a0,a3
   1b080:	00851513          	slli	a0,a0,0x8
   1b084:	00a12623          	sw	a0,12(sp)
   1b088:	00012423          	sw	zero,8(sp)
   1b08c:	00012223          	sw	zero,4(sp)
   1b090:	fc0780e3          	beqz	a5,1b050 <f32_to_ui64+0x58>
   1b094:	00410693          	addi	a3,sp,4
   1b098:	00078613          	mv	a2,a5
   1b09c:	00068593          	mv	a1,a3
   1b0a0:	00300513          	li	a0,3
   1b0a4:	55c030ef          	jal	1e600 <softfloat_shiftRightJamM>
   1b0a8:	fa9ff06f          	j	1b050 <f32_to_ui64+0x58>
   1b0ac:	01000513          	li	a0,16
   1b0b0:	51d030ef          	jal	1edcc <softfloat_raiseFlags>
   1b0b4:	fff00513          	li	a0,-1
   1b0b8:	00050593          	mv	a1,a0
   1b0bc:	fb1ff06f          	j	1b06c <f32_to_ui64+0x74>

0001b0c0 <f64_add>:
   1b0c0:	00b6c7b3          	xor	a5,a3,a1
   1b0c4:	01f5d713          	srli	a4,a1,0x1f
   1b0c8:	0007c863          	bltz	a5,1b0d8 <f64_add+0x18>
   1b0cc:	00001797          	auipc	a5,0x1
   1b0d0:	3e478793          	addi	a5,a5,996 # 1c4b0 <softfloat_addMagsF64>
   1b0d4:	00078067          	jr	a5
   1b0d8:	00004797          	auipc	a5,0x4
   1b0dc:	a1078793          	addi	a5,a5,-1520 # 1eae8 <softfloat_subMagsF64>
   1b0e0:	00078067          	jr	a5

0001b0e4 <f64_div>:
   1b0e4:	fc010113          	addi	sp,sp,-64
   1b0e8:	03212823          	sw	s2,48(sp)
   1b0ec:	001007b7          	lui	a5,0x100
   1b0f0:	0145d913          	srli	s2,a1,0x14
   1b0f4:	fff78793          	addi	a5,a5,-1 # fffff <softfloat_roundingMode+0xe0b87>
   1b0f8:	02812c23          	sw	s0,56(sp)
   1b0fc:	02912a23          	sw	s1,52(sp)
   1b100:	03312623          	sw	s3,44(sp)
   1b104:	03412423          	sw	s4,40(sp)
   1b108:	03512223          	sw	s5,36(sp)
   1b10c:	7ff00713          	li	a4,2047
   1b110:	0146da93          	srli	s5,a3,0x14
   1b114:	02112e23          	sw	ra,60(sp)
   1b118:	7ff97913          	andi	s2,s2,2047
   1b11c:	00050a13          	mv	s4,a0
   1b120:	00eafab3          	and	s5,s5,a4
   1b124:	00b7f433          	and	s0,a5,a1
   1b128:	00d7f4b3          	and	s1,a5,a3
   1b12c:	00d5c9b3          	xor	s3,a1,a3
   1b130:	08e90463          	beq	s2,a4,1b1b8 <f64_div+0xd4>
   1b134:	04ea8863          	beq	s5,a4,1b184 <f64_div+0xa0>
   1b138:	03612023          	sw	s6,32(sp)
   1b13c:	01712e23          	sw	s7,28(sp)
   1b140:	00050b13          	mv	s6,a0
   1b144:	00060b93          	mv	s7,a2
   1b148:	0a0a9263          	bnez	s5,1b1ec <f64_div+0x108>
   1b14c:	00c4e7b3          	or	a5,s1,a2
   1b150:	08079063          	bnez	a5,1b1d0 <f64_div+0xec>
   1b154:	41f95793          	srai	a5,s2,0x1f
   1b158:	00a96533          	or	a0,s2,a0
   1b15c:	0087e7b3          	or	a5,a5,s0
   1b160:	00f56933          	or	s2,a0,a5
   1b164:	1e091e63          	bnez	s2,1b360 <f64_div+0x27c>
   1b168:	02012b03          	lw	s6,32(sp)
   1b16c:	01c12b83          	lw	s7,28(sp)
   1b170:	01000513          	li	a0,16
   1b174:	459030ef          	jal	1edcc <softfloat_raiseFlags>
   1b178:	00000513          	li	a0,0
   1b17c:	fff805b7          	lui	a1,0xfff80
   1b180:	0140006f          	j	1b194 <f64_div+0xb0>
   1b184:	00c4e7b3          	or	a5,s1,a2
   1b188:	1c078463          	beqz	a5,1b350 <f64_div+0x26c>
   1b18c:	000a0513          	mv	a0,s4
   1b190:	788020ef          	jal	1d918 <softfloat_propagateNaNF64UI>
   1b194:	03c12083          	lw	ra,60(sp)
   1b198:	03812403          	lw	s0,56(sp)
   1b19c:	03412483          	lw	s1,52(sp)
   1b1a0:	03012903          	lw	s2,48(sp)
   1b1a4:	02c12983          	lw	s3,44(sp)
   1b1a8:	02812a03          	lw	s4,40(sp)
   1b1ac:	02412a83          	lw	s5,36(sp)
   1b1b0:	04010113          	addi	sp,sp,64
   1b1b4:	00008067          	ret
   1b1b8:	00a46433          	or	s0,s0,a0
   1b1bc:	fc0418e3          	bnez	s0,1b18c <f64_div+0xa8>
   1b1c0:	1b2a9863          	bne	s5,s2,1b370 <f64_div+0x28c>
   1b1c4:	00c4e7b3          	or	a5,s1,a2
   1b1c8:	fc0792e3          	bnez	a5,1b18c <f64_div+0xa8>
   1b1cc:	fa5ff06f          	j	1b170 <f64_div+0x8c>
   1b1d0:	00060593          	mv	a1,a2
   1b1d4:	00010513          	mv	a0,sp
   1b1d8:	00048613          	mv	a2,s1
   1b1dc:	534020ef          	jal	1d710 <softfloat_normSubnormalF64Sig>
   1b1e0:	00012a83          	lw	s5,0(sp)
   1b1e4:	00812b83          	lw	s7,8(sp)
   1b1e8:	00c12483          	lw	s1,12(sp)
   1b1ec:	02091463          	bnez	s2,1b214 <f64_div+0x130>
   1b1f0:	014467b3          	or	a5,s0,s4
   1b1f4:	14078a63          	beqz	a5,1b348 <f64_div+0x264>
   1b1f8:	00040613          	mv	a2,s0
   1b1fc:	000a0593          	mv	a1,s4
   1b200:	00010513          	mv	a0,sp
   1b204:	50c020ef          	jal	1d710 <softfloat_normSubnormalF64Sig>
   1b208:	00012903          	lw	s2,0(sp)
   1b20c:	00812b03          	lw	s6,8(sp)
   1b210:	00c12403          	lw	s0,12(sp)
   1b214:	001007b7          	lui	a5,0x100
   1b218:	00f46433          	or	s0,s0,a5
   1b21c:	00f4e4b3          	or	s1,s1,a5
   1b220:	41590933          	sub	s2,s2,s5
   1b224:	16947263          	bgeu	s0,s1,1b388 <f64_div+0x2a4>
   1b228:	015b5793          	srli	a5,s6,0x15
   1b22c:	00b41413          	slli	s0,s0,0xb
   1b230:	3fd90913          	addi	s2,s2,1021
   1b234:	0087e433          	or	s0,a5,s0
   1b238:	00bb1b13          	slli	s6,s6,0xb
   1b23c:	015bd793          	srli	a5,s7,0x15
   1b240:	00b49493          	slli	s1,s1,0xb
   1b244:	0097e4b3          	or	s1,a5,s1
   1b248:	00048513          	mv	a0,s1
   1b24c:	4d8010ef          	jal	1c724 <softfloat_approxRecip32_1>
   1b250:	ffe50513          	addi	a0,a0,-2
   1b254:	02a43833          	mulhu	a6,s0,a0
   1b258:	00bb9b93          	slli	s7,s7,0xb
   1b25c:	004bdb93          	srli	s7,s7,0x4
   1b260:	00181713          	slli	a4,a6,0x1
   1b264:	02e487b3          	mul	a5,s1,a4
   1b268:	02e4b633          	mulhu	a2,s1,a4
   1b26c:	40fb07b3          	sub	a5,s6,a5
   1b270:	00fb3b33          	sltu	s6,s6,a5
   1b274:	0047d693          	srli	a3,a5,0x4
   1b278:	01c79793          	slli	a5,a5,0x1c
   1b27c:	037705b3          	mul	a1,a4,s7
   1b280:	40c40433          	sub	s0,s0,a2
   1b284:	41640433          	sub	s0,s0,s6
   1b288:	01c41413          	slli	s0,s0,0x1c
   1b28c:	0086e433          	or	s0,a3,s0
   1b290:	03773733          	mulhu	a4,a4,s7
   1b294:	40b785b3          	sub	a1,a5,a1
   1b298:	00b7b7b3          	sltu	a5,a5,a1
   1b29c:	40e40433          	sub	s0,s0,a4
   1b2a0:	40f40433          	sub	s0,s0,a5
   1b2a4:	02a43533          	mulhu	a0,s0,a0
   1b2a8:	00450793          	addi	a5,a0,4
   1b2ac:	00479613          	slli	a2,a5,0x4
   1b2b0:	01c7d693          	srli	a3,a5,0x1c
   1b2b4:	1c067713          	andi	a4,a2,448
   1b2b8:	00d806b3          	add	a3,a6,a3
   1b2bc:	04071c63          	bnez	a4,1b314 <f64_div+0x230>
   1b2c0:	00179793          	slli	a5,a5,0x1
   1b2c4:	ff07f793          	andi	a5,a5,-16
   1b2c8:	02f48733          	mul	a4,s1,a5
   1b2cc:	f8067613          	andi	a2,a2,-128
   1b2d0:	02f4b4b3          	mulhu	s1,s1,a5
   1b2d4:	40e58733          	sub	a4,a1,a4
   1b2d8:	00e5b5b3          	sltu	a1,a1,a4
   1b2dc:	00475713          	srli	a4,a4,0x4
   1b2e0:	02fbb533          	mulhu	a0,s7,a5
   1b2e4:	40940433          	sub	s0,s0,s1
   1b2e8:	40b40433          	sub	s0,s0,a1
   1b2ec:	01c41413          	slli	s0,s0,0x1c
   1b2f0:	00876433          	or	s0,a4,s0
   1b2f4:	02fb8bb3          	mul	s7,s7,a5
   1b2f8:	40a40433          	sub	s0,s0,a0
   1b2fc:	017037b3          	snez	a5,s7
   1b300:	40f40433          	sub	s0,s0,a5
   1b304:	41700bb3          	neg	s7,s7
   1b308:	0a044463          	bltz	s0,1b3b0 <f64_div+0x2cc>
   1b30c:	008bebb3          	or	s7,s7,s0
   1b310:	080b9c63          	bnez	s7,1b3a8 <f64_div+0x2c4>
   1b314:	03812403          	lw	s0,56(sp)
   1b318:	02012b03          	lw	s6,32(sp)
   1b31c:	01c12b83          	lw	s7,28(sp)
   1b320:	03c12083          	lw	ra,60(sp)
   1b324:	03412483          	lw	s1,52(sp)
   1b328:	02812a03          	lw	s4,40(sp)
   1b32c:	02412a83          	lw	s5,36(sp)
   1b330:	00090593          	mv	a1,s2
   1b334:	01f9d513          	srli	a0,s3,0x1f
   1b338:	03012903          	lw	s2,48(sp)
   1b33c:	02c12983          	lw	s3,44(sp)
   1b340:	04010113          	addi	sp,sp,64
   1b344:	4110206f          	j	1df54 <softfloat_roundPackToF64>
   1b348:	02012b03          	lw	s6,32(sp)
   1b34c:	01c12b83          	lw	s7,28(sp)
   1b350:	800007b7          	lui	a5,0x80000
   1b354:	00f9f5b3          	and	a1,s3,a5
   1b358:	00000513          	li	a0,0
   1b35c:	e39ff06f          	j	1b194 <f64_div+0xb0>
   1b360:	00800513          	li	a0,8
   1b364:	269030ef          	jal	1edcc <softfloat_raiseFlags>
   1b368:	02012b03          	lw	s6,32(sp)
   1b36c:	01c12b83          	lw	s7,28(sp)
   1b370:	800007b7          	lui	a5,0x80000
   1b374:	00f9f7b3          	and	a5,s3,a5
   1b378:	7ff005b7          	lui	a1,0x7ff00
   1b37c:	00b785b3          	add	a1,a5,a1
   1b380:	00000513          	li	a0,0
   1b384:	e11ff06f          	j	1b194 <f64_div+0xb0>
   1b388:	00849463          	bne	s1,s0,1b390 <f64_div+0x2ac>
   1b38c:	e97b6ee3          	bltu	s6,s7,1b228 <f64_div+0x144>
   1b390:	016b5793          	srli	a5,s6,0x16
   1b394:	00a41413          	slli	s0,s0,0xa
   1b398:	3fe90913          	addi	s2,s2,1022
   1b39c:	0087e433          	or	s0,a5,s0
   1b3a0:	00ab1b13          	slli	s6,s6,0xa
   1b3a4:	e99ff06f          	j	1b23c <f64_div+0x158>
   1b3a8:	00166613          	ori	a2,a2,1
   1b3ac:	f69ff06f          	j	1b314 <f64_div+0x230>
   1b3b0:	f8060793          	addi	a5,a2,-128
   1b3b4:	00c7b633          	sltu	a2,a5,a2
   1b3b8:	fff68693          	addi	a3,a3,-1
   1b3bc:	00d606b3          	add	a3,a2,a3
   1b3c0:	00078613          	mv	a2,a5
   1b3c4:	f51ff06f          	j	1b314 <f64_div+0x230>

0001b3c8 <f64_eq>:
   1b3c8:	fff5c793          	not	a5,a1
   1b3cc:	0147de13          	srli	t3,a5,0x14
   1b3d0:	7ffe7e13          	andi	t3,t3,2047
   1b3d4:	00050713          	mv	a4,a0
   1b3d8:	00058893          	mv	a7,a1
   1b3dc:	00060813          	mv	a6,a2
   1b3e0:	00068313          	mv	t1,a3
   1b3e4:	000e1a63          	bnez	t3,1b3f8 <f64_eq+0x30>
   1b3e8:	00c59793          	slli	a5,a1,0xc
   1b3ec:	00c7d793          	srli	a5,a5,0xc
   1b3f0:	00a7e7b3          	or	a5,a5,a0
   1b3f4:	04079c63          	bnez	a5,1b44c <f64_eq+0x84>
   1b3f8:	fff6c793          	not	a5,a3
   1b3fc:	0147de13          	srli	t3,a5,0x14
   1b400:	7ffe7e13          	andi	t3,t3,2047
   1b404:	020e1463          	bnez	t3,1b42c <f64_eq+0x64>
   1b408:	00c69793          	slli	a5,a3,0xc
   1b40c:	00c7d793          	srli	a5,a5,0xc
   1b410:	00c7e7b3          	or	a5,a5,a2
   1b414:	02079c63          	bnez	a5,1b44c <f64_eq+0x84>
   1b418:	00c54533          	xor	a0,a0,a2
   1b41c:	00d5c6b3          	xor	a3,a1,a3
   1b420:	00d56533          	or	a0,a0,a3
   1b424:	00153513          	seqz	a0,a0
   1b428:	00008067          	ret
   1b42c:	06e80c63          	beq	a6,a4,1b4a4 <f64_eq+0xdc>
   1b430:	00d5e5b3          	or	a1,a1,a3
   1b434:	00159593          	slli	a1,a1,0x1
   1b438:	0015d593          	srli	a1,a1,0x1
   1b43c:	00c56533          	or	a0,a0,a2
   1b440:	00b56533          	or	a0,a0,a1
   1b444:	00153513          	seqz	a0,a0
   1b448:	00008067          	ret
   1b44c:	7ff807b7          	lui	a5,0x7ff80
   1b450:	00b7f7b3          	and	a5,a5,a1
   1b454:	7ff00737          	lui	a4,0x7ff00
   1b458:	04e78c63          	beq	a5,a4,1b4b0 <f64_eq+0xe8>
   1b45c:	7ff807b7          	lui	a5,0x7ff80
   1b460:	00d7f7b3          	and	a5,a5,a3
   1b464:	7ff00737          	lui	a4,0x7ff00
   1b468:	00e78663          	beq	a5,a4,1b474 <f64_eq+0xac>
   1b46c:	00000513          	li	a0,0
   1b470:	00008067          	ret
   1b474:	00d69693          	slli	a3,a3,0xd
   1b478:	00d6d693          	srli	a3,a3,0xd
   1b47c:	00c6e6b3          	or	a3,a3,a2
   1b480:	fe0686e3          	beqz	a3,1b46c <f64_eq+0xa4>
   1b484:	ff010113          	addi	sp,sp,-16
   1b488:	01000513          	li	a0,16
   1b48c:	00112623          	sw	ra,12(sp)
   1b490:	13d030ef          	jal	1edcc <softfloat_raiseFlags>
   1b494:	00c12083          	lw	ra,12(sp)
   1b498:	00000513          	li	a0,0
   1b49c:	01010113          	addi	sp,sp,16
   1b4a0:	00008067          	ret
   1b4a4:	f91316e3          	bne	t1,a7,1b430 <f64_eq+0x68>
   1b4a8:	00100513          	li	a0,1
   1b4ac:	00008067          	ret
   1b4b0:	00d59593          	slli	a1,a1,0xd
   1b4b4:	00d5d593          	srli	a1,a1,0xd
   1b4b8:	00a5e5b3          	or	a1,a1,a0
   1b4bc:	fc0594e3          	bnez	a1,1b484 <f64_eq+0xbc>
   1b4c0:	f9dff06f          	j	1b45c <f64_eq+0x94>

0001b4c4 <f64_le>:
   1b4c4:	fff5c713          	not	a4,a1
   1b4c8:	01475e13          	srli	t3,a4,0x14
   1b4cc:	7ffe7e13          	andi	t3,t3,2047
   1b4d0:	00050793          	mv	a5,a0
   1b4d4:	00050893          	mv	a7,a0
   1b4d8:	00058813          	mv	a6,a1
   1b4dc:	00060313          	mv	t1,a2
   1b4e0:	00068513          	mv	a0,a3
   1b4e4:	000e1a63          	bnez	t3,1b4f8 <f64_le+0x34>
   1b4e8:	00c59713          	slli	a4,a1,0xc
   1b4ec:	00c75713          	srli	a4,a4,0xc
   1b4f0:	00f76733          	or	a4,a4,a5
   1b4f4:	06071663          	bnez	a4,1b560 <f64_le+0x9c>
   1b4f8:	fff6c713          	not	a4,a3
   1b4fc:	01475e13          	srli	t3,a4,0x14
   1b500:	7ffe7e13          	andi	t3,t3,2047
   1b504:	000e1a63          	bnez	t3,1b518 <f64_le+0x54>
   1b508:	00c69713          	slli	a4,a3,0xc
   1b50c:	00c75713          	srli	a4,a4,0xc
   1b510:	00c76733          	or	a4,a4,a2
   1b514:	04071663          	bnez	a4,1b560 <f64_le+0x9c>
   1b518:	00b6c733          	xor	a4,a3,a1
   1b51c:	02074063          	bltz	a4,1b53c <f64_le+0x78>
   1b520:	06688e63          	beq	a7,t1,1b59c <f64_le+0xd8>
   1b524:	00100793          	li	a5,1
   1b528:	04a87e63          	bgeu	a6,a0,1b584 <f64_le+0xc0>
   1b52c:	01f5d593          	srli	a1,a1,0x1f
   1b530:	00f5c5b3          	xor	a1,a1,a5
   1b534:	0ff5f513          	zext.b	a0,a1
   1b538:	00008067          	ret
   1b53c:	00100513          	li	a0,1
   1b540:	04084063          	bltz	a6,1b580 <f64_le+0xbc>
   1b544:	00b6e6b3          	or	a3,a3,a1
   1b548:	00169693          	slli	a3,a3,0x1
   1b54c:	0016d693          	srli	a3,a3,0x1
   1b550:	00f66633          	or	a2,a2,a5
   1b554:	00d66633          	or	a2,a2,a3
   1b558:	00163513          	seqz	a0,a2
   1b55c:	00008067          	ret
   1b560:	ff010113          	addi	sp,sp,-16
   1b564:	01000513          	li	a0,16
   1b568:	00112623          	sw	ra,12(sp)
   1b56c:	061030ef          	jal	1edcc <softfloat_raiseFlags>
   1b570:	00c12083          	lw	ra,12(sp)
   1b574:	00000513          	li	a0,0
   1b578:	01010113          	addi	sp,sp,16
   1b57c:	00008067          	ret
   1b580:	00008067          	ret
   1b584:	03050263          	beq	a0,a6,1b5a8 <f64_le+0xe4>
   1b588:	00000793          	li	a5,0
   1b58c:	01f5d593          	srli	a1,a1,0x1f
   1b590:	00f5c5b3          	xor	a1,a1,a5
   1b594:	0ff5f513          	zext.b	a0,a1
   1b598:	00008067          	ret
   1b59c:	f8a814e3          	bne	a6,a0,1b524 <f64_le+0x60>
   1b5a0:	00100513          	li	a0,1
   1b5a4:	00008067          	ret
   1b5a8:	f868e2e3          	bltu	a7,t1,1b52c <f64_le+0x68>
   1b5ac:	fddff06f          	j	1b588 <f64_le+0xc4>

0001b5b0 <f64_lt>:
   1b5b0:	fff5c713          	not	a4,a1
   1b5b4:	01475e13          	srli	t3,a4,0x14
   1b5b8:	7ffe7e13          	andi	t3,t3,2047
   1b5bc:	00050793          	mv	a5,a0
   1b5c0:	00050893          	mv	a7,a0
   1b5c4:	00058813          	mv	a6,a1
   1b5c8:	00060313          	mv	t1,a2
   1b5cc:	00068513          	mv	a0,a3
   1b5d0:	000e1a63          	bnez	t3,1b5e4 <f64_lt+0x34>
   1b5d4:	00c59713          	slli	a4,a1,0xc
   1b5d8:	00c75713          	srli	a4,a4,0xc
   1b5dc:	00f76733          	or	a4,a4,a5
   1b5e0:	04071a63          	bnez	a4,1b634 <f64_lt+0x84>
   1b5e4:	fff6c713          	not	a4,a3
   1b5e8:	01475e13          	srli	t3,a4,0x14
   1b5ec:	7ffe7e13          	andi	t3,t3,2047
   1b5f0:	000e1a63          	bnez	t3,1b604 <f64_lt+0x54>
   1b5f4:	00c69713          	slli	a4,a3,0xc
   1b5f8:	00c75713          	srli	a4,a4,0xc
   1b5fc:	00c76733          	or	a4,a4,a2
   1b600:	02071a63          	bnez	a4,1b634 <f64_lt+0x84>
   1b604:	00b6c733          	xor	a4,a3,a1
   1b608:	02074063          	bltz	a4,1b628 <f64_lt+0x78>
   1b60c:	06688e63          	beq	a7,t1,1b688 <f64_lt+0xd8>
   1b610:	00100793          	li	a5,1
   1b614:	04a87063          	bgeu	a6,a0,1b654 <f64_lt+0xa4>
   1b618:	01f5d593          	srli	a1,a1,0x1f
   1b61c:	00f5c5b3          	xor	a1,a1,a5
   1b620:	0ff5f513          	zext.b	a0,a1
   1b624:	00008067          	ret
   1b628:	00000513          	li	a0,0
   1b62c:	04084063          	bltz	a6,1b66c <f64_lt+0xbc>
   1b630:	00008067          	ret
   1b634:	ff010113          	addi	sp,sp,-16
   1b638:	01000513          	li	a0,16
   1b63c:	00112623          	sw	ra,12(sp)
   1b640:	78c030ef          	jal	1edcc <softfloat_raiseFlags>
   1b644:	00c12083          	lw	ra,12(sp)
   1b648:	00000513          	li	a0,0
   1b64c:	01010113          	addi	sp,sp,16
   1b650:	00008067          	ret
   1b654:	05050063          	beq	a0,a6,1b694 <f64_lt+0xe4>
   1b658:	00000793          	li	a5,0
   1b65c:	01f5d593          	srli	a1,a1,0x1f
   1b660:	00f5c5b3          	xor	a1,a1,a5
   1b664:	0ff5f513          	zext.b	a0,a1
   1b668:	00008067          	ret
   1b66c:	00b6e6b3          	or	a3,a3,a1
   1b670:	00169693          	slli	a3,a3,0x1
   1b674:	0016d693          	srli	a3,a3,0x1
   1b678:	00f66633          	or	a2,a2,a5
   1b67c:	00d66633          	or	a2,a2,a3
   1b680:	00c03533          	snez	a0,a2
   1b684:	00008067          	ret
   1b688:	f8a814e3          	bne	a6,a0,1b610 <f64_lt+0x60>
   1b68c:	00000513          	li	a0,0
   1b690:	00008067          	ret
   1b694:	f868e2e3          	bltu	a7,t1,1b618 <f64_lt+0x68>
   1b698:	fc1ff06f          	j	1b658 <f64_lt+0xa8>

0001b69c <f64_mul>:
   1b69c:	fb010113          	addi	sp,sp,-80
   1b6a0:	04912223          	sw	s1,68(sp)
   1b6a4:	001007b7          	lui	a5,0x100
   1b6a8:	0145d493          	srli	s1,a1,0x14
   1b6ac:	fff78793          	addi	a5,a5,-1 # fffff <softfloat_roundingMode+0xe0b87>
   1b6b0:	04812423          	sw	s0,72(sp)
   1b6b4:	05212023          	sw	s2,64(sp)
   1b6b8:	03312e23          	sw	s3,60(sp)
   1b6bc:	03412c23          	sw	s4,56(sp)
   1b6c0:	03512a23          	sw	s5,52(sp)
   1b6c4:	0146d993          	srli	s3,a3,0x14
   1b6c8:	7ff00713          	li	a4,2047
   1b6cc:	04112623          	sw	ra,76(sp)
   1b6d0:	7ff4f493          	andi	s1,s1,2047
   1b6d4:	00060913          	mv	s2,a2
   1b6d8:	00e9f9b3          	and	s3,s3,a4
   1b6dc:	00b7fa33          	and	s4,a5,a1
   1b6e0:	00d7f433          	and	s0,a5,a3
   1b6e4:	00b6cab3          	xor	s5,a3,a1
   1b6e8:	06e48863          	beq	s1,a4,1b758 <f64_mul+0xbc>
   1b6ec:	02e98c63          	beq	s3,a4,1b724 <f64_mul+0x88>
   1b6f0:	03612823          	sw	s6,48(sp)
   1b6f4:	03712623          	sw	s7,44(sp)
   1b6f8:	00060b13          	mv	s6,a2
   1b6fc:	00050b93          	mv	s7,a0
   1b700:	0a049663          	bnez	s1,1b7ac <f64_mul+0x110>
   1b704:	00aa67b3          	or	a5,s4,a0
   1b708:	08079463          	bnez	a5,1b790 <f64_mul+0xf4>
   1b70c:	800007b7          	lui	a5,0x80000
   1b710:	03012b03          	lw	s6,48(sp)
   1b714:	02c12b83          	lw	s7,44(sp)
   1b718:	00faf5b3          	and	a1,s5,a5
   1b71c:	00000513          	li	a0,0
   1b720:	0140006f          	j	1b734 <f64_mul+0x98>
   1b724:	00c467b3          	or	a5,s0,a2
   1b728:	12078863          	beqz	a5,1b858 <f64_mul+0x1bc>
   1b72c:	00090613          	mv	a2,s2
   1b730:	1e8020ef          	jal	1d918 <softfloat_propagateNaNF64UI>
   1b734:	04c12083          	lw	ra,76(sp)
   1b738:	04812403          	lw	s0,72(sp)
   1b73c:	04412483          	lw	s1,68(sp)
   1b740:	04012903          	lw	s2,64(sp)
   1b744:	03c12983          	lw	s3,60(sp)
   1b748:	03812a03          	lw	s4,56(sp)
   1b74c:	03412a83          	lw	s5,52(sp)
   1b750:	05010113          	addi	sp,sp,80
   1b754:	00008067          	ret
   1b758:	00aa6a33          	or	s4,s4,a0
   1b75c:	fc0a18e3          	bnez	s4,1b72c <f64_mul+0x90>
   1b760:	0e998663          	beq	s3,s1,1b84c <f64_mul+0x1b0>
   1b764:	41f9d793          	srai	a5,s3,0x1f
   1b768:	00c9e4b3          	or	s1,s3,a2
   1b76c:	0087e7b3          	or	a5,a5,s0
   1b770:	00f4e4b3          	or	s1,s1,a5
   1b774:	10048e63          	beqz	s1,1b890 <f64_mul+0x1f4>
   1b778:	800007b7          	lui	a5,0x80000
   1b77c:	00faf7b3          	and	a5,s5,a5
   1b780:	7ff005b7          	lui	a1,0x7ff00
   1b784:	00b785b3          	add	a1,a5,a1
   1b788:	00000513          	li	a0,0
   1b78c:	fa9ff06f          	j	1b734 <f64_mul+0x98>
   1b790:	00050593          	mv	a1,a0
   1b794:	000a0613          	mv	a2,s4
   1b798:	00010513          	mv	a0,sp
   1b79c:	775010ef          	jal	1d710 <softfloat_normSubnormalF64Sig>
   1b7a0:	00012483          	lw	s1,0(sp)
   1b7a4:	00812b83          	lw	s7,8(sp)
   1b7a8:	00c12a03          	lw	s4,12(sp)
   1b7ac:	02099463          	bnez	s3,1b7d4 <f64_mul+0x138>
   1b7b0:	012467b3          	or	a5,s0,s2
   1b7b4:	f4078ce3          	beqz	a5,1b70c <f64_mul+0x70>
   1b7b8:	00040613          	mv	a2,s0
   1b7bc:	00090593          	mv	a1,s2
   1b7c0:	00010513          	mv	a0,sp
   1b7c4:	74d010ef          	jal	1d710 <softfloat_normSubnormalF64Sig>
   1b7c8:	00012983          	lw	s3,0(sp)
   1b7cc:	00812b03          	lw	s6,8(sp)
   1b7d0:	00c12403          	lw	s0,12(sp)
   1b7d4:	016bd693          	srli	a3,s7,0x16
   1b7d8:	015b5713          	srli	a4,s6,0x15
   1b7dc:	00aa1a13          	slli	s4,s4,0xa
   1b7e0:	00b41413          	slli	s0,s0,0xb
   1b7e4:	0146ea33          	or	s4,a3,s4
   1b7e8:	00876433          	or	s0,a4,s0
   1b7ec:	400005b7          	lui	a1,0x40000
   1b7f0:	800006b7          	lui	a3,0x80000
   1b7f4:	00bb1613          	slli	a2,s6,0xb
   1b7f8:	00d466b3          	or	a3,s0,a3
   1b7fc:	01010713          	addi	a4,sp,16
   1b800:	00ab9513          	slli	a0,s7,0xa
   1b804:	00ba65b3          	or	a1,s4,a1
   1b808:	268010ef          	jal	1ca70 <softfloat_mul64To128M>
   1b80c:	01412783          	lw	a5,20(sp)
   1b810:	01012703          	lw	a4,16(sp)
   1b814:	01812603          	lw	a2,24(sp)
   1b818:	01c12683          	lw	a3,28(sp)
   1b81c:	00e7e7b3          	or	a5,a5,a4
   1b820:	013484b3          	add	s1,s1,s3
   1b824:	00078463          	beqz	a5,1b82c <f64_mul+0x190>
   1b828:	00166613          	ori	a2,a2,1
   1b82c:	400007b7          	lui	a5,0x40000
   1b830:	c0148593          	addi	a1,s1,-1023
   1b834:	02f6ea63          	bltu	a3,a5,1b868 <f64_mul+0x1cc>
   1b838:	01fad513          	srli	a0,s5,0x1f
   1b83c:	718020ef          	jal	1df54 <softfloat_roundPackToF64>
   1b840:	03012b03          	lw	s6,48(sp)
   1b844:	02c12b83          	lw	s7,44(sp)
   1b848:	eedff06f          	j	1b734 <f64_mul+0x98>
   1b84c:	00c467b3          	or	a5,s0,a2
   1b850:	ec079ee3          	bnez	a5,1b72c <f64_mul+0x90>
   1b854:	f25ff06f          	j	1b778 <f64_mul+0xdc>
   1b858:	41f4d793          	srai	a5,s1,0x1f
   1b85c:	0147e7b3          	or	a5,a5,s4
   1b860:	00a4e4b3          	or	s1,s1,a0
   1b864:	f0dff06f          	j	1b770 <f64_mul+0xd4>
   1b868:	01f65793          	srli	a5,a2,0x1f
   1b86c:	00169693          	slli	a3,a3,0x1
   1b870:	c0048593          	addi	a1,s1,-1024
   1b874:	00d7e6b3          	or	a3,a5,a3
   1b878:	00161613          	slli	a2,a2,0x1
   1b87c:	01fad513          	srli	a0,s5,0x1f
   1b880:	6d4020ef          	jal	1df54 <softfloat_roundPackToF64>
   1b884:	03012b03          	lw	s6,48(sp)
   1b888:	02c12b83          	lw	s7,44(sp)
   1b88c:	ea9ff06f          	j	1b734 <f64_mul+0x98>
   1b890:	01000513          	li	a0,16
   1b894:	538030ef          	jal	1edcc <softfloat_raiseFlags>
   1b898:	00000513          	li	a0,0
   1b89c:	fff805b7          	lui	a1,0xfff80
   1b8a0:	e95ff06f          	j	1b734 <f64_mul+0x98>

0001b8a4 <f64_mulAdd>:
   1b8a4:	00000813          	li	a6,0
   1b8a8:	5c40106f          	j	1ce6c <softfloat_mulAddF64>

0001b8ac <f64_sqrt>:
   1b8ac:	fd010113          	addi	sp,sp,-48
   1b8b0:	0145d793          	srli	a5,a1,0x14
   1b8b4:	00c59613          	slli	a2,a1,0xc
   1b8b8:	02112623          	sw	ra,44(sp)
   1b8bc:	7ff7f793          	andi	a5,a5,2047
   1b8c0:	7ff00713          	li	a4,2047
   1b8c4:	00c65613          	srli	a2,a2,0xc
   1b8c8:	04e78e63          	beq	a5,a4,1b924 <f64_sqrt+0x78>
   1b8cc:	0205c463          	bltz	a1,1b8f4 <f64_sqrt+0x48>
   1b8d0:	01312e23          	sw	s3,28(sp)
   1b8d4:	00050993          	mv	s3,a0
   1b8d8:	18079c63          	bnez	a5,1ba70 <f64_sqrt+0x1c4>
   1b8dc:	00a667b3          	or	a5,a2,a0
   1b8e0:	04079e63          	bnez	a5,1b93c <f64_sqrt+0x90>
   1b8e4:	01c12983          	lw	s3,28(sp)
   1b8e8:	02c12083          	lw	ra,44(sp)
   1b8ec:	03010113          	addi	sp,sp,48
   1b8f0:	00008067          	ret
   1b8f4:	41f7d713          	srai	a4,a5,0x1f
   1b8f8:	00c76733          	or	a4,a4,a2
   1b8fc:	00a7e7b3          	or	a5,a5,a0
   1b900:	00e7e7b3          	or	a5,a5,a4
   1b904:	fe0782e3          	beqz	a5,1b8e8 <f64_sqrt+0x3c>
   1b908:	01000513          	li	a0,16
   1b90c:	4c0030ef          	jal	1edcc <softfloat_raiseFlags>
   1b910:	02c12083          	lw	ra,44(sp)
   1b914:	00000513          	li	a0,0
   1b918:	fff805b7          	lui	a1,0xfff80
   1b91c:	03010113          	addi	sp,sp,48
   1b920:	00008067          	ret
   1b924:	00a66633          	or	a2,a2,a0
   1b928:	16061863          	bnez	a2,1ba98 <f64_sqrt+0x1ec>
   1b92c:	fc05cee3          	bltz	a1,1b908 <f64_sqrt+0x5c>
   1b930:	02c12083          	lw	ra,44(sp)
   1b934:	03010113          	addi	sp,sp,48
   1b938:	00008067          	ret
   1b93c:	00050593          	mv	a1,a0
   1b940:	00010513          	mv	a0,sp
   1b944:	02812423          	sw	s0,40(sp)
   1b948:	02912223          	sw	s1,36(sp)
   1b94c:	03212023          	sw	s2,32(sp)
   1b950:	01412c23          	sw	s4,24(sp)
   1b954:	5bd010ef          	jal	1d710 <softfloat_normSubnormalF64Sig>
   1b958:	00012783          	lw	a5,0(sp)
   1b95c:	00812983          	lw	s3,8(sp)
   1b960:	00c12603          	lw	a2,12(sp)
   1b964:	00100737          	lui	a4,0x100
   1b968:	00e66433          	or	s0,a2,a4
   1b96c:	00b41713          	slli	a4,s0,0xb
   1b970:	0159da13          	srli	s4,s3,0x15
   1b974:	01476a33          	or	s4,a4,s4
   1b978:	0017f493          	andi	s1,a5,1
   1b97c:	c0178913          	addi	s2,a5,-1023 # 3ffffc01 <_float_lib_entry+0x3feffc01>
   1b980:	000a0593          	mv	a1,s4
   1b984:	00048513          	mv	a0,s1
   1b988:	40195913          	srai	s2,s2,0x1
   1b98c:	629000ef          	jal	1c7b4 <softfloat_approxRecipSqrt32_1>
   1b990:	034535b3          	mulhu	a1,a0,s4
   1b994:	3fe90913          	addi	s2,s2,1022
   1b998:	0e048663          	beqz	s1,1ba84 <f64_sqrt+0x1d8>
   1b99c:	0189d793          	srli	a5,s3,0x18
   1b9a0:	00841613          	slli	a2,s0,0x8
   1b9a4:	0015d593          	srli	a1,a1,0x1
   1b9a8:	00c7e633          	or	a2,a5,a2
   1b9ac:	00899993          	slli	s3,s3,0x8
   1b9b0:	02100813          	li	a6,33
   1b9b4:	02b587b3          	mul	a5,a1,a1
   1b9b8:	02b5b6b3          	mulhu	a3,a1,a1
   1b9bc:	40f987b3          	sub	a5,s3,a5
   1b9c0:	00f9b733          	sltu	a4,s3,a5
   1b9c4:	0027d793          	srli	a5,a5,0x2
   1b9c8:	40d60633          	sub	a2,a2,a3
   1b9cc:	40e60633          	sub	a2,a2,a4
   1b9d0:	01e61613          	slli	a2,a2,0x1e
   1b9d4:	00f667b3          	or	a5,a2,a5
   1b9d8:	02a7b7b3          	mulhu	a5,a5,a0
   1b9dc:	00379713          	slli	a4,a5,0x3
   1b9e0:	02070693          	addi	a3,a4,32 # 100020 <_float_lib_entry+0x20>
   1b9e4:	00068613          	mv	a2,a3
   1b9e8:	01d7d793          	srli	a5,a5,0x1d
   1b9ec:	00e6b6b3          	sltu	a3,a3,a4
   1b9f0:	00b787b3          	add	a5,a5,a1
   1b9f4:	1ff67713          	andi	a4,a2,511
   1b9f8:	00f686b3          	add	a3,a3,a5
   1b9fc:	04e86663          	bltu	a6,a4,1ba48 <f64_sqrt+0x19c>
   1ba00:	fc067613          	andi	a2,a2,-64
   1ba04:	01a69713          	slli	a4,a3,0x1a
   1ba08:	00665793          	srli	a5,a2,0x6
   1ba0c:	00f767b3          	or	a5,a4,a5
   1ba10:	0066d713          	srli	a4,a3,0x6
   1ba14:	02f70733          	mul	a4,a4,a5
   1ba18:	01499993          	slli	s3,s3,0x14
   1ba1c:	02f7b5b3          	mulhu	a1,a5,a5
   1ba20:	00171713          	slli	a4,a4,0x1
   1ba24:	02f787b3          	mul	a5,a5,a5
   1ba28:	00b70733          	add	a4,a4,a1
   1ba2c:	40e989b3          	sub	s3,s3,a4
   1ba30:	00f03733          	snez	a4,a5
   1ba34:	40e989b3          	sub	s3,s3,a4
   1ba38:	40f007b3          	neg	a5,a5
   1ba3c:	0609c663          	bltz	s3,1baa8 <f64_sqrt+0x1fc>
   1ba40:	0137e7b3          	or	a5,a5,s3
   1ba44:	06079a63          	bnez	a5,1bab8 <f64_sqrt+0x20c>
   1ba48:	02812403          	lw	s0,40(sp)
   1ba4c:	02412483          	lw	s1,36(sp)
   1ba50:	01c12983          	lw	s3,28(sp)
   1ba54:	01812a03          	lw	s4,24(sp)
   1ba58:	02c12083          	lw	ra,44(sp)
   1ba5c:	00090593          	mv	a1,s2
   1ba60:	02012903          	lw	s2,32(sp)
   1ba64:	00000513          	li	a0,0
   1ba68:	03010113          	addi	sp,sp,48
   1ba6c:	4e80206f          	j	1df54 <softfloat_roundPackToF64>
   1ba70:	02812423          	sw	s0,40(sp)
   1ba74:	02912223          	sw	s1,36(sp)
   1ba78:	03212023          	sw	s2,32(sp)
   1ba7c:	01412c23          	sw	s4,24(sp)
   1ba80:	ee5ff06f          	j	1b964 <f64_sqrt+0xb8>
   1ba84:	0179d793          	srli	a5,s3,0x17
   1ba88:	00941613          	slli	a2,s0,0x9
   1ba8c:	00c7e633          	or	a2,a5,a2
   1ba90:	00999993          	slli	s3,s3,0x9
   1ba94:	f1dff06f          	j	1b9b0 <f64_sqrt+0x104>
   1ba98:	00000613          	li	a2,0
   1ba9c:	00000693          	li	a3,0
   1baa0:	679010ef          	jal	1d918 <softfloat_propagateNaNF64UI>
   1baa4:	e45ff06f          	j	1b8e8 <f64_sqrt+0x3c>
   1baa8:	00163793          	seqz	a5,a2
   1baac:	40f686b3          	sub	a3,a3,a5
   1bab0:	fff60613          	addi	a2,a2,-1
   1bab4:	f95ff06f          	j	1ba48 <f64_sqrt+0x19c>
   1bab8:	00166613          	ori	a2,a2,1
   1babc:	f8dff06f          	j	1ba48 <f64_sqrt+0x19c>

0001bac0 <f64_sub>:
   1bac0:	00b6c7b3          	xor	a5,a3,a1
   1bac4:	01f5d713          	srli	a4,a1,0x1f
   1bac8:	0007c863          	bltz	a5,1bad8 <f64_sub+0x18>
   1bacc:	00003797          	auipc	a5,0x3
   1bad0:	01c78793          	addi	a5,a5,28 # 1eae8 <softfloat_subMagsF64>
   1bad4:	00078067          	jr	a5
   1bad8:	00001797          	auipc	a5,0x1
   1badc:	9d878793          	addi	a5,a5,-1576 # 1c4b0 <softfloat_addMagsF64>
   1bae0:	00078067          	jr	a5

0001bae4 <f64_to_f32>:
   1bae4:	fd010113          	addi	sp,sp,-48
   1bae8:	02812423          	sw	s0,40(sp)
   1baec:	0145d413          	srli	s0,a1,0x14
   1baf0:	00058793          	mv	a5,a1
   1baf4:	02912223          	sw	s1,36(sp)
   1baf8:	00c59593          	slli	a1,a1,0xc
   1bafc:	02112623          	sw	ra,44(sp)
   1bb00:	7ff47413          	andi	s0,s0,2047
   1bb04:	7ff00713          	li	a4,2047
   1bb08:	00c5d593          	srli	a1,a1,0xc
   1bb0c:	01f7d493          	srli	s1,a5,0x1f
   1bb10:	04e40a63          	beq	s0,a4,1bb64 <f64_to_f32+0x80>
   1bb14:	01600613          	li	a2,22
   1bb18:	425020ef          	jal	1e73c <softfloat_shortShiftRightJam64>
   1bb1c:	00a467b3          	or	a5,s0,a0
   1bb20:	00050613          	mv	a2,a0
   1bb24:	01f49513          	slli	a0,s1,0x1f
   1bb28:	00079c63          	bnez	a5,1bb40 <f64_to_f32+0x5c>
   1bb2c:	02c12083          	lw	ra,44(sp)
   1bb30:	02812403          	lw	s0,40(sp)
   1bb34:	02412483          	lw	s1,36(sp)
   1bb38:	03010113          	addi	sp,sp,48
   1bb3c:	00008067          	ret
   1bb40:	c7f40593          	addi	a1,s0,-897 # 3ffffc7f <_float_lib_entry+0x3feffc7f>
   1bb44:	02812403          	lw	s0,40(sp)
   1bb48:	02c12083          	lw	ra,44(sp)
   1bb4c:	00048513          	mv	a0,s1
   1bb50:	02412483          	lw	s1,36(sp)
   1bb54:	400007b7          	lui	a5,0x40000
   1bb58:	00f66633          	or	a2,a2,a5
   1bb5c:	03010113          	addi	sp,sp,48
   1bb60:	26c0206f          	j	1ddcc <softfloat_roundPackToF32>
   1bb64:	00a5e5b3          	or	a1,a1,a0
   1bb68:	02059263          	bnez	a1,1bb8c <f64_to_f32+0xa8>
   1bb6c:	02c12083          	lw	ra,44(sp)
   1bb70:	02812403          	lw	s0,40(sp)
   1bb74:	01f49493          	slli	s1,s1,0x1f
   1bb78:	7f8007b7          	lui	a5,0x7f800
   1bb7c:	00f48533          	add	a0,s1,a5
   1bb80:	02412483          	lw	s1,36(sp)
   1bb84:	03010113          	addi	sp,sp,48
   1bb88:	00008067          	ret
   1bb8c:	00810613          	addi	a2,sp,8
   1bb90:	00078593          	mv	a1,a5
   1bb94:	649000ef          	jal	1c9dc <softfloat_f64UIToCommonNaN>
   1bb98:	00810513          	addi	a0,sp,8
   1bb9c:	4dd000ef          	jal	1c878 <softfloat_commonNaNToF32UI>
   1bba0:	02c12083          	lw	ra,44(sp)
   1bba4:	02812403          	lw	s0,40(sp)
   1bba8:	02412483          	lw	s1,36(sp)
   1bbac:	03010113          	addi	sp,sp,48
   1bbb0:	00008067          	ret

0001bbb4 <f64_to_i32>:
   1bbb4:	ff010113          	addi	sp,sp,-16
   1bbb8:	0145d813          	srli	a6,a1,0x14
   1bbbc:	00100737          	lui	a4,0x100
   1bbc0:	00812423          	sw	s0,8(sp)
   1bbc4:	00912223          	sw	s1,4(sp)
   1bbc8:	01212023          	sw	s2,0(sp)
   1bbcc:	fff70793          	addi	a5,a4,-1 # fffff <softfloat_roundingMode+0xe0b87>
   1bbd0:	00112623          	sw	ra,12(sp)
   1bbd4:	7ff87813          	andi	a6,a6,2047
   1bbd8:	00060413          	mv	s0,a2
   1bbdc:	00068493          	mv	s1,a3
   1bbe0:	01f5d913          	srli	s2,a1,0x1f
   1bbe4:	00b7f7b3          	and	a5,a5,a1
   1bbe8:	04080a63          	beqz	a6,1bc3c <f64_to_i32+0x88>
   1bbec:	42700893          	li	a7,1063
   1bbf0:	41088833          	sub	a6,a7,a6
   1bbf4:	00050593          	mv	a1,a0
   1bbf8:	00e7e7b3          	or	a5,a5,a4
   1bbfc:	00080613          	mv	a2,a6
   1bc00:	01005a63          	blez	a6,1bc14 <f64_to_i32+0x60>
   1bc04:	00078593          	mv	a1,a5
   1bc08:	159020ef          	jal	1e560 <softfloat_shiftRightJam64>
   1bc0c:	00058793          	mv	a5,a1
   1bc10:	00050593          	mv	a1,a0
   1bc14:	00040693          	mv	a3,s0
   1bc18:	00812403          	lw	s0,8(sp)
   1bc1c:	00c12083          	lw	ra,12(sp)
   1bc20:	00048713          	mv	a4,s1
   1bc24:	00090513          	mv	a0,s2
   1bc28:	00412483          	lw	s1,4(sp)
   1bc2c:	00012903          	lw	s2,0(sp)
   1bc30:	00078613          	mv	a2,a5
   1bc34:	01010113          	addi	sp,sp,16
   1bc38:	52c0206f          	j	1e164 <softfloat_roundToI32>
   1bc3c:	42700613          	li	a2,1063
   1bc40:	fc5ff06f          	j	1bc04 <f64_to_i32+0x50>

0001bc44 <f64_to_i64>:
   1bc44:	fd010113          	addi	sp,sp,-48
   1bc48:	0145d793          	srli	a5,a1,0x14
   1bc4c:	001008b7          	lui	a7,0x100
   1bc50:	02812423          	sw	s0,40(sp)
   1bc54:	02912223          	sw	s1,36(sp)
   1bc58:	03212023          	sw	s2,32(sp)
   1bc5c:	fff88813          	addi	a6,a7,-1 # fffff <softfloat_roundingMode+0xe0b87>
   1bc60:	02112623          	sw	ra,44(sp)
   1bc64:	7ff7f793          	andi	a5,a5,2047
   1bc68:	00050713          	mv	a4,a0
   1bc6c:	00060413          	mv	s0,a2
   1bc70:	00068493          	mv	s1,a3
   1bc74:	01f5d913          	srli	s2,a1,0x1f
   1bc78:	00b87833          	and	a6,a6,a1
   1bc7c:	04079a63          	bnez	a5,1bcd0 <f64_to_i64+0x8c>
   1bc80:	00012a23          	sw	zero,20(sp)
   1bc84:	43300613          	li	a2,1075
   1bc88:	01410593          	addi	a1,sp,20
   1bc8c:	00058693          	mv	a3,a1
   1bc90:	00300513          	li	a0,3
   1bc94:	00b12623          	sw	a1,12(sp)
   1bc98:	01012e23          	sw	a6,28(sp)
   1bc9c:	00e12c23          	sw	a4,24(sp)
   1bca0:	161020ef          	jal	1e600 <softfloat_shiftRightJamM>
   1bca4:	00c12583          	lw	a1,12(sp)
   1bca8:	00048693          	mv	a3,s1
   1bcac:	00040613          	mv	a2,s0
   1bcb0:	00090513          	mv	a0,s2
   1bcb4:	5dd010ef          	jal	1da90 <softfloat_roundMToI64>
   1bcb8:	02c12083          	lw	ra,44(sp)
   1bcbc:	02812403          	lw	s0,40(sp)
   1bcc0:	02412483          	lw	s1,36(sp)
   1bcc4:	02012903          	lw	s2,32(sp)
   1bcc8:	03010113          	addi	sp,sp,48
   1bccc:	00008067          	ret
   1bcd0:	43300613          	li	a2,1075
   1bcd4:	00012a23          	sw	zero,20(sp)
   1bcd8:	40f60633          	sub	a2,a2,a5
   1bcdc:	01186833          	or	a6,a6,a7
   1bce0:	fac044e3          	bgtz	a2,1bc88 <f64_to_i64+0x44>
   1bce4:	ff500693          	li	a3,-11
   1bce8:	04d64463          	blt	a2,a3,1bd30 <f64_to_i64+0xec>
   1bcec:	bad78693          	addi	a3,a5,-1107 # 7f7ffbad <_float_lib_entry+0x7f6ffbad>
   1bcf0:	bcd78793          	addi	a5,a5,-1075
   1bcf4:	0006ce63          	bltz	a3,1bd10 <f64_to_i64+0xcc>
   1bcf8:	00d516b3          	sll	a3,a0,a3
   1bcfc:	00000713          	li	a4,0
   1bd00:	00d12e23          	sw	a3,28(sp)
   1bd04:	00e12c23          	sw	a4,24(sp)
   1bd08:	01410593          	addi	a1,sp,20
   1bd0c:	f9dff06f          	j	1bca8 <f64_to_i64+0x64>
   1bd10:	01f00593          	li	a1,31
   1bd14:	40f585b3          	sub	a1,a1,a5
   1bd18:	00155613          	srli	a2,a0,0x1
   1bd1c:	00f816b3          	sll	a3,a6,a5
   1bd20:	00b65633          	srl	a2,a2,a1
   1bd24:	00f51733          	sll	a4,a0,a5
   1bd28:	00d666b3          	or	a3,a2,a3
   1bd2c:	fd5ff06f          	j	1bd00 <f64_to_i64+0xbc>
   1bd30:	01000513          	li	a0,16
   1bd34:	098030ef          	jal	1edcc <softfloat_raiseFlags>
   1bd38:	00000513          	li	a0,0
   1bd3c:	800005b7          	lui	a1,0x80000
   1bd40:	f79ff06f          	j	1bcb8 <f64_to_i64+0x74>

0001bd44 <f64_to_ui32>:
   1bd44:	ff010113          	addi	sp,sp,-16
   1bd48:	0145d813          	srli	a6,a1,0x14
   1bd4c:	00100737          	lui	a4,0x100
   1bd50:	00812423          	sw	s0,8(sp)
   1bd54:	00912223          	sw	s1,4(sp)
   1bd58:	01212023          	sw	s2,0(sp)
   1bd5c:	fff70793          	addi	a5,a4,-1 # fffff <softfloat_roundingMode+0xe0b87>
   1bd60:	00112623          	sw	ra,12(sp)
   1bd64:	7ff87813          	andi	a6,a6,2047
   1bd68:	00060413          	mv	s0,a2
   1bd6c:	00068493          	mv	s1,a3
   1bd70:	01f5d913          	srli	s2,a1,0x1f
   1bd74:	00b7f7b3          	and	a5,a5,a1
   1bd78:	04080a63          	beqz	a6,1bdcc <f64_to_ui32+0x88>
   1bd7c:	42700893          	li	a7,1063
   1bd80:	41088833          	sub	a6,a7,a6
   1bd84:	00050593          	mv	a1,a0
   1bd88:	00e7e7b3          	or	a5,a5,a4
   1bd8c:	00080613          	mv	a2,a6
   1bd90:	01005a63          	blez	a6,1bda4 <f64_to_ui32+0x60>
   1bd94:	00078593          	mv	a1,a5
   1bd98:	7c8020ef          	jal	1e560 <softfloat_shiftRightJam64>
   1bd9c:	00058793          	mv	a5,a1
   1bda0:	00050593          	mv	a1,a0
   1bda4:	00040693          	mv	a3,s0
   1bda8:	00812403          	lw	s0,8(sp)
   1bdac:	00c12083          	lw	ra,12(sp)
   1bdb0:	00048713          	mv	a4,s1
   1bdb4:	00090513          	mv	a0,s2
   1bdb8:	00412483          	lw	s1,4(sp)
   1bdbc:	00012903          	lw	s2,0(sp)
   1bdc0:	00078613          	mv	a2,a5
   1bdc4:	01010113          	addi	sp,sp,16
   1bdc8:	5440206f          	j	1e30c <softfloat_roundToUI32>
   1bdcc:	42700613          	li	a2,1063
   1bdd0:	fc5ff06f          	j	1bd94 <f64_to_ui32+0x50>

0001bdd4 <f64_to_ui64>:
   1bdd4:	fd010113          	addi	sp,sp,-48
   1bdd8:	0145d793          	srli	a5,a1,0x14
   1bddc:	001008b7          	lui	a7,0x100
   1bde0:	02812423          	sw	s0,40(sp)
   1bde4:	02912223          	sw	s1,36(sp)
   1bde8:	03212023          	sw	s2,32(sp)
   1bdec:	fff88813          	addi	a6,a7,-1 # fffff <softfloat_roundingMode+0xe0b87>
   1bdf0:	02112623          	sw	ra,44(sp)
   1bdf4:	7ff7f793          	andi	a5,a5,2047
   1bdf8:	00050713          	mv	a4,a0
   1bdfc:	00060413          	mv	s0,a2
   1be00:	00068493          	mv	s1,a3
   1be04:	01f5d913          	srli	s2,a1,0x1f
   1be08:	00b87833          	and	a6,a6,a1
   1be0c:	04079a63          	bnez	a5,1be60 <f64_to_ui64+0x8c>
   1be10:	00012a23          	sw	zero,20(sp)
   1be14:	43300613          	li	a2,1075
   1be18:	01410593          	addi	a1,sp,20
   1be1c:	00058693          	mv	a3,a1
   1be20:	00300513          	li	a0,3
   1be24:	00b12623          	sw	a1,12(sp)
   1be28:	01012e23          	sw	a6,28(sp)
   1be2c:	00e12c23          	sw	a4,24(sp)
   1be30:	7d0020ef          	jal	1e600 <softfloat_shiftRightJamM>
   1be34:	00c12583          	lw	a1,12(sp)
   1be38:	00048693          	mv	a3,s1
   1be3c:	00040613          	mv	a2,s0
   1be40:	00090513          	mv	a0,s2
   1be44:	671010ef          	jal	1dcb4 <softfloat_roundMToUI64>
   1be48:	02c12083          	lw	ra,44(sp)
   1be4c:	02812403          	lw	s0,40(sp)
   1be50:	02412483          	lw	s1,36(sp)
   1be54:	02012903          	lw	s2,32(sp)
   1be58:	03010113          	addi	sp,sp,48
   1be5c:	00008067          	ret
   1be60:	43300613          	li	a2,1075
   1be64:	00012a23          	sw	zero,20(sp)
   1be68:	40f60633          	sub	a2,a2,a5
   1be6c:	01186833          	or	a6,a6,a7
   1be70:	fac044e3          	bgtz	a2,1be18 <f64_to_ui64+0x44>
   1be74:	ff500693          	li	a3,-11
   1be78:	04d64463          	blt	a2,a3,1bec0 <f64_to_ui64+0xec>
   1be7c:	bad78693          	addi	a3,a5,-1107
   1be80:	bcd78793          	addi	a5,a5,-1075
   1be84:	0006ce63          	bltz	a3,1bea0 <f64_to_ui64+0xcc>
   1be88:	00d516b3          	sll	a3,a0,a3
   1be8c:	00000713          	li	a4,0
   1be90:	00d12e23          	sw	a3,28(sp)
   1be94:	00e12c23          	sw	a4,24(sp)
   1be98:	01410593          	addi	a1,sp,20
   1be9c:	f9dff06f          	j	1be38 <f64_to_ui64+0x64>
   1bea0:	01f00593          	li	a1,31
   1bea4:	40f585b3          	sub	a1,a1,a5
   1bea8:	00155613          	srli	a2,a0,0x1
   1beac:	00f816b3          	sll	a3,a6,a5
   1beb0:	00b65633          	srl	a2,a2,a1
   1beb4:	00f51733          	sll	a4,a0,a5
   1beb8:	00d666b3          	or	a3,a2,a3
   1bebc:	fd5ff06f          	j	1be90 <f64_to_ui64+0xbc>
   1bec0:	01000513          	li	a0,16
   1bec4:	709020ef          	jal	1edcc <softfloat_raiseFlags>
   1bec8:	fff00513          	li	a0,-1
   1becc:	00050593          	mv	a1,a0
   1bed0:	f79ff06f          	j	1be48 <f64_to_ui64+0x74>

0001bed4 <i32_to_f32>:
   1bed4:	00151713          	slli	a4,a0,0x1
   1bed8:	00050793          	mv	a5,a0
   1bedc:	00070e63          	beqz	a4,1bef8 <i32_to_f32+0x24>
   1bee0:	41f55713          	srai	a4,a0,0x1f
   1bee4:	00a74633          	xor	a2,a4,a0
   1bee8:	40e60633          	sub	a2,a2,a4
   1beec:	01f55513          	srli	a0,a0,0x1f
   1bef0:	09c00593          	li	a1,156
   1bef4:	6280106f          	j	1d51c <softfloat_normRoundPackToF32>
   1bef8:	00000513          	li	a0,0
   1befc:	00078663          	beqz	a5,1bf08 <i32_to_f32+0x34>
   1bf00:	cf000537          	lui	a0,0xcf000
   1bf04:	00008067          	ret
   1bf08:	00008067          	ret

0001bf0c <i32_to_f64>:
   1bf0c:	06050663          	beqz	a0,1bf78 <i32_to_f64+0x6c>
   1bf10:	ff010113          	addi	sp,sp,-16
   1bf14:	00912223          	sw	s1,4(sp)
   1bf18:	41f55493          	srai	s1,a0,0x1f
   1bf1c:	00812423          	sw	s0,8(sp)
   1bf20:	00a4c433          	xor	s0,s1,a0
   1bf24:	40940433          	sub	s0,s0,s1
   1bf28:	00040513          	mv	a0,s0
   1bf2c:	00112623          	sw	ra,12(sp)
   1bf30:	199000ef          	jal	1c8c8 <softfloat_countLeadingZeros32>
   1bf34:	01f4d593          	srli	a1,s1,0x1f
   1bf38:	ff550713          	addi	a4,a0,-11 # cefffff5 <_float_lib_entry+0xceeffff5>
   1bf3c:	01f59593          	slli	a1,a1,0x1f
   1bf40:	01550793          	addi	a5,a0,21
   1bf44:	04074063          	bltz	a4,1bf84 <i32_to_f64+0x78>
   1bf48:	00e416b3          	sll	a3,s0,a4
   1bf4c:	00000513          	li	a0,0
   1bf50:	00c12083          	lw	ra,12(sp)
   1bf54:	00812403          	lw	s0,8(sp)
   1bf58:	43200713          	li	a4,1074
   1bf5c:	40f707b3          	sub	a5,a4,a5
   1bf60:	00d585b3          	add	a1,a1,a3
   1bf64:	01479793          	slli	a5,a5,0x14
   1bf68:	00412483          	lw	s1,4(sp)
   1bf6c:	00f585b3          	add	a1,a1,a5
   1bf70:	01010113          	addi	sp,sp,16
   1bf74:	00008067          	ret
   1bf78:	00000513          	li	a0,0
   1bf7c:	00000593          	li	a1,0
   1bf80:	00008067          	ret
   1bf84:	01f00693          	li	a3,31
   1bf88:	40f686b3          	sub	a3,a3,a5
   1bf8c:	00145713          	srli	a4,s0,0x1
   1bf90:	00d756b3          	srl	a3,a4,a3
   1bf94:	00f41533          	sll	a0,s0,a5
   1bf98:	fb9ff06f          	j	1bf50 <i32_to_f64+0x44>

0001bf9c <i64_to_f32>:
   1bf9c:	fe010113          	addi	sp,sp,-32
   1bfa0:	00812c23          	sw	s0,24(sp)
   1bfa4:	01212823          	sw	s2,16(sp)
   1bfa8:	01312623          	sw	s3,12(sp)
   1bfac:	00112e23          	sw	ra,28(sp)
   1bfb0:	00058913          	mv	s2,a1
   1bfb4:	01f5d993          	srli	s3,a1,0x1f
   1bfb8:	00050413          	mv	s0,a0
   1bfbc:	0605ca63          	bltz	a1,1c030 <i64_to_f32+0x94>
   1bfc0:	00912a23          	sw	s1,20(sp)
   1bfc4:	151000ef          	jal	1c914 <softfloat_countLeadingZeros64>
   1bfc8:	fd850793          	addi	a5,a0,-40
   1bfcc:	0207c863          	bltz	a5,1bffc <i64_to_f32+0x60>
   1bfd0:	012464b3          	or	s1,s0,s2
   1bfd4:	00000513          	li	a0,0
   1bfd8:	0c049463          	bnez	s1,1c0a0 <i64_to_f32+0x104>
   1bfdc:	01c12083          	lw	ra,28(sp)
   1bfe0:	01812403          	lw	s0,24(sp)
   1bfe4:	01412483          	lw	s1,20(sp)
   1bfe8:	01012903          	lw	s2,16(sp)
   1bfec:	00c12983          	lw	s3,12(sp)
   1bff0:	02010113          	addi	sp,sp,32
   1bff4:	00008067          	ret
   1bff8:	00912a23          	sw	s1,20(sp)
   1bffc:	fdf50493          	addi	s1,a0,-33
   1c000:	00941633          	sll	a2,s0,s1
   1c004:	0804c263          	bltz	s1,1c088 <i64_to_f32+0xec>
   1c008:	01812403          	lw	s0,24(sp)
   1c00c:	09c00593          	li	a1,156
   1c010:	01c12083          	lw	ra,28(sp)
   1c014:	01012903          	lw	s2,16(sp)
   1c018:	00098513          	mv	a0,s3
   1c01c:	409585b3          	sub	a1,a1,s1
   1c020:	00c12983          	lw	s3,12(sp)
   1c024:	01412483          	lw	s1,20(sp)
   1c028:	02010113          	addi	sp,sp,32
   1c02c:	5a10106f          	j	1ddcc <softfloat_roundPackToF32>
   1c030:	00a037b3          	snez	a5,a0
   1c034:	40b00933          	neg	s2,a1
   1c038:	40f90933          	sub	s2,s2,a5
   1c03c:	40a00433          	neg	s0,a0
   1c040:	00090593          	mv	a1,s2
   1c044:	00040513          	mv	a0,s0
   1c048:	0cd000ef          	jal	1c914 <softfloat_countLeadingZeros64>
   1c04c:	fd850793          	addi	a5,a0,-40
   1c050:	fa07c4e3          	bltz	a5,1bff8 <i64_to_f32+0x5c>
   1c054:	00f41433          	sll	s0,s0,a5
   1c058:	01f99513          	slli	a0,s3,0x1f
   1c05c:	01c12083          	lw	ra,28(sp)
   1c060:	00850533          	add	a0,a0,s0
   1c064:	09500713          	li	a4,149
   1c068:	01812403          	lw	s0,24(sp)
   1c06c:	40f707b3          	sub	a5,a4,a5
   1c070:	01779793          	slli	a5,a5,0x17
   1c074:	01012903          	lw	s2,16(sp)
   1c078:	00c12983          	lw	s3,12(sp)
   1c07c:	00f50533          	add	a0,a0,a5
   1c080:	02010113          	addi	sp,sp,32
   1c084:	00008067          	ret
   1c088:	40900633          	neg	a2,s1
   1c08c:	00040513          	mv	a0,s0
   1c090:	00090593          	mv	a1,s2
   1c094:	6a8020ef          	jal	1e73c <softfloat_shortShiftRightJam64>
   1c098:	00050613          	mv	a2,a0
   1c09c:	f6dff06f          	j	1c008 <i64_to_f32+0x6c>
   1c0a0:	01412483          	lw	s1,20(sp)
   1c0a4:	fb1ff06f          	j	1c054 <i64_to_f32+0xb8>

0001c0a8 <i64_to_f64>:
   1c0a8:	00159793          	slli	a5,a1,0x1
   1c0ac:	0017d793          	srli	a5,a5,0x1
   1c0b0:	00f567b3          	or	a5,a0,a5
   1c0b4:	02078663          	beqz	a5,1c0e0 <i64_to_f64+0x38>
   1c0b8:	41f5d793          	srai	a5,a1,0x1f
   1c0bc:	00a7c533          	xor	a0,a5,a0
   1c0c0:	00b7c6b3          	xor	a3,a5,a1
   1c0c4:	40f50633          	sub	a2,a0,a5
   1c0c8:	00c53533          	sltu	a0,a0,a2
   1c0cc:	40f686b3          	sub	a3,a3,a5
   1c0d0:	40a686b3          	sub	a3,a3,a0
   1c0d4:	01f5d513          	srli	a0,a1,0x1f
   1c0d8:	43c00593          	li	a1,1084
   1c0dc:	4d80106f          	j	1d5b4 <softfloat_normRoundPackToF64>
   1c0e0:	00b565b3          	or	a1,a0,a1
   1c0e4:	00000713          	li	a4,0
   1c0e8:	00000793          	li	a5,0
   1c0ec:	00059863          	bnez	a1,1c0fc <i64_to_f64+0x54>
   1c0f0:	00070513          	mv	a0,a4
   1c0f4:	00078593          	mv	a1,a5
   1c0f8:	00008067          	ret
   1c0fc:	00000713          	li	a4,0
   1c100:	c3e007b7          	lui	a5,0xc3e00
   1c104:	00070513          	mv	a0,a4
   1c108:	00078593          	mv	a1,a5
   1c10c:	00008067          	ret

0001c110 <ui32_to_f32>:
   1c110:	00050613          	mv	a2,a0
   1c114:	02050663          	beqz	a0,1c140 <ui32_to_f32+0x30>
   1c118:	00054863          	bltz	a0,1c128 <ui32_to_f32+0x18>
   1c11c:	09c00593          	li	a1,156
   1c120:	00000513          	li	a0,0
   1c124:	3f80106f          	j	1d51c <softfloat_normRoundPackToF32>
   1c128:	00155793          	srli	a5,a0,0x1
   1c12c:	00157613          	andi	a2,a0,1
   1c130:	00c7e633          	or	a2,a5,a2
   1c134:	09d00593          	li	a1,157
   1c138:	00000513          	li	a0,0
   1c13c:	4910106f          	j	1ddcc <softfloat_roundPackToF32>
   1c140:	00008067          	ret

0001c144 <ui32_to_f64>:
   1c144:	00051863          	bnez	a0,1c154 <ui32_to_f64+0x10>
   1c148:	00000513          	li	a0,0
   1c14c:	00000593          	li	a1,0
   1c150:	00008067          	ret
   1c154:	ff010113          	addi	sp,sp,-16
   1c158:	00812423          	sw	s0,8(sp)
   1c15c:	00112623          	sw	ra,12(sp)
   1c160:	00050413          	mv	s0,a0
   1c164:	764000ef          	jal	1c8c8 <softfloat_countLeadingZeros32>
   1c168:	01550793          	addi	a5,a0,21
   1c16c:	43200593          	li	a1,1074
   1c170:	40f585b3          	sub	a1,a1,a5
   1c174:	ff550513          	addi	a0,a0,-11
   1c178:	01459593          	slli	a1,a1,0x14
   1c17c:	02054063          	bltz	a0,1c19c <ui32_to_f64+0x58>
   1c180:	00a41433          	sll	s0,s0,a0
   1c184:	00c12083          	lw	ra,12(sp)
   1c188:	008585b3          	add	a1,a1,s0
   1c18c:	00812403          	lw	s0,8(sp)
   1c190:	00000513          	li	a0,0
   1c194:	01010113          	addi	sp,sp,16
   1c198:	00008067          	ret
   1c19c:	01f00713          	li	a4,31
   1c1a0:	40f70733          	sub	a4,a4,a5
   1c1a4:	00145693          	srli	a3,s0,0x1
   1c1a8:	00f41533          	sll	a0,s0,a5
   1c1ac:	00e6d433          	srl	s0,a3,a4
   1c1b0:	00c12083          	lw	ra,12(sp)
   1c1b4:	008585b3          	add	a1,a1,s0
   1c1b8:	00812403          	lw	s0,8(sp)
   1c1bc:	01010113          	addi	sp,sp,16
   1c1c0:	00008067          	ret

0001c1c4 <ui64_to_f32>:
   1c1c4:	ff010113          	addi	sp,sp,-16
   1c1c8:	00912223          	sw	s1,4(sp)
   1c1cc:	01212023          	sw	s2,0(sp)
   1c1d0:	00112623          	sw	ra,12(sp)
   1c1d4:	00050493          	mv	s1,a0
   1c1d8:	00058913          	mv	s2,a1
   1c1dc:	738000ef          	jal	1c914 <softfloat_countLeadingZeros64>
   1c1e0:	fd850793          	addi	a5,a0,-40
   1c1e4:	0407c663          	bltz	a5,1c230 <ui64_to_f32+0x6c>
   1c1e8:	0124e5b3          	or	a1,s1,s2
   1c1ec:	00000513          	li	a0,0
   1c1f0:	00059c63          	bnez	a1,1c208 <ui64_to_f32+0x44>
   1c1f4:	00c12083          	lw	ra,12(sp)
   1c1f8:	00412483          	lw	s1,4(sp)
   1c1fc:	00012903          	lw	s2,0(sp)
   1c200:	01010113          	addi	sp,sp,16
   1c204:	00008067          	ret
   1c208:	00c12083          	lw	ra,12(sp)
   1c20c:	09500513          	li	a0,149
   1c210:	40f50533          	sub	a0,a0,a5
   1c214:	00f494b3          	sll	s1,s1,a5
   1c218:	01751513          	slli	a0,a0,0x17
   1c21c:	00012903          	lw	s2,0(sp)
   1c220:	00950533          	add	a0,a0,s1
   1c224:	00412483          	lw	s1,4(sp)
   1c228:	01010113          	addi	sp,sp,16
   1c22c:	00008067          	ret
   1c230:	00812423          	sw	s0,8(sp)
   1c234:	fdf50413          	addi	s0,a0,-33
   1c238:	00849633          	sll	a2,s1,s0
   1c23c:	02044463          	bltz	s0,1c264 <ui64_to_f32+0xa0>
   1c240:	09c00593          	li	a1,156
   1c244:	408585b3          	sub	a1,a1,s0
   1c248:	00812403          	lw	s0,8(sp)
   1c24c:	00c12083          	lw	ra,12(sp)
   1c250:	00412483          	lw	s1,4(sp)
   1c254:	00012903          	lw	s2,0(sp)
   1c258:	00000513          	li	a0,0
   1c25c:	01010113          	addi	sp,sp,16
   1c260:	36d0106f          	j	1ddcc <softfloat_roundPackToF32>
   1c264:	40800633          	neg	a2,s0
   1c268:	00048513          	mv	a0,s1
   1c26c:	00090593          	mv	a1,s2
   1c270:	4cc020ef          	jal	1e73c <softfloat_shortShiftRightJam64>
   1c274:	00050613          	mv	a2,a0
   1c278:	fc9ff06f          	j	1c240 <ui64_to_f32+0x7c>

0001c27c <ui64_to_f64>:
   1c27c:	00b567b3          	or	a5,a0,a1
   1c280:	04078463          	beqz	a5,1c2c8 <ui64_to_f64+0x4c>
   1c284:	00058693          	mv	a3,a1
   1c288:	0005ca63          	bltz	a1,1c29c <ui64_to_f64+0x20>
   1c28c:	00050613          	mv	a2,a0
   1c290:	43c00593          	li	a1,1084
   1c294:	00000513          	li	a0,0
   1c298:	31c0106f          	j	1d5b4 <softfloat_normRoundPackToF64>
   1c29c:	ff010113          	addi	sp,sp,-16
   1c2a0:	00100613          	li	a2,1
   1c2a4:	00112623          	sw	ra,12(sp)
   1c2a8:	494020ef          	jal	1e73c <softfloat_shortShiftRightJam64>
   1c2ac:	00c12083          	lw	ra,12(sp)
   1c2b0:	00050613          	mv	a2,a0
   1c2b4:	00058693          	mv	a3,a1
   1c2b8:	43d00593          	li	a1,1085
   1c2bc:	00000513          	li	a0,0
   1c2c0:	01010113          	addi	sp,sp,16
   1c2c4:	4910106f          	j	1df54 <softfloat_roundPackToF64>
   1c2c8:	00000513          	li	a0,0
   1c2cc:	00000593          	li	a1,0
   1c2d0:	00008067          	ret

0001c2d4 <softfloat_addMagsF32>:
   1c2d4:	fe010113          	addi	sp,sp,-32
   1c2d8:	00812c23          	sw	s0,24(sp)
   1c2dc:	01312623          	sw	s3,12(sp)
   1c2e0:	01755413          	srli	s0,a0,0x17
   1c2e4:	0175d993          	srli	s3,a1,0x17
   1c2e8:	00800737          	lui	a4,0x800
   1c2ec:	fff70793          	addi	a5,a4,-1 # 7fffff <_float_lib_entry+0x6fffff>
   1c2f0:	0ff47413          	zext.b	s0,s0
   1c2f4:	0ff9f993          	zext.b	s3,s3
   1c2f8:	00112e23          	sw	ra,28(sp)
   1c2fc:	01412423          	sw	s4,8(sp)
   1c300:	00f57633          	and	a2,a0,a5
   1c304:	413406b3          	sub	a3,s0,s3
   1c308:	00f5f7b3          	and	a5,a1,a5
   1c30c:	03341c63          	bne	s0,s3,1c344 <softfloat_addMagsF32+0x70>
   1c310:	0e040c63          	beqz	s0,1c408 <softfloat_addMagsF32+0x134>
   1c314:	0ff00693          	li	a3,255
   1c318:	12d40663          	beq	s0,a3,1c444 <softfloat_addMagsF32+0x170>
   1c31c:	00f60633          	add	a2,a2,a5
   1c320:	00167693          	andi	a3,a2,1
   1c324:	010007b7          	lui	a5,0x1000
   1c328:	00f607b3          	add	a5,a2,a5
   1c32c:	01f55a13          	srli	s4,a0,0x1f
   1c330:	00069663          	bnez	a3,1c33c <softfloat_addMagsF32+0x68>
   1c334:	0fe00693          	li	a3,254
   1c338:	12d41e63          	bne	s0,a3,1c474 <softfloat_addMagsF32+0x1a0>
   1c33c:	00679613          	slli	a2,a5,0x6
   1c340:	0640006f          	j	1c3a4 <softfloat_addMagsF32+0xd0>
   1c344:	00912a23          	sw	s1,20(sp)
   1c348:	01212823          	sw	s2,16(sp)
   1c34c:	00679493          	slli	s1,a5,0x6
   1c350:	00661913          	slli	s2,a2,0x6
   1c354:	01f55a13          	srli	s4,a0,0x1f
   1c358:	0ff00793          	li	a5,255
   1c35c:	0606c463          	bltz	a3,1c3c4 <softfloat_addMagsF32+0xf0>
   1c360:	0cf40263          	beq	s0,a5,1c424 <softfloat_addMagsF32+0x150>
   1c364:	00048513          	mv	a0,s1
   1c368:	00098463          	beqz	s3,1c370 <softfloat_addMagsF32+0x9c>
   1c36c:	20000537          	lui	a0,0x20000
   1c370:	00950533          	add	a0,a0,s1
   1c374:	00068593          	mv	a1,a3
   1c378:	1c0020ef          	jal	1e538 <softfloat_shiftRightJam32>
   1c37c:	00050493          	mv	s1,a0
   1c380:	200007b7          	lui	a5,0x20000
   1c384:	00990633          	add	a2,s2,s1
   1c388:	00f60633          	add	a2,a2,a5
   1c38c:	400007b7          	lui	a5,0x40000
   1c390:	06f67663          	bgeu	a2,a5,1c3fc <softfloat_addMagsF32+0x128>
   1c394:	01412483          	lw	s1,20(sp)
   1c398:	01012903          	lw	s2,16(sp)
   1c39c:	fff40413          	addi	s0,s0,-1
   1c3a0:	00161613          	slli	a2,a2,0x1
   1c3a4:	00040593          	mv	a1,s0
   1c3a8:	01812403          	lw	s0,24(sp)
   1c3ac:	01c12083          	lw	ra,28(sp)
   1c3b0:	00c12983          	lw	s3,12(sp)
   1c3b4:	000a0513          	mv	a0,s4
   1c3b8:	00812a03          	lw	s4,8(sp)
   1c3bc:	02010113          	addi	sp,sp,32
   1c3c0:	20d0106f          	j	1ddcc <softfloat_roundPackToF32>
   1c3c4:	06f98863          	beq	s3,a5,1c434 <softfloat_addMagsF32+0x160>
   1c3c8:	00090513          	mv	a0,s2
   1c3cc:	00040463          	beqz	s0,1c3d4 <softfloat_addMagsF32+0x100>
   1c3d0:	20000537          	lui	a0,0x20000
   1c3d4:	408985b3          	sub	a1,s3,s0
   1c3d8:	01250533          	add	a0,a0,s2
   1c3dc:	15c020ef          	jal	1e538 <softfloat_shiftRightJam32>
   1c3e0:	00050913          	mv	s2,a0
   1c3e4:	200007b7          	lui	a5,0x20000
   1c3e8:	00990633          	add	a2,s2,s1
   1c3ec:	00f60633          	add	a2,a2,a5
   1c3f0:	400007b7          	lui	a5,0x40000
   1c3f4:	00098413          	mv	s0,s3
   1c3f8:	f8f66ee3          	bltu	a2,a5,1c394 <softfloat_addMagsF32+0xc0>
   1c3fc:	01412483          	lw	s1,20(sp)
   1c400:	01012903          	lw	s2,16(sp)
   1c404:	fa1ff06f          	j	1c3a4 <softfloat_addMagsF32+0xd0>
   1c408:	00f50533          	add	a0,a0,a5
   1c40c:	01c12083          	lw	ra,28(sp)
   1c410:	01812403          	lw	s0,24(sp)
   1c414:	00c12983          	lw	s3,12(sp)
   1c418:	00812a03          	lw	s4,8(sp)
   1c41c:	02010113          	addi	sp,sp,32
   1c420:	00008067          	ret
   1c424:	01412483          	lw	s1,20(sp)
   1c428:	04091263          	bnez	s2,1c46c <softfloat_addMagsF32+0x198>
   1c42c:	01012903          	lw	s2,16(sp)
   1c430:	fddff06f          	j	1c40c <softfloat_addMagsF32+0x138>
   1c434:	06048063          	beqz	s1,1c494 <softfloat_addMagsF32+0x1c0>
   1c438:	01412483          	lw	s1,20(sp)
   1c43c:	01012903          	lw	s2,16(sp)
   1c440:	0100006f          	j	1c450 <softfloat_addMagsF32+0x17c>
   1c444:	00b567b3          	or	a5,a0,a1
   1c448:	00979713          	slli	a4,a5,0x9
   1c44c:	fc0700e3          	beqz	a4,1c40c <softfloat_addMagsF32+0x138>
   1c450:	36c010ef          	jal	1d7bc <softfloat_propagateNaNF32UI>
   1c454:	01c12083          	lw	ra,28(sp)
   1c458:	01812403          	lw	s0,24(sp)
   1c45c:	00c12983          	lw	s3,12(sp)
   1c460:	00812a03          	lw	s4,8(sp)
   1c464:	02010113          	addi	sp,sp,32
   1c468:	00008067          	ret
   1c46c:	01012903          	lw	s2,16(sp)
   1c470:	fe1ff06f          	j	1c450 <softfloat_addMagsF32+0x17c>
   1c474:	800007b7          	lui	a5,0x80000
   1c478:	00f577b3          	and	a5,a0,a5
   1c47c:	01741413          	slli	s0,s0,0x17
   1c480:	00e787b3          	add	a5,a5,a4
   1c484:	00165613          	srli	a2,a2,0x1
   1c488:	008787b3          	add	a5,a5,s0
   1c48c:	00c78533          	add	a0,a5,a2
   1c490:	f7dff06f          	j	1c40c <softfloat_addMagsF32+0x138>
   1c494:	800007b7          	lui	a5,0x80000
   1c498:	00f577b3          	and	a5,a0,a5
   1c49c:	7f800537          	lui	a0,0x7f800
   1c4a0:	01412483          	lw	s1,20(sp)
   1c4a4:	01012903          	lw	s2,16(sp)
   1c4a8:	00a78533          	add	a0,a5,a0
   1c4ac:	f61ff06f          	j	1c40c <softfloat_addMagsF32+0x138>

0001c4b0 <softfloat_addMagsF64>:
   1c4b0:	fe010113          	addi	sp,sp,-32
   1c4b4:	00812c23          	sw	s0,24(sp)
   1c4b8:	01212823          	sw	s2,16(sp)
   1c4bc:	0145d413          	srli	s0,a1,0x14
   1c4c0:	0146d913          	srli	s2,a3,0x14
   1c4c4:	001007b7          	lui	a5,0x100
   1c4c8:	fff78793          	addi	a5,a5,-1 # fffff <softfloat_roundingMode+0xe0b87>
   1c4cc:	01412423          	sw	s4,8(sp)
   1c4d0:	7ff47413          	andi	s0,s0,2047
   1c4d4:	7ff97913          	andi	s2,s2,2047
   1c4d8:	00112e23          	sw	ra,28(sp)
   1c4dc:	00070a13          	mv	s4,a4
   1c4e0:	41240333          	sub	t1,s0,s2
   1c4e4:	00f5f833          	and	a6,a1,a5
   1c4e8:	00f6f733          	and	a4,a3,a5
   1c4ec:	05241c63          	bne	s0,s2,1c544 <softfloat_addMagsF64+0x94>
   1c4f0:	14040a63          	beqz	s0,1c644 <softfloat_addMagsF64+0x194>
   1c4f4:	7ff00893          	li	a7,2047
   1c4f8:	1d140463          	beq	s0,a7,1c6c0 <softfloat_addMagsF64+0x210>
   1c4fc:	002006b7          	lui	a3,0x200
   1c500:	00a607b3          	add	a5,a2,a0
   1c504:	00d70733          	add	a4,a4,a3
   1c508:	01070733          	add	a4,a4,a6
   1c50c:	00c7b6b3          	sltu	a3,a5,a2
   1c510:	00e686b3          	add	a3,a3,a4
   1c514:	00969693          	slli	a3,a3,0x9
   1c518:	0177d713          	srli	a4,a5,0x17
   1c51c:	00d766b3          	or	a3,a4,a3
   1c520:	00979613          	slli	a2,a5,0x9
   1c524:	00040593          	mv	a1,s0
   1c528:	01812403          	lw	s0,24(sp)
   1c52c:	01c12083          	lw	ra,28(sp)
   1c530:	01012903          	lw	s2,16(sp)
   1c534:	000a0513          	mv	a0,s4
   1c538:	00812a03          	lw	s4,8(sp)
   1c53c:	02010113          	addi	sp,sp,32
   1c540:	2150106f          	j	1df54 <softfloat_roundPackToF64>
   1c544:	01765793          	srli	a5,a2,0x17
   1c548:	00912a23          	sw	s1,20(sp)
   1c54c:	01312623          	sw	s3,12(sp)
   1c550:	01512223          	sw	s5,4(sp)
   1c554:	01612023          	sw	s6,0(sp)
   1c558:	01755893          	srli	a7,a0,0x17
   1c55c:	00981a93          	slli	s5,a6,0x9
   1c560:	00971b13          	slli	s6,a4,0x9
   1c564:	0167eb33          	or	s6,a5,s6
   1c568:	0158eab3          	or	s5,a7,s5
   1c56c:	00951493          	slli	s1,a0,0x9
   1c570:	00961993          	slli	s3,a2,0x9
   1c574:	7ff00793          	li	a5,2047
   1c578:	06034863          	bltz	t1,1c5e8 <softfloat_addMagsF64+0x138>
   1c57c:	0ef40a63          	beq	s0,a5,1c670 <softfloat_addMagsF64+0x1c0>
   1c580:	14090c63          	beqz	s2,1c6d8 <softfloat_addMagsF64+0x228>
   1c584:	20000737          	lui	a4,0x20000
   1c588:	00098513          	mv	a0,s3
   1c58c:	00eb05b3          	add	a1,s6,a4
   1c590:	00030613          	mv	a2,t1
   1c594:	7cd010ef          	jal	1e560 <softfloat_shiftRightJam64>
   1c598:	00050993          	mv	s3,a0
   1c59c:	00058b13          	mv	s6,a1
   1c5a0:	01348633          	add	a2,s1,s3
   1c5a4:	009636b3          	sltu	a3,a2,s1
   1c5a8:	016a8ab3          	add	s5,s5,s6
   1c5ac:	200007b7          	lui	a5,0x20000
   1c5b0:	015686b3          	add	a3,a3,s5
   1c5b4:	00f686b3          	add	a3,a3,a5
   1c5b8:	400007b7          	lui	a5,0x40000
   1c5bc:	06f6fa63          	bgeu	a3,a5,1c630 <softfloat_addMagsF64+0x180>
   1c5c0:	01f65793          	srli	a5,a2,0x1f
   1c5c4:	00169693          	slli	a3,a3,0x1
   1c5c8:	01412483          	lw	s1,20(sp)
   1c5cc:	00c12983          	lw	s3,12(sp)
   1c5d0:	00412a83          	lw	s5,4(sp)
   1c5d4:	00012b03          	lw	s6,0(sp)
   1c5d8:	fff40413          	addi	s0,s0,-1
   1c5dc:	00d7e6b3          	or	a3,a5,a3
   1c5e0:	00161613          	slli	a2,a2,0x1
   1c5e4:	f41ff06f          	j	1c524 <softfloat_addMagsF64+0x74>
   1c5e8:	0af90263          	beq	s2,a5,1c68c <softfloat_addMagsF64+0x1dc>
   1c5ec:	10040063          	beqz	s0,1c6ec <softfloat_addMagsF64+0x23c>
   1c5f0:	200005b7          	lui	a1,0x20000
   1c5f4:	00048513          	mv	a0,s1
   1c5f8:	00ba85b3          	add	a1,s5,a1
   1c5fc:	40890633          	sub	a2,s2,s0
   1c600:	761010ef          	jal	1e560 <softfloat_shiftRightJam64>
   1c604:	00050493          	mv	s1,a0
   1c608:	00058a93          	mv	s5,a1
   1c60c:	01348633          	add	a2,s1,s3
   1c610:	009636b3          	sltu	a3,a2,s1
   1c614:	016a8ab3          	add	s5,s5,s6
   1c618:	200007b7          	lui	a5,0x20000
   1c61c:	015686b3          	add	a3,a3,s5
   1c620:	00f686b3          	add	a3,a3,a5
   1c624:	400007b7          	lui	a5,0x40000
   1c628:	00090413          	mv	s0,s2
   1c62c:	f8f6eae3          	bltu	a3,a5,1c5c0 <softfloat_addMagsF64+0x110>
   1c630:	01412483          	lw	s1,20(sp)
   1c634:	00c12983          	lw	s3,12(sp)
   1c638:	00412a83          	lw	s5,4(sp)
   1c63c:	00012b03          	lw	s6,0(sp)
   1c640:	ee5ff06f          	j	1c524 <softfloat_addMagsF64+0x74>
   1c644:	00c50633          	add	a2,a0,a2
   1c648:	00a637b3          	sltu	a5,a2,a0
   1c64c:	00e58733          	add	a4,a1,a4
   1c650:	00060513          	mv	a0,a2
   1c654:	00e785b3          	add	a1,a5,a4
   1c658:	01c12083          	lw	ra,28(sp)
   1c65c:	01812403          	lw	s0,24(sp)
   1c660:	01012903          	lw	s2,16(sp)
   1c664:	00812a03          	lw	s4,8(sp)
   1c668:	02010113          	addi	sp,sp,32
   1c66c:	00008067          	ret
   1c670:	0154e4b3          	or	s1,s1,s5
   1c674:	02049063          	bnez	s1,1c694 <softfloat_addMagsF64+0x1e4>
   1c678:	01412483          	lw	s1,20(sp)
   1c67c:	00c12983          	lw	s3,12(sp)
   1c680:	00412a83          	lw	s5,4(sp)
   1c684:	00012b03          	lw	s6,0(sp)
   1c688:	fd1ff06f          	j	1c658 <softfloat_addMagsF64+0x1a8>
   1c68c:	0169e9b3          	or	s3,s3,s6
   1c690:	06098863          	beqz	s3,1c700 <softfloat_addMagsF64+0x250>
   1c694:	01412483          	lw	s1,20(sp)
   1c698:	00c12983          	lw	s3,12(sp)
   1c69c:	00412a83          	lw	s5,4(sp)
   1c6a0:	00012b03          	lw	s6,0(sp)
   1c6a4:	274010ef          	jal	1d918 <softfloat_propagateNaNF64UI>
   1c6a8:	01c12083          	lw	ra,28(sp)
   1c6ac:	01812403          	lw	s0,24(sp)
   1c6b0:	01012903          	lw	s2,16(sp)
   1c6b4:	00812a03          	lw	s4,8(sp)
   1c6b8:	02010113          	addi	sp,sp,32
   1c6bc:	00008067          	ret
   1c6c0:	00d5e733          	or	a4,a1,a3
   1c6c4:	00f77733          	and	a4,a4,a5
   1c6c8:	00c567b3          	or	a5,a0,a2
   1c6cc:	00e7e7b3          	or	a5,a5,a4
   1c6d0:	fc079ae3          	bnez	a5,1c6a4 <softfloat_addMagsF64+0x1f4>
   1c6d4:	f85ff06f          	j	1c658 <softfloat_addMagsF64+0x1a8>
   1c6d8:	00a71593          	slli	a1,a4,0xa
   1c6dc:	01665793          	srli	a5,a2,0x16
   1c6e0:	00b7e5b3          	or	a1,a5,a1
   1c6e4:	00a61513          	slli	a0,a2,0xa
   1c6e8:	ea9ff06f          	j	1c590 <softfloat_addMagsF64+0xe0>
   1c6ec:	01655793          	srli	a5,a0,0x16
   1c6f0:	00a81593          	slli	a1,a6,0xa
   1c6f4:	00b7e5b3          	or	a1,a5,a1
   1c6f8:	00a51513          	slli	a0,a0,0xa
   1c6fc:	f01ff06f          	j	1c5fc <softfloat_addMagsF64+0x14c>
   1c700:	01fa1593          	slli	a1,s4,0x1f
   1c704:	7ff007b7          	lui	a5,0x7ff00
   1c708:	01412483          	lw	s1,20(sp)
   1c70c:	00c12983          	lw	s3,12(sp)
   1c710:	00412a83          	lw	s5,4(sp)
   1c714:	00012b03          	lw	s6,0(sp)
   1c718:	00f585b3          	add	a1,a1,a5
   1c71c:	00000513          	li	a0,0
   1c720:	f39ff06f          	j	1c658 <softfloat_addMagsF64+0x1a8>

0001c724 <softfloat_approxRecip32_1>:
   1c724:	01a55713          	srli	a4,a0,0x1a
   1c728:	01e77713          	andi	a4,a4,30
   1c72c:	00003697          	auipc	a3,0x3
   1c730:	bc868693          	addi	a3,a3,-1080 # 1f2f4 <softfloat_approxRecip_1k1s>
   1c734:	00e686b3          	add	a3,a3,a4
   1c738:	0006d603          	lhu	a2,0(a3)
   1c73c:	00b55793          	srli	a5,a0,0xb
   1c740:	01079793          	slli	a5,a5,0x10
   1c744:	0107d793          	srli	a5,a5,0x10
   1c748:	02c787b3          	mul	a5,a5,a2
   1c74c:	00003697          	auipc	a3,0x3
   1c750:	bc868693          	addi	a3,a3,-1080 # 1f314 <softfloat_approxRecip_1k0s>
   1c754:	00e68733          	add	a4,a3,a4
   1c758:	00075703          	lhu	a4,0(a4) # 20000000 <_float_lib_entry+0x1ff00000>
   1c75c:	0147d793          	srli	a5,a5,0x14
   1c760:	40f70733          	sub	a4,a4,a5
   1c764:	01071713          	slli	a4,a4,0x10
   1c768:	01075713          	srli	a4,a4,0x10
   1c76c:	02a707b3          	mul	a5,a4,a0
   1c770:	01071613          	slli	a2,a4,0x10
   1c774:	02a73533          	mulhu	a0,a4,a0
   1c778:	0077d793          	srli	a5,a5,0x7
   1c77c:	01951513          	slli	a0,a0,0x19
   1c780:	00f567b3          	or	a5,a0,a5
   1c784:	fff7c793          	not	a5,a5
   1c788:	02f706b3          	mul	a3,a4,a5
   1c78c:	02f73733          	mulhu	a4,a4,a5
   1c790:	0186d693          	srli	a3,a3,0x18
   1c794:	02f7b7b3          	mulhu	a5,a5,a5
   1c798:	00871713          	slli	a4,a4,0x8
   1c79c:	00d766b3          	or	a3,a4,a3
   1c7a0:	00d60533          	add	a0,a2,a3
   1c7a4:	02a7b7b3          	mulhu	a5,a5,a0
   1c7a8:	0107d793          	srli	a5,a5,0x10
   1c7ac:	00a78533          	add	a0,a5,a0
   1c7b0:	00008067          	ret

0001c7b4 <softfloat_approxRecipSqrt32_1>:
   1c7b4:	01b5d793          	srli	a5,a1,0x1b
   1c7b8:	00e7f793          	andi	a5,a5,14
   1c7bc:	00a787b3          	add	a5,a5,a0
   1c7c0:	00179793          	slli	a5,a5,0x1
   1c7c4:	00003697          	auipc	a3,0x3
   1c7c8:	af068693          	addi	a3,a3,-1296 # 1f2b4 <softfloat_approxRecipSqrt_1k1s>
   1c7cc:	00f686b3          	add	a3,a3,a5
   1c7d0:	0006d603          	lhu	a2,0(a3)
   1c7d4:	00c5d713          	srli	a4,a1,0xc
   1c7d8:	01071713          	slli	a4,a4,0x10
   1c7dc:	01075713          	srli	a4,a4,0x10
   1c7e0:	02c70733          	mul	a4,a4,a2
   1c7e4:	00003697          	auipc	a3,0x3
   1c7e8:	af068693          	addi	a3,a3,-1296 # 1f2d4 <softfloat_approxRecipSqrt_1k0s>
   1c7ec:	00f687b3          	add	a5,a3,a5
   1c7f0:	0007d783          	lhu	a5,0(a5) # 7ff00000 <_float_lib_entry+0x7fe00000>
   1c7f4:	01475713          	srli	a4,a4,0x14
   1c7f8:	40e787b3          	sub	a5,a5,a4
   1c7fc:	01079793          	slli	a5,a5,0x10
   1c800:	0107d793          	srli	a5,a5,0x10
   1c804:	02f786b3          	mul	a3,a5,a5
   1c808:	00051463          	bnez	a0,1c810 <softfloat_approxRecipSqrt32_1+0x5c>
   1c80c:	00169693          	slli	a3,a3,0x1
   1c810:	01079613          	slli	a2,a5,0x10
   1c814:	00e79893          	slli	a7,a5,0xe
   1c818:	80000837          	lui	a6,0x80000
   1c81c:	02b68733          	mul	a4,a3,a1
   1c820:	02b6b6b3          	mulhu	a3,a3,a1
   1c824:	01775713          	srli	a4,a4,0x17
   1c828:	00969693          	slli	a3,a3,0x9
   1c82c:	00e6e733          	or	a4,a3,a4
   1c830:	fff74713          	not	a4,a4
   1c834:	02e786b3          	mul	a3,a5,a4
   1c838:	02e7b7b3          	mulhu	a5,a5,a4
   1c83c:	0196d693          	srli	a3,a3,0x19
   1c840:	02e73733          	mulhu	a4,a4,a4
   1c844:	00779793          	slli	a5,a5,0x7
   1c848:	00d7e6b3          	or	a3,a5,a3
   1c84c:	00d607b3          	add	a5,a2,a3
   1c850:	0017d513          	srli	a0,a5,0x1
   1c854:	0037d693          	srli	a3,a5,0x3
   1c858:	00d50533          	add	a0,a0,a3
   1c85c:	41150533          	sub	a0,a0,a7
   1c860:	02e53533          	mulhu	a0,a0,a4
   1c864:	01055513          	srli	a0,a0,0x10
   1c868:	00f50533          	add	a0,a0,a5
   1c86c:	01057463          	bgeu	a0,a6,1c874 <softfloat_approxRecipSqrt32_1+0xc0>
   1c870:	00080513          	mv	a0,a6
   1c874:	00008067          	ret

0001c878 <softfloat_commonNaNToF32UI>:
   1c878:	01452703          	lw	a4,20(a0) # 7f800014 <_float_lib_entry+0x7f700014>
   1c87c:	00054783          	lbu	a5,0(a0)
   1c880:	7fc00537          	lui	a0,0x7fc00
   1c884:	00975713          	srli	a4,a4,0x9
   1c888:	01f79793          	slli	a5,a5,0x1f
   1c88c:	00e7e7b3          	or	a5,a5,a4
   1c890:	00a7e533          	or	a0,a5,a0
   1c894:	00008067          	ret

0001c898 <softfloat_commonNaNToF64UI>:
   1c898:	01452783          	lw	a5,20(a0) # 7fc00014 <_float_lib_entry+0x7fb00014>
   1c89c:	00054683          	lbu	a3,0(a0)
   1c8a0:	01052503          	lw	a0,16(a0)
   1c8a4:	00c7d713          	srli	a4,a5,0xc
   1c8a8:	01f69693          	slli	a3,a3,0x1f
   1c8ac:	01479793          	slli	a5,a5,0x14
   1c8b0:	00d76733          	or	a4,a4,a3
   1c8b4:	00c55513          	srli	a0,a0,0xc
   1c8b8:	7ff805b7          	lui	a1,0x7ff80
   1c8bc:	00a7e533          	or	a0,a5,a0
   1c8c0:	00b765b3          	or	a1,a4,a1
   1c8c4:	00008067          	ret

0001c8c8 <softfloat_countLeadingZeros32>:
   1c8c8:	000107b7          	lui	a5,0x10
   1c8cc:	02f57e63          	bgeu	a0,a5,1c908 <softfloat_countLeadingZeros32+0x40>
   1c8d0:	01051513          	slli	a0,a0,0x10
   1c8d4:	01800693          	li	a3,24
   1c8d8:	01000713          	li	a4,16
   1c8dc:	010007b7          	lui	a5,0x1000
   1c8e0:	00f57663          	bgeu	a0,a5,1c8ec <softfloat_countLeadingZeros32+0x24>
   1c8e4:	00851513          	slli	a0,a0,0x8
   1c8e8:	00068713          	mv	a4,a3
   1c8ec:	01855513          	srli	a0,a0,0x18
   1c8f0:	00003797          	auipc	a5,0x3
   1c8f4:	a4478793          	addi	a5,a5,-1468 # 1f334 <softfloat_countLeadingZeros8>
   1c8f8:	00a787b3          	add	a5,a5,a0
   1c8fc:	0007c503          	lbu	a0,0(a5)
   1c900:	00e50533          	add	a0,a0,a4
   1c904:	00008067          	ret
   1c908:	00800693          	li	a3,8
   1c90c:	00000713          	li	a4,0
   1c910:	fcdff06f          	j	1c8dc <softfloat_countLeadingZeros32+0x14>

0001c914 <softfloat_countLeadingZeros64>:
   1c914:	04059663          	bnez	a1,1c960 <softfloat_countLeadingZeros64+0x4c>
   1c918:	00050593          	mv	a1,a0
   1c91c:	03000693          	li	a3,48
   1c920:	02000713          	li	a4,32
   1c924:	000107b7          	lui	a5,0x10
   1c928:	00f5f663          	bgeu	a1,a5,1c934 <softfloat_countLeadingZeros64+0x20>
   1c92c:	01059593          	slli	a1,a1,0x10
   1c930:	00068713          	mv	a4,a3
   1c934:	010007b7          	lui	a5,0x1000
   1c938:	00f5f663          	bgeu	a1,a5,1c944 <softfloat_countLeadingZeros64+0x30>
   1c93c:	00870713          	addi	a4,a4,8
   1c940:	00859593          	slli	a1,a1,0x8
   1c944:	0185d593          	srli	a1,a1,0x18
   1c948:	00003797          	auipc	a5,0x3
   1c94c:	9ec78793          	addi	a5,a5,-1556 # 1f334 <softfloat_countLeadingZeros8>
   1c950:	00b787b3          	add	a5,a5,a1
   1c954:	0007c503          	lbu	a0,0(a5)
   1c958:	00e50533          	add	a0,a0,a4
   1c95c:	00008067          	ret
   1c960:	01000693          	li	a3,16
   1c964:	00000713          	li	a4,0
   1c968:	fbdff06f          	j	1c924 <softfloat_countLeadingZeros64+0x10>

0001c96c <softfloat_f32UIToCommonNaN>:
   1c96c:	fe010113          	addi	sp,sp,-32
   1c970:	7fc007b7          	lui	a5,0x7fc00
   1c974:	00812c23          	sw	s0,24(sp)
   1c978:	00112e23          	sw	ra,28(sp)
   1c97c:	00f577b3          	and	a5,a0,a5
   1c980:	7f800737          	lui	a4,0x7f800
   1c984:	00050413          	mv	s0,a0
   1c988:	02e78c63          	beq	a5,a4,1c9c0 <softfloat_f32UIToCommonNaN+0x54>
   1c98c:	01f45793          	srli	a5,s0,0x1f
   1c990:	00941413          	slli	s0,s0,0x9
   1c994:	01c12083          	lw	ra,28(sp)
   1c998:	0085aa23          	sw	s0,20(a1) # 7ff80014 <_float_lib_entry+0x7fe80014>
   1c99c:	01812403          	lw	s0,24(sp)
   1c9a0:	00000693          	li	a3,0
   1c9a4:	00000713          	li	a4,0
   1c9a8:	0005a823          	sw	zero,16(a1)
   1c9ac:	00d5a423          	sw	a3,8(a1)
   1c9b0:	00e5a623          	sw	a4,12(a1)
   1c9b4:	00f58023          	sb	a5,0(a1)
   1c9b8:	02010113          	addi	sp,sp,32
   1c9bc:	00008067          	ret
   1c9c0:	00a51793          	slli	a5,a0,0xa
   1c9c4:	fc0784e3          	beqz	a5,1c98c <softfloat_f32UIToCommonNaN+0x20>
   1c9c8:	01000513          	li	a0,16
   1c9cc:	00b12623          	sw	a1,12(sp)
   1c9d0:	3fc020ef          	jal	1edcc <softfloat_raiseFlags>
   1c9d4:	00c12583          	lw	a1,12(sp)
   1c9d8:	fb5ff06f          	j	1c98c <softfloat_f32UIToCommonNaN+0x20>

0001c9dc <softfloat_f64UIToCommonNaN>:
   1c9dc:	fe010113          	addi	sp,sp,-32
   1c9e0:	7ff807b7          	lui	a5,0x7ff80
   1c9e4:	00912a23          	sw	s1,20(sp)
   1c9e8:	00112e23          	sw	ra,28(sp)
   1c9ec:	00812c23          	sw	s0,24(sp)
   1c9f0:	00f5f7b3          	and	a5,a1,a5
   1c9f4:	7ff00737          	lui	a4,0x7ff00
   1c9f8:	00050493          	mv	s1,a0
   1c9fc:	04e78463          	beq	a5,a4,1ca44 <softfloat_f64UIToCommonNaN+0x68>
   1ca00:	01f5d413          	srli	s0,a1,0x1f
   1ca04:	0144d713          	srli	a4,s1,0x14
   1ca08:	01c12083          	lw	ra,28(sp)
   1ca0c:	00860023          	sb	s0,0(a2)
   1ca10:	00c59793          	slli	a5,a1,0xc
   1ca14:	01812403          	lw	s0,24(sp)
   1ca18:	00c49493          	slli	s1,s1,0xc
   1ca1c:	00e7e7b3          	or	a5,a5,a4
   1ca20:	00000693          	li	a3,0
   1ca24:	00000713          	li	a4,0
   1ca28:	00962823          	sw	s1,16(a2)
   1ca2c:	00d62423          	sw	a3,8(a2)
   1ca30:	00e62623          	sw	a4,12(a2)
   1ca34:	00f62a23          	sw	a5,20(a2)
   1ca38:	01412483          	lw	s1,20(sp)
   1ca3c:	02010113          	addi	sp,sp,32
   1ca40:	00008067          	ret
   1ca44:	00d59793          	slli	a5,a1,0xd
   1ca48:	00d7d793          	srli	a5,a5,0xd
   1ca4c:	00f567b3          	or	a5,a0,a5
   1ca50:	fa0788e3          	beqz	a5,1ca00 <softfloat_f64UIToCommonNaN+0x24>
   1ca54:	01000513          	li	a0,16
   1ca58:	00b12623          	sw	a1,12(sp)
   1ca5c:	00c12423          	sw	a2,8(sp)
   1ca60:	36c020ef          	jal	1edcc <softfloat_raiseFlags>
   1ca64:	00c12583          	lw	a1,12(sp)
   1ca68:	00812603          	lw	a2,8(sp)
   1ca6c:	f95ff06f          	j	1ca00 <softfloat_f64UIToCommonNaN+0x24>

0001ca70 <softfloat_mul64To128M>:
   1ca70:	02c58f33          	mul	t5,a1,a2
   1ca74:	00100e93          	li	t4,1
   1ca78:	02a687b3          	mul	a5,a3,a0
   1ca7c:	02c5be33          	mulhu	t3,a1,a2
   1ca80:	01e78833          	add	a6,a5,t5
   1ca84:	00f837b3          	sltu	a5,a6,a5
   1ca88:	02a638b3          	mulhu	a7,a2,a0
   1ca8c:	02a6b333          	mulhu	t1,a3,a0
   1ca90:	010888b3          	add	a7,a7,a6
   1ca94:	01172223          	sw	a7,4(a4) # 7ff00004 <_float_lib_entry+0x7fe00004>
   1ca98:	02a60633          	mul	a2,a2,a0
   1ca9c:	01c30533          	add	a0,t1,t3
   1caa0:	00a787b3          	add	a5,a5,a0
   1caa4:	00c72023          	sw	a2,0(a4)
   1caa8:	02d58633          	mul	a2,a1,a3
   1caac:	02d5b5b3          	mulhu	a1,a1,a3
   1cab0:	01c7e663          	bltu	a5,t3,1cabc <softfloat_mul64To128M+0x4c>
   1cab4:	02fe0a63          	beq	t3,a5,1cae8 <softfloat_mul64To128M+0x78>
   1cab8:	00000e93          	li	t4,0
   1cabc:	0108b833          	sltu	a6,a7,a6
   1cac0:	01078833          	add	a6,a5,a6
   1cac4:	00f837b3          	sltu	a5,a6,a5
   1cac8:	00c806b3          	add	a3,a6,a2
   1cacc:	01d787b3          	add	a5,a5,t4
   1cad0:	00b787b3          	add	a5,a5,a1
   1cad4:	0106b833          	sltu	a6,a3,a6
   1cad8:	00f80833          	add	a6,a6,a5
   1cadc:	01072623          	sw	a6,12(a4)
   1cae0:	00d72423          	sw	a3,8(a4)
   1cae4:	00008067          	ret
   1cae8:	fde86ae3          	bltu	a6,t5,1cabc <softfloat_mul64To128M+0x4c>
   1caec:	fcdff06f          	j	1cab8 <softfloat_mul64To128M+0x48>

0001caf0 <softfloat_mulAddF32>:
   1caf0:	fc010113          	addi	sp,sp,-64
   1caf4:	03212823          	sw	s2,48(sp)
   1caf8:	01812c23          	sw	s8,24(sp)
   1cafc:	00060913          	mv	s2,a2
   1cb00:	00b54c33          	xor	s8,a0,a1
   1cb04:	fff68613          	addi	a2,a3,-1
   1cb08:	01755713          	srli	a4,a0,0x17
   1cb0c:	ffe68693          	addi	a3,a3,-2
   1cb10:	008007b7          	lui	a5,0x800
   1cb14:	fff78793          	addi	a5,a5,-1 # 7fffff <_float_lib_entry+0x6fffff>
   1cb18:	02812c23          	sw	s0,56(sp)
   1cb1c:	02912a23          	sw	s1,52(sp)
   1cb20:	03412423          	sw	s4,40(sp)
   1cb24:	0016b493          	seqz	s1,a3
   1cb28:	03512223          	sw	s5,36(sp)
   1cb2c:	0ff00693          	li	a3,255
   1cb30:	03612023          	sw	s6,32(sp)
   1cb34:	01712e23          	sw	s7,28(sp)
   1cb38:	01912a23          	sw	s9,20(sp)
   1cb3c:	01a12823          	sw	s10,16(sp)
   1cb40:	00163613          	seqz	a2,a2
   1cb44:	01f95813          	srli	a6,s2,0x1f
   1cb48:	01fc5c13          	srli	s8,s8,0x1f
   1cb4c:	0175da13          	srli	s4,a1,0x17
   1cb50:	01795a93          	srli	s5,s2,0x17
   1cb54:	02112e23          	sw	ra,60(sp)
   1cb58:	0ff77713          	zext.b	a4,a4
   1cb5c:	01064b33          	xor	s6,a2,a6
   1cb60:	009c4cb3          	xor	s9,s8,s1
   1cb64:	00da7a33          	and	s4,s4,a3
   1cb68:	00dafab3          	and	s5,s5,a3
   1cb6c:	00f57bb3          	and	s7,a0,a5
   1cb70:	00f5fd33          	and	s10,a1,a5
   1cb74:	00f97433          	and	s0,s2,a5
   1cb78:	18d70463          	beq	a4,a3,1cd00 <softfloat_mulAddF32+0x210>
   1cb7c:	12da0e63          	beq	s4,a3,1ccb8 <softfloat_mulAddF32+0x1c8>
   1cb80:	1cda8263          	beq	s5,a3,1cd44 <softfloat_mulAddF32+0x254>
   1cb84:	03312623          	sw	s3,44(sp)
   1cb88:	00071c63          	bnez	a4,1cba0 <softfloat_mulAddF32+0xb0>
   1cb8c:	1c0b8263          	beqz	s7,1cd50 <softfloat_mulAddF32+0x260>
   1cb90:	000b8513          	mv	a0,s7
   1cb94:	349000ef          	jal	1d6dc <softfloat_normSubnormalF32Sig>
   1cb98:	00050713          	mv	a4,a0
   1cb9c:	00058b93          	mv	s7,a1
   1cba0:	00070993          	mv	s3,a4
   1cba4:	000a1c63          	bnez	s4,1cbbc <softfloat_mulAddF32+0xcc>
   1cba8:	1a0d0463          	beqz	s10,1cd50 <softfloat_mulAddF32+0x260>
   1cbac:	000d0513          	mv	a0,s10
   1cbb0:	32d000ef          	jal	1d6dc <softfloat_normSubnormalF32Sig>
   1cbb4:	00050a13          	mv	s4,a0
   1cbb8:	00058d13          	mv	s10,a1
   1cbbc:	400007b7          	lui	a5,0x40000
   1cbc0:	007b9b93          	slli	s7,s7,0x7
   1cbc4:	007d1d13          	slli	s10,s10,0x7
   1cbc8:	00fbebb3          	or	s7,s7,a5
   1cbcc:	00fd6d33          	or	s10,s10,a5
   1cbd0:	03abb933          	mulhu	s2,s7,s10
   1cbd4:	01498733          	add	a4,s3,s4
   1cbd8:	200007b7          	lui	a5,0x20000
   1cbdc:	f8270993          	addi	s3,a4,-126
   1cbe0:	03ab8bb3          	mul	s7,s7,s10
   1cbe4:	00f97c63          	bgeu	s2,a5,1cbfc <softfloat_mulAddF32+0x10c>
   1cbe8:	01fbd793          	srli	a5,s7,0x1f
   1cbec:	00191913          	slli	s2,s2,0x1
   1cbf0:	f8170993          	addi	s3,a4,-127
   1cbf4:	0127e933          	or	s2,a5,s2
   1cbf8:	001b9b93          	slli	s7,s7,0x1
   1cbfc:	000a9c63          	bnez	s5,1cc14 <softfloat_mulAddF32+0x124>
   1cc00:	1e040663          	beqz	s0,1cdec <softfloat_mulAddF32+0x2fc>
   1cc04:	00040513          	mv	a0,s0
   1cc08:	2d5000ef          	jal	1d6dc <softfloat_normSubnormalF32Sig>
   1cc0c:	00050a93          	mv	s5,a0
   1cc10:	00058413          	mv	s0,a1
   1cc14:	00641413          	slli	s0,s0,0x6
   1cc18:	200007b7          	lui	a5,0x20000
   1cc1c:	00f46433          	or	s0,s0,a5
   1cc20:	41598633          	sub	a2,s3,s5
   1cc24:	199b0263          	beq	s6,s9,1cda8 <softfloat_mulAddF32+0x2b8>
   1cc28:	1e064063          	bltz	a2,1ce08 <softfloat_mulAddF32+0x318>
   1cc2c:	14061c63          	bnez	a2,1cd84 <softfloat_mulAddF32+0x294>
   1cc30:	40890a33          	sub	s4,s2,s0
   1cc34:	014be7b3          	or	a5,s7,s4
   1cc38:	12078863          	beqz	a5,1cd68 <softfloat_mulAddF32+0x278>
   1cc3c:	000a5e63          	bgez	s4,1cc58 <softfloat_mulAddF32+0x168>
   1cc40:	01703a33          	snez	s4,s7
   1cc44:	409c0c33          	sub	s8,s8,s1
   1cc48:	41240633          	sub	a2,s0,s2
   1cc4c:	001c3c93          	seqz	s9,s8
   1cc50:	41460a33          	sub	s4,a2,s4
   1cc54:	41700bb3          	neg	s7,s7
   1cc58:	000b8513          	mv	a0,s7
   1cc5c:	000a0593          	mv	a1,s4
   1cc60:	cb5ff0ef          	jal	1c914 <softfloat_countLeadingZeros64>
   1cc64:	fff50793          	addi	a5,a0,-1
   1cc68:	fdf50513          	addi	a0,a0,-33
   1cc6c:	40f989b3          	sub	s3,s3,a5
   1cc70:	00ab9633          	sll	a2,s7,a0
   1cc74:	1c054063          	bltz	a0,1ce34 <softfloat_mulAddF32+0x344>
   1cc78:	03812403          	lw	s0,56(sp)
   1cc7c:	03c12083          	lw	ra,60(sp)
   1cc80:	03412483          	lw	s1,52(sp)
   1cc84:	03012903          	lw	s2,48(sp)
   1cc88:	02812a03          	lw	s4,40(sp)
   1cc8c:	02412a83          	lw	s5,36(sp)
   1cc90:	02012b03          	lw	s6,32(sp)
   1cc94:	01c12b83          	lw	s7,28(sp)
   1cc98:	01812c03          	lw	s8,24(sp)
   1cc9c:	01012d03          	lw	s10,16(sp)
   1cca0:	00098593          	mv	a1,s3
   1cca4:	000c8513          	mv	a0,s9
   1cca8:	02c12983          	lw	s3,44(sp)
   1ccac:	01412c83          	lw	s9,20(sp)
   1ccb0:	04010113          	addi	sp,sp,64
   1ccb4:	1180106f          	j	1ddcc <softfloat_roundPackToF32>
   1ccb8:	00ebebb3          	or	s7,s7,a4
   1ccbc:	040d0863          	beqz	s10,1cd0c <softfloat_mulAddF32+0x21c>
   1ccc0:	2fd000ef          	jal	1d7bc <softfloat_propagateNaNF32UI>
   1ccc4:	00090593          	mv	a1,s2
   1ccc8:	2f5000ef          	jal	1d7bc <softfloat_propagateNaNF32UI>
   1cccc:	03c12083          	lw	ra,60(sp)
   1ccd0:	03812403          	lw	s0,56(sp)
   1ccd4:	03412483          	lw	s1,52(sp)
   1ccd8:	03012903          	lw	s2,48(sp)
   1ccdc:	02812a03          	lw	s4,40(sp)
   1cce0:	02412a83          	lw	s5,36(sp)
   1cce4:	02012b03          	lw	s6,32(sp)
   1cce8:	01c12b83          	lw	s7,28(sp)
   1ccec:	01812c03          	lw	s8,24(sp)
   1ccf0:	01412c83          	lw	s9,20(sp)
   1ccf4:	01012d03          	lw	s10,16(sp)
   1ccf8:	04010113          	addi	sp,sp,64
   1ccfc:	00008067          	ret
   1cd00:	fc0b90e3          	bnez	s7,1ccc0 <softfloat_mulAddF32+0x1d0>
   1cd04:	02ea0c63          	beq	s4,a4,1cd3c <softfloat_mulAddF32+0x24c>
   1cd08:	014d6bb3          	or	s7,s10,s4
   1cd0c:	020b8063          	beqz	s7,1cd2c <softfloat_mulAddF32+0x23c>
   1cd10:	01fc9513          	slli	a0,s9,0x1f
   1cd14:	7f800737          	lui	a4,0x7f800
   1cd18:	0ff00793          	li	a5,255
   1cd1c:	00e50533          	add	a0,a0,a4
   1cd20:	fafa96e3          	bne	s5,a5,1cccc <softfloat_mulAddF32+0x1dc>
   1cd24:	fa0410e3          	bnez	s0,1ccc4 <softfloat_mulAddF32+0x1d4>
   1cd28:	fb9b02e3          	beq	s6,s9,1cccc <softfloat_mulAddF32+0x1dc>
   1cd2c:	01000513          	li	a0,16
   1cd30:	09c020ef          	jal	1edcc <softfloat_raiseFlags>
   1cd34:	ffc00537          	lui	a0,0xffc00
   1cd38:	f8dff06f          	j	1ccc4 <softfloat_mulAddF32+0x1d4>
   1cd3c:	f80d12e3          	bnez	s10,1ccc0 <softfloat_mulAddF32+0x1d0>
   1cd40:	fd1ff06f          	j	1cd10 <softfloat_mulAddF32+0x220>
   1cd44:	00040e63          	beqz	s0,1cd60 <softfloat_mulAddF32+0x270>
   1cd48:	00000513          	li	a0,0
   1cd4c:	f79ff06f          	j	1ccc4 <softfloat_mulAddF32+0x1d4>
   1cd50:	015467b3          	or	a5,s0,s5
   1cd54:	00079463          	bnez	a5,1cd5c <softfloat_mulAddF32+0x26c>
   1cd58:	019b1863          	bne	s6,s9,1cd68 <softfloat_mulAddF32+0x278>
   1cd5c:	02c12983          	lw	s3,44(sp)
   1cd60:	00090513          	mv	a0,s2
   1cd64:	f69ff06f          	j	1cccc <softfloat_mulAddF32+0x1dc>
   1cd68:	00002517          	auipc	a0,0x2
   1cd6c:	71052503          	lw	a0,1808(a0) # 1f478 <softfloat_roundingMode>
   1cd70:	02c12983          	lw	s3,44(sp)
   1cd74:	ffe50513          	addi	a0,a0,-2
   1cd78:	00153513          	seqz	a0,a0
   1cd7c:	01f51513          	slli	a0,a0,0x1f
   1cd80:	f4dff06f          	j	1cccc <softfloat_mulAddF32+0x1dc>
   1cd84:	00040593          	mv	a1,s0
   1cd88:	00000513          	li	a0,0
   1cd8c:	7d4010ef          	jal	1e560 <softfloat_shiftRightJam64>
   1cd90:	40ab8533          	sub	a0,s7,a0
   1cd94:	00abba33          	sltu	s4,s7,a0
   1cd98:	40b90933          	sub	s2,s2,a1
   1cd9c:	00050b93          	mv	s7,a0
   1cda0:	41490a33          	sub	s4,s2,s4
   1cda4:	eb5ff06f          	j	1cc58 <softfloat_mulAddF32+0x168>
   1cda8:	0ac05263          	blez	a2,1ce4c <softfloat_mulAddF32+0x35c>
   1cdac:	00040593          	mv	a1,s0
   1cdb0:	00000513          	li	a0,0
   1cdb4:	7ac010ef          	jal	1e560 <softfloat_shiftRightJam64>
   1cdb8:	00050793          	mv	a5,a0
   1cdbc:	01750533          	add	a0,a0,s7
   1cdc0:	00f537b3          	sltu	a5,a0,a5
   1cdc4:	012585b3          	add	a1,a1,s2
   1cdc8:	02000613          	li	a2,32
   1cdcc:	00b785b3          	add	a1,a5,a1
   1cdd0:	16d010ef          	jal	1e73c <softfloat_shortShiftRightJam64>
   1cdd4:	00050613          	mv	a2,a0
   1cdd8:	400007b7          	lui	a5,0x40000
   1cddc:	e8f67ee3          	bgeu	a2,a5,1cc78 <softfloat_mulAddF32+0x188>
   1cde0:	fff98993          	addi	s3,s3,-1
   1cde4:	00161613          	slli	a2,a2,0x1
   1cde8:	e91ff06f          	j	1cc78 <softfloat_mulAddF32+0x188>
   1cdec:	01f00613          	li	a2,31
   1cdf0:	000b8513          	mv	a0,s7
   1cdf4:	00090593          	mv	a1,s2
   1cdf8:	145010ef          	jal	1e73c <softfloat_shortShiftRightJam64>
   1cdfc:	fff98993          	addi	s3,s3,-1
   1ce00:	00050613          	mv	a2,a0
   1ce04:	e75ff06f          	j	1cc78 <softfloat_mulAddF32+0x188>
   1ce08:	413a8633          	sub	a2,s5,s3
   1ce0c:	000b8513          	mv	a0,s7
   1ce10:	00090593          	mv	a1,s2
   1ce14:	74c010ef          	jal	1e560 <softfloat_shiftRightJam64>
   1ce18:	40b40633          	sub	a2,s0,a1
   1ce1c:	00a03a33          	snez	s4,a0
   1ce20:	000a8993          	mv	s3,s5
   1ce24:	000b0c93          	mv	s9,s6
   1ce28:	41460a33          	sub	s4,a2,s4
   1ce2c:	40a00bb3          	neg	s7,a0
   1ce30:	e29ff06f          	j	1cc58 <softfloat_mulAddF32+0x168>
   1ce34:	40a00633          	neg	a2,a0
   1ce38:	000a0593          	mv	a1,s4
   1ce3c:	000b8513          	mv	a0,s7
   1ce40:	0fd010ef          	jal	1e73c <softfloat_shortShiftRightJam64>
   1ce44:	00050613          	mv	a2,a0
   1ce48:	e31ff06f          	j	1cc78 <softfloat_mulAddF32+0x188>
   1ce4c:	02000793          	li	a5,32
   1ce50:	40c78633          	sub	a2,a5,a2
   1ce54:	000b8513          	mv	a0,s7
   1ce58:	00090593          	mv	a1,s2
   1ce5c:	704010ef          	jal	1e560 <softfloat_shiftRightJam64>
   1ce60:	000a8993          	mv	s3,s5
   1ce64:	00a40633          	add	a2,s0,a0
   1ce68:	f71ff06f          	j	1cdd8 <softfloat_mulAddF32+0x2e8>

0001ce6c <softfloat_mulAddF64>:
   1ce6c:	f8010113          	addi	sp,sp,-128
   1ce70:	06912a23          	sw	s1,116(sp)
   1ce74:	07312623          	sw	s3,108(sp)
   1ce78:	07612023          	sw	s6,96(sp)
   1ce7c:	00078993          	mv	s3,a5
   1ce80:	00d5cb33          	xor	s6,a1,a3
   1ce84:	fff80793          	addi	a5,a6,-1 # 7fffffff <_float_lib_entry+0x7fefffff>
   1ce88:	0145d493          	srli	s1,a1,0x14
   1ce8c:	ffe80813          	addi	a6,a6,-2
   1ce90:	001008b7          	lui	a7,0x100
   1ce94:	0017b793          	seqz	a5,a5
   1ce98:	06812c23          	sw	s0,120(sp)
   1ce9c:	07212823          	sw	s2,112(sp)
   1cea0:	00183413          	seqz	s0,a6
   1cea4:	07412423          	sw	s4,104(sp)
   1cea8:	fff88813          	addi	a6,a7,-1 # fffff <softfloat_roundingMode+0xe0b87>
   1ceac:	07512223          	sw	s5,100(sp)
   1ceb0:	05712e23          	sw	s7,92(sp)
   1ceb4:	05812c23          	sw	s8,88(sp)
   1ceb8:	05912a23          	sw	s9,84(sp)
   1cebc:	05a12823          	sw	s10,80(sp)
   1cec0:	05b12623          	sw	s11,76(sp)
   1cec4:	00060a13          	mv	s4,a2
   1cec8:	01f9d313          	srli	t1,s3,0x1f
   1cecc:	7ff00613          	li	a2,2047
   1ced0:	01fb5b13          	srli	s6,s6,0x1f
   1ced4:	0146da93          	srli	s5,a3,0x14
   1ced8:	0149dc93          	srli	s9,s3,0x14
   1cedc:	06112e23          	sw	ra,124(sp)
   1cee0:	7ff4f493          	andi	s1,s1,2047
   1cee4:	0067cc33          	xor	s8,a5,t1
   1cee8:	00070b93          	mv	s7,a4
   1ceec:	008b4d33          	xor	s10,s6,s0
   1cef0:	00cafab3          	and	s5,s5,a2
   1cef4:	00ccfcb3          	and	s9,s9,a2
   1cef8:	0105fdb3          	and	s11,a1,a6
   1cefc:	0106f7b3          	and	a5,a3,a6
   1cf00:	0109f933          	and	s2,s3,a6
   1cf04:	12c48c63          	beq	s1,a2,1d03c <softfloat_mulAddF64+0x1d0>
   1cf08:	0cca8e63          	beq	s5,a2,1cfe4 <softfloat_mulAddF64+0x178>
   1cf0c:	1acc8263          	beq	s9,a2,1d0b0 <softfloat_mulAddF64+0x244>
   1cf10:	00050713          	mv	a4,a0
   1cf14:	000a0893          	mv	a7,s4
   1cf18:	02049c63          	bnez	s1,1cf50 <softfloat_mulAddF64+0xe4>
   1cf1c:	00f12623          	sw	a5,12(sp)
   1cf20:	01412423          	sw	s4,8(sp)
   1cf24:	01b566b3          	or	a3,a0,s11
   1cf28:	18068e63          	beqz	a3,1d0c4 <softfloat_mulAddF64+0x258>
   1cf2c:	00050593          	mv	a1,a0
   1cf30:	000d8613          	mv	a2,s11
   1cf34:	01010513          	addi	a0,sp,16
   1cf38:	7d8000ef          	jal	1d710 <softfloat_normSubnormalF64Sig>
   1cf3c:	01812703          	lw	a4,24(sp)
   1cf40:	01012483          	lw	s1,16(sp)
   1cf44:	01c12d83          	lw	s11,28(sp)
   1cf48:	00c12783          	lw	a5,12(sp)
   1cf4c:	00812883          	lw	a7,8(sp)
   1cf50:	020a9863          	bnez	s5,1cf80 <softfloat_mulAddF64+0x114>
   1cf54:	00e12423          	sw	a4,8(sp)
   1cf58:	00fa66b3          	or	a3,s4,a5
   1cf5c:	16068463          	beqz	a3,1d0c4 <softfloat_mulAddF64+0x258>
   1cf60:	00078613          	mv	a2,a5
   1cf64:	000a0593          	mv	a1,s4
   1cf68:	01010513          	addi	a0,sp,16
   1cf6c:	7a4000ef          	jal	1d710 <softfloat_normSubnormalF64Sig>
   1cf70:	01812883          	lw	a7,24(sp)
   1cf74:	01012a83          	lw	s5,16(sp)
   1cf78:	01c12783          	lw	a5,28(sp)
   1cf7c:	00812703          	lw	a4,8(sp)
   1cf80:	01675613          	srli	a2,a4,0x16
   1cf84:	0158d693          	srli	a3,a7,0x15
   1cf88:	00ad9593          	slli	a1,s11,0xa
   1cf8c:	00b79793          	slli	a5,a5,0xb
   1cf90:	00f6e7b3          	or	a5,a3,a5
   1cf94:	00b665b3          	or	a1,a2,a1
   1cf98:	800006b7          	lui	a3,0x80000
   1cf9c:	40000db7          	lui	s11,0x40000
   1cfa0:	00a71513          	slli	a0,a4,0xa
   1cfa4:	00d7e6b3          	or	a3,a5,a3
   1cfa8:	00b89613          	slli	a2,a7,0xb
   1cfac:	01b5e5b3          	or	a1,a1,s11
   1cfb0:	02010713          	addi	a4,sp,32
   1cfb4:	abdff0ef          	jal	1ca70 <softfloat_mul64To128M>
   1cfb8:	02c12a03          	lw	s4,44(sp)
   1cfbc:	02812983          	lw	s3,40(sp)
   1cfc0:	015484b3          	add	s1,s1,s5
   1cfc4:	001a1793          	slli	a5,s4,0x1
   1cfc8:	1207de63          	bgez	a5,1d104 <softfloat_mulAddF64+0x298>
   1cfcc:	c0248a93          	addi	s5,s1,-1022
   1cfd0:	220c9063          	bnez	s9,1d1f0 <softfloat_mulAddF64+0x384>
   1cfd4:	012be7b3          	or	a5,s7,s2
   1cfd8:	40079663          	bnez	a5,1d3e4 <softfloat_mulAddF64+0x578>
   1cfdc:	c0148a93          	addi	s5,s1,-1023
   1cfe0:	1480006f          	j	1d128 <softfloat_mulAddF64+0x2bc>
   1cfe4:	00fa67b3          	or	a5,s4,a5
   1cfe8:	0a078c63          	beqz	a5,1d0a0 <softfloat_mulAddF64+0x234>
   1cfec:	000a0613          	mv	a2,s4
   1cff0:	129000ef          	jal	1d918 <softfloat_propagateNaNF64UI>
   1cff4:	000b8613          	mv	a2,s7
   1cff8:	00098693          	mv	a3,s3
   1cffc:	11d000ef          	jal	1d918 <softfloat_propagateNaNF64UI>
   1d000:	07c12083          	lw	ra,124(sp)
   1d004:	07812403          	lw	s0,120(sp)
   1d008:	07412483          	lw	s1,116(sp)
   1d00c:	07012903          	lw	s2,112(sp)
   1d010:	06c12983          	lw	s3,108(sp)
   1d014:	06812a03          	lw	s4,104(sp)
   1d018:	06412a83          	lw	s5,100(sp)
   1d01c:	06012b03          	lw	s6,96(sp)
   1d020:	05c12b83          	lw	s7,92(sp)
   1d024:	05812c03          	lw	s8,88(sp)
   1d028:	05412c83          	lw	s9,84(sp)
   1d02c:	05012d03          	lw	s10,80(sp)
   1d030:	04c12d83          	lw	s11,76(sp)
   1d034:	08010113          	addi	sp,sp,128
   1d038:	00008067          	ret
   1d03c:	01b56db3          	or	s11,a0,s11
   1d040:	fa0d96e3          	bnez	s11,1cfec <softfloat_mulAddF64+0x180>
   1d044:	029a9a63          	bne	s5,s1,1d078 <softfloat_mulAddF64+0x20c>
   1d048:	00fa67b3          	or	a5,s4,a5
   1d04c:	fa0790e3          	bnez	a5,1cfec <softfloat_mulAddF64+0x180>
   1d050:	01fd1593          	slli	a1,s10,0x1f
   1d054:	7ff00737          	lui	a4,0x7ff00
   1d058:	7ff00793          	li	a5,2047
   1d05c:	00e585b3          	add	a1,a1,a4
   1d060:	00000513          	li	a0,0
   1d064:	f8fc9ee3          	bne	s9,a5,1d000 <softfloat_mulAddF64+0x194>
   1d068:	012be833          	or	a6,s7,s2
   1d06c:	f80814e3          	bnez	a6,1cff4 <softfloat_mulAddF64+0x188>
   1d070:	01ac1e63          	bne	s8,s10,1d08c <softfloat_mulAddF64+0x220>
   1d074:	f8dff06f          	j	1d000 <softfloat_mulAddF64+0x194>
   1d078:	41fad713          	srai	a4,s5,0x1f
   1d07c:	014ae4b3          	or	s1,s5,s4
   1d080:	00f767b3          	or	a5,a4,a5
   1d084:	00f4e4b3          	or	s1,s1,a5
   1d088:	fc0494e3          	bnez	s1,1d050 <softfloat_mulAddF64+0x1e4>
   1d08c:	01000513          	li	a0,16
   1d090:	53d010ef          	jal	1edcc <softfloat_raiseFlags>
   1d094:	00000513          	li	a0,0
   1d098:	fff805b7          	lui	a1,0xfff80
   1d09c:	f59ff06f          	j	1cff4 <softfloat_mulAddF64+0x188>
   1d0a0:	41f4d793          	srai	a5,s1,0x1f
   1d0a4:	01b7e7b3          	or	a5,a5,s11
   1d0a8:	00a4e4b3          	or	s1,s1,a0
   1d0ac:	fd9ff06f          	j	1d084 <softfloat_mulAddF64+0x218>
   1d0b0:	01276833          	or	a6,a4,s2
   1d0b4:	02080463          	beqz	a6,1d0dc <softfloat_mulAddF64+0x270>
   1d0b8:	00000513          	li	a0,0
   1d0bc:	00000593          	li	a1,0
   1d0c0:	f35ff06f          	j	1cff4 <softfloat_mulAddF64+0x188>
   1d0c4:	41fcd793          	srai	a5,s9,0x1f
   1d0c8:	0127e7b3          	or	a5,a5,s2
   1d0cc:	017cecb3          	or	s9,s9,s7
   1d0d0:	00fcecb3          	or	s9,s9,a5
   1d0d4:	000c9463          	bnez	s9,1d0dc <softfloat_mulAddF64+0x270>
   1d0d8:	01ac1863          	bne	s8,s10,1d0e8 <softfloat_mulAddF64+0x27c>
   1d0dc:	000b8513          	mv	a0,s7
   1d0e0:	00098593          	mv	a1,s3
   1d0e4:	f1dff06f          	j	1d000 <softfloat_mulAddF64+0x194>
   1d0e8:	00002597          	auipc	a1,0x2
   1d0ec:	3905a583          	lw	a1,912(a1) # 1f478 <softfloat_roundingMode>
   1d0f0:	00000513          	li	a0,0
   1d0f4:	ffe58593          	addi	a1,a1,-2
   1d0f8:	0015b593          	seqz	a1,a1
   1d0fc:	01f59593          	slli	a1,a1,0x1f
   1d100:	f01ff06f          	j	1d000 <softfloat_mulAddF64+0x194>
   1d104:	c0148a93          	addi	s5,s1,-1023
   1d108:	040c9663          	bnez	s9,1d154 <softfloat_mulAddF64+0x2e8>
   1d10c:	012be7b3          	or	a5,s7,s2
   1d110:	18079863          	bnez	a5,1d2a0 <softfloat_mulAddF64+0x434>
   1d114:	01f9d793          	srli	a5,s3,0x1f
   1d118:	001a1a13          	slli	s4,s4,0x1
   1d11c:	c0048a93          	addi	s5,s1,-1024
   1d120:	0147ea33          	or	s4,a5,s4
   1d124:	00199993          	slli	s3,s3,0x1
   1d128:	02412783          	lw	a5,36(sp)
   1d12c:	02012703          	lw	a4,32(sp)
   1d130:	00e7e7b3          	or	a5,a5,a4
   1d134:	00078463          	beqz	a5,1d13c <softfloat_mulAddF64+0x2d0>
   1d138:	0019e993          	ori	s3,s3,1
   1d13c:	00098613          	mv	a2,s3
   1d140:	000a0693          	mv	a3,s4
   1d144:	000a8593          	mv	a1,s5
   1d148:	000d0513          	mv	a0,s10
   1d14c:	609000ef          	jal	1df54 <softfloat_roundPackToF64>
   1d150:	eb1ff06f          	j	1d000 <softfloat_mulAddF64+0x194>
   1d154:	016bd793          	srli	a5,s7,0x16
   1d158:	00a91913          	slli	s2,s2,0xa
   1d15c:	0127e933          	or	s2,a5,s2
   1d160:	419a84b3          	sub	s1,s5,s9
   1d164:	01b96933          	or	s2,s2,s11
   1d168:	00ab9b93          	slli	s7,s7,0xa
   1d16c:	1604c663          	bltz	s1,1d2d8 <softfloat_mulAddF64+0x46c>
   1d170:	02010693          	addi	a3,sp,32
   1d174:	00068613          	mv	a2,a3
   1d178:	00068593          	mv	a1,a3
   1d17c:	00400513          	li	a0,4
   1d180:	465010ef          	jal	1ede4 <softfloat_addM>
   1d184:	1e049a63          	bnez	s1,1d378 <softfloat_mulAddF64+0x50c>
   1d188:	02812983          	lw	s3,40(sp)
   1d18c:	02c12a03          	lw	s4,44(sp)
   1d190:	1bac0a63          	beq	s8,s10,1d344 <softfloat_mulAddF64+0x4d8>
   1d194:	41798bb3          	sub	s7,s3,s7
   1d198:	0179b9b3          	sltu	s3,s3,s7
   1d19c:	412a0933          	sub	s2,s4,s2
   1d1a0:	41390933          	sub	s2,s2,s3
   1d1a4:	012be7b3          	or	a5,s7,s2
   1d1a8:	2c079063          	bnez	a5,1d468 <softfloat_mulAddF64+0x5fc>
   1d1ac:	02412783          	lw	a5,36(sp)
   1d1b0:	02012703          	lw	a4,32(sp)
   1d1b4:	00e7e7b3          	or	a5,a5,a4
   1d1b8:	f20788e3          	beqz	a5,1d0e8 <softfloat_mulAddF64+0x27c>
   1d1bc:	02012623          	sw	zero,44(sp)
   1d1c0:	02012423          	sw	zero,40(sp)
   1d1c4:	02012983          	lw	s3,32(sp)
   1d1c8:	02412a03          	lw	s4,36(sp)
   1d1cc:	04000413          	li	s0,64
   1d1d0:	00098513          	mv	a0,s3
   1d1d4:	000a0593          	mv	a1,s4
   1d1d8:	f3cff0ef          	jal	1c914 <softfloat_countLeadingZeros64>
   1d1dc:	00850633          	add	a2,a0,s0
   1d1e0:	fff60613          	addi	a2,a2,-1
   1d1e4:	08061c63          	bnez	a2,1d27c <softfloat_mulAddF64+0x410>
   1d1e8:	fffa8a93          	addi	s5,s5,-1
   1d1ec:	f3dff06f          	j	1d128 <softfloat_mulAddF64+0x2bc>
   1d1f0:	016bd793          	srli	a5,s7,0x16
   1d1f4:	00a91913          	slli	s2,s2,0xa
   1d1f8:	0127e933          	or	s2,a5,s2
   1d1fc:	419a84b3          	sub	s1,s5,s9
   1d200:	01b96933          	or	s2,s2,s11
   1d204:	00ab9b93          	slli	s7,s7,0xa
   1d208:	f604dee3          	bgez	s1,1d184 <softfloat_mulAddF64+0x318>
   1d20c:	11ac0e63          	beq	s8,s10,1d328 <softfloat_mulAddF64+0x4bc>
   1d210:	fff00793          	li	a5,-1
   1d214:	00000613          	li	a2,0
   1d218:	20f48a63          	beq	s1,a5,1d42c <softfloat_mulAddF64+0x5c0>
   1d21c:	00098513          	mv	a0,s3
   1d220:	000a0593          	mv	a1,s4
   1d224:	40960633          	sub	a2,a2,s1
   1d228:	338010ef          	jal	1e560 <softfloat_shiftRightJam64>
   1d22c:	00058a13          	mv	s4,a1
   1d230:	00050993          	mv	s3,a0
   1d234:	29ac0e63          	beq	s8,s10,1d4d0 <softfloat_mulAddF64+0x664>
   1d238:	02412783          	lw	a5,36(sp)
   1d23c:	02012703          	lw	a4,32(sp)
   1d240:	413b89b3          	sub	s3,s7,s3
   1d244:	013bbbb3          	sltu	s7,s7,s3
   1d248:	41490933          	sub	s2,s2,s4
   1d24c:	00e7e7b3          	or	a5,a5,a4
   1d250:	41790a33          	sub	s4,s2,s7
   1d254:	00078a63          	beqz	a5,1d268 <softfloat_mulAddF64+0x3fc>
   1d258:	fff98793          	addi	a5,s3,-1
   1d25c:	0019b993          	seqz	s3,s3
   1d260:	413a0a33          	sub	s4,s4,s3
   1d264:	0017e993          	ori	s3,a5,1
   1d268:	001a1793          	slli	a5,s4,0x1
   1d26c:	2207d063          	bgez	a5,1d48c <softfloat_mulAddF64+0x620>
   1d270:	fffc8a93          	addi	s5,s9,-1
   1d274:	000c0d13          	mv	s10,s8
   1d278:	ec5ff06f          	j	1d13c <softfloat_mulAddF64+0x2d0>
   1d27c:	02010693          	addi	a3,sp,32
   1d280:	40ca8ab3          	sub	s5,s5,a2
   1d284:	00068593          	mv	a1,a3
   1d288:	00400513          	li	a0,4
   1d28c:	208010ef          	jal	1e494 <softfloat_shiftLeftM>
   1d290:	fffa8a93          	addi	s5,s5,-1
   1d294:	02812983          	lw	s3,40(sp)
   1d298:	02c12a03          	lw	s4,44(sp)
   1d29c:	e8dff06f          	j	1d128 <softfloat_mulAddF64+0x2bc>
   1d2a0:	000b8593          	mv	a1,s7
   1d2a4:	00090613          	mv	a2,s2
   1d2a8:	01010513          	addi	a0,sp,16
   1d2ac:	464000ef          	jal	1d710 <softfloat_normSubnormalF64Sig>
   1d2b0:	01812b83          	lw	s7,24(sp)
   1d2b4:	01c12903          	lw	s2,28(sp)
   1d2b8:	01012c83          	lw	s9,16(sp)
   1d2bc:	016bd793          	srli	a5,s7,0x16
   1d2c0:	00a91913          	slli	s2,s2,0xa
   1d2c4:	0127e933          	or	s2,a5,s2
   1d2c8:	419a84b3          	sub	s1,s5,s9
   1d2cc:	00ab9b93          	slli	s7,s7,0xa
   1d2d0:	01b96933          	or	s2,s2,s11
   1d2d4:	e804dee3          	bgez	s1,1d170 <softfloat_mulAddF64+0x304>
   1d2d8:	1dac0863          	beq	s8,s10,1d4a8 <softfloat_mulAddF64+0x63c>
   1d2dc:	fff00613          	li	a2,-1
   1d2e0:	f2c49ee3          	bne	s1,a2,1d21c <softfloat_mulAddF64+0x3b0>
   1d2e4:	000c8a93          	mv	s5,s9
   1d2e8:	02010693          	addi	a3,sp,32
   1d2ec:	00068613          	mv	a2,a3
   1d2f0:	03010593          	addi	a1,sp,48
   1d2f4:	00400513          	li	a0,4
   1d2f8:	03212e23          	sw	s2,60(sp)
   1d2fc:	03712c23          	sw	s7,56(sp)
   1d300:	02012a23          	sw	zero,52(sp)
   1d304:	02012823          	sw	zero,48(sp)
   1d308:	000c0d13          	mv	s10,s8
   1d30c:	590010ef          	jal	1e89c <softfloat_subM>
   1d310:	02812983          	lw	s3,40(sp)
   1d314:	02c12a03          	lw	s4,44(sp)
   1d318:	00000413          	li	s0,0
   1d31c:	0149e7b3          	or	a5,s3,s4
   1d320:	ea0798e3          	bnez	a5,1d1d0 <softfloat_mulAddF64+0x364>
   1d324:	ea1ff06f          	j	1d1c4 <softfloat_mulAddF64+0x358>
   1d328:	415c8633          	sub	a2,s9,s5
   1d32c:	00098513          	mv	a0,s3
   1d330:	000a0593          	mv	a1,s4
   1d334:	22c010ef          	jal	1e560 <softfloat_shiftRightJam64>
   1d338:	00058a13          	mv	s4,a1
   1d33c:	000c8a93          	mv	s5,s9
   1d340:	00050993          	mv	s3,a0
   1d344:	01798bb3          	add	s7,s3,s7
   1d348:	013bb7b3          	sltu	a5,s7,s3
   1d34c:	012a0933          	add	s2,s4,s2
   1d350:	000b8993          	mv	s3,s7
   1d354:	01278a33          	add	s4,a5,s2
   1d358:	e80a58e3          	bgez	s4,1d1e8 <softfloat_mulAddF64+0x37c>
   1d35c:	00098513          	mv	a0,s3
   1d360:	000a0593          	mv	a1,s4
   1d364:	00100613          	li	a2,1
   1d368:	3d4010ef          	jal	1e73c <softfloat_shortShiftRightJam64>
   1d36c:	00058a13          	mv	s4,a1
   1d370:	00050993          	mv	s3,a0
   1d374:	db5ff06f          	j	1d128 <softfloat_mulAddF64+0x2bc>
   1d378:	03010693          	addi	a3,sp,48
   1d37c:	00068593          	mv	a1,a3
   1d380:	00048613          	mv	a2,s1
   1d384:	00400513          	li	a0,4
   1d388:	03212e23          	sw	s2,60(sp)
   1d38c:	03712c23          	sw	s7,56(sp)
   1d390:	02012a23          	sw	zero,52(sp)
   1d394:	02012823          	sw	zero,48(sp)
   1d398:	268010ef          	jal	1e600 <softfloat_shiftRightJamM>
   1d39c:	0bac0663          	beq	s8,s10,1d448 <softfloat_mulAddF64+0x5dc>
   1d3a0:	02010693          	addi	a3,sp,32
   1d3a4:	03010613          	addi	a2,sp,48
   1d3a8:	00068593          	mv	a1,a3
   1d3ac:	00400513          	li	a0,4
   1d3b0:	4ec010ef          	jal	1e89c <softfloat_subM>
   1d3b4:	00100793          	li	a5,1
   1d3b8:	f4f48ce3          	beq	s1,a5,1d310 <softfloat_mulAddF64+0x4a4>
   1d3bc:	02c12a03          	lw	s4,44(sp)
   1d3c0:	02812983          	lw	s3,40(sp)
   1d3c4:	001a1793          	slli	a5,s4,0x1
   1d3c8:	e207c0e3          	bltz	a5,1d1e8 <softfloat_mulAddF64+0x37c>
   1d3cc:	01f9d793          	srli	a5,s3,0x1f
   1d3d0:	001a1a13          	slli	s4,s4,0x1
   1d3d4:	ffea8a93          	addi	s5,s5,-2
   1d3d8:	0147ea33          	or	s4,a5,s4
   1d3dc:	00199993          	slli	s3,s3,0x1
   1d3e0:	d49ff06f          	j	1d128 <softfloat_mulAddF64+0x2bc>
   1d3e4:	000b8593          	mv	a1,s7
   1d3e8:	00090613          	mv	a2,s2
   1d3ec:	01010513          	addi	a0,sp,16
   1d3f0:	320000ef          	jal	1d710 <softfloat_normSubnormalF64Sig>
   1d3f4:	01812b83          	lw	s7,24(sp)
   1d3f8:	01c12903          	lw	s2,28(sp)
   1d3fc:	01012c83          	lw	s9,16(sp)
   1d400:	016bd793          	srli	a5,s7,0x16
   1d404:	00a91913          	slli	s2,s2,0xa
   1d408:	0127e933          	or	s2,a5,s2
   1d40c:	419a84b3          	sub	s1,s5,s9
   1d410:	00ab9b93          	slli	s7,s7,0xa
   1d414:	01b96933          	or	s2,s2,s11
   1d418:	d604d6e3          	bgez	s1,1d184 <softfloat_mulAddF64+0x318>
   1d41c:	f1ac06e3          	beq	s8,s10,1d328 <softfloat_mulAddF64+0x4bc>
   1d420:	fff00793          	li	a5,-1
   1d424:	00000613          	li	a2,0
   1d428:	def49ae3          	bne	s1,a5,1d21c <softfloat_mulAddF64+0x3b0>
   1d42c:	02010693          	addi	a3,sp,32
   1d430:	00100613          	li	a2,1
   1d434:	00068593          	mv	a1,a3
   1d438:	00400513          	li	a0,4
   1d43c:	408010ef          	jal	1e844 <softfloat_shortShiftRightM>
   1d440:	000c8a93          	mv	s5,s9
   1d444:	ea5ff06f          	j	1d2e8 <softfloat_mulAddF64+0x47c>
   1d448:	02010693          	addi	a3,sp,32
   1d44c:	03010613          	addi	a2,sp,48
   1d450:	00068593          	mv	a1,a3
   1d454:	00400513          	li	a0,4
   1d458:	18d010ef          	jal	1ede4 <softfloat_addM>
   1d45c:	02812983          	lw	s3,40(sp)
   1d460:	02c12a03          	lw	s4,44(sp)
   1d464:	ef5ff06f          	j	1d358 <softfloat_mulAddF64+0x4ec>
   1d468:	03212623          	sw	s2,44(sp)
   1d46c:	03712423          	sw	s7,40(sp)
   1d470:	ea0950e3          	bgez	s2,1d310 <softfloat_mulAddF64+0x4a4>
   1d474:	408b0b33          	sub	s6,s6,s0
   1d478:	02010593          	addi	a1,sp,32
   1d47c:	00400513          	li	a0,4
   1d480:	001b3d13          	seqz	s10,s6
   1d484:	054000ef          	jal	1d4d8 <softfloat_negXM>
   1d488:	e89ff06f          	j	1d310 <softfloat_mulAddF64+0x4a4>
   1d48c:	01f9d793          	srli	a5,s3,0x1f
   1d490:	001a1a13          	slli	s4,s4,0x1
   1d494:	ffec8a93          	addi	s5,s9,-2
   1d498:	000c0d13          	mv	s10,s8
   1d49c:	0147ea33          	or	s4,a5,s4
   1d4a0:	00199993          	slli	s3,s3,0x1
   1d4a4:	c99ff06f          	j	1d13c <softfloat_mulAddF64+0x2d0>
   1d4a8:	fff4c613          	not	a2,s1
   1d4ac:	000c8a93          	mv	s5,s9
   1d4b0:	e8060ae3          	beqz	a2,1d344 <softfloat_mulAddF64+0x4d8>
   1d4b4:	00098513          	mv	a0,s3
   1d4b8:	000a0593          	mv	a1,s4
   1d4bc:	0a4010ef          	jal	1e560 <softfloat_shiftRightJam64>
   1d4c0:	00058a13          	mv	s4,a1
   1d4c4:	00050993          	mv	s3,a0
   1d4c8:	d7ac18e3          	bne	s8,s10,1d238 <softfloat_mulAddF64+0x3cc>
   1d4cc:	e79ff06f          	j	1d344 <softfloat_mulAddF64+0x4d8>
   1d4d0:	000c8a93          	mv	s5,s9
   1d4d4:	e71ff06f          	j	1d344 <softfloat_mulAddF64+0x4d8>

0001d4d8 <softfloat_negXM>:
   1d4d8:	0005a783          	lw	a5,0(a1)
   1d4dc:	00100693          	li	a3,1
   1d4e0:	40f007b3          	neg	a5,a5
   1d4e4:	00f5a023          	sw	a5,0(a1)
   1d4e8:	02d50863          	beq	a0,a3,1d518 <softfloat_negXM+0x40>
   1d4ec:	00251513          	slli	a0,a0,0x2
   1d4f0:	00a58633          	add	a2,a1,a0
   1d4f4:	00458593          	addi	a1,a1,4
   1d4f8:	0005a703          	lw	a4,0(a1)
   1d4fc:	0017b793          	seqz	a5,a5
   1d500:	00f6f6b3          	and	a3,a3,a5
   1d504:	40e687b3          	sub	a5,a3,a4
   1d508:	fff78793          	addi	a5,a5,-1 # 3fffffff <_float_lib_entry+0x3fefffff>
   1d50c:	00f5a023          	sw	a5,0(a1)
   1d510:	00458593          	addi	a1,a1,4
   1d514:	feb612e3          	bne	a2,a1,1d4f8 <softfloat_negXM+0x20>
   1d518:	00008067          	ret

0001d51c <softfloat_normRoundPackToF32>:
   1d51c:	ff010113          	addi	sp,sp,-16
   1d520:	01212023          	sw	s2,0(sp)
   1d524:	00050913          	mv	s2,a0
   1d528:	00060513          	mv	a0,a2
   1d52c:	00812423          	sw	s0,8(sp)
   1d530:	00912223          	sw	s1,4(sp)
   1d534:	00060413          	mv	s0,a2
   1d538:	00058493          	mv	s1,a1
   1d53c:	00112623          	sw	ra,12(sp)
   1d540:	b88ff0ef          	jal	1c8c8 <softfloat_countLeadingZeros32>
   1d544:	fff50613          	addi	a2,a0,-1
   1d548:	00600793          	li	a5,6
   1d54c:	40c485b3          	sub	a1,s1,a2
   1d550:	04c7d263          	bge	a5,a2,1d594 <softfloat_normRoundPackToF32+0x78>
   1d554:	0fc00793          	li	a5,252
   1d558:	02b7ee63          	bltu	a5,a1,1d594 <softfloat_normRoundPackToF32+0x78>
   1d55c:	01f91913          	slli	s2,s2,0x1f
   1d560:	00000713          	li	a4,0
   1d564:	00040463          	beqz	s0,1d56c <softfloat_normRoundPackToF32+0x50>
   1d568:	01759713          	slli	a4,a1,0x17
   1d56c:	ff850793          	addi	a5,a0,-8
   1d570:	00f41433          	sll	s0,s0,a5
   1d574:	01240533          	add	a0,s0,s2
   1d578:	00c12083          	lw	ra,12(sp)
   1d57c:	00812403          	lw	s0,8(sp)
   1d580:	00412483          	lw	s1,4(sp)
   1d584:	00012903          	lw	s2,0(sp)
   1d588:	00e50533          	add	a0,a0,a4
   1d58c:	01010113          	addi	sp,sp,16
   1d590:	00008067          	ret
   1d594:	00c41633          	sll	a2,s0,a2
   1d598:	00812403          	lw	s0,8(sp)
   1d59c:	00c12083          	lw	ra,12(sp)
   1d5a0:	00412483          	lw	s1,4(sp)
   1d5a4:	00090513          	mv	a0,s2
   1d5a8:	00012903          	lw	s2,0(sp)
   1d5ac:	01010113          	addi	sp,sp,16
   1d5b0:	01d0006f          	j	1ddcc <softfloat_roundPackToF32>

0001d5b4 <softfloat_normRoundPackToF64>:
   1d5b4:	fe010113          	addi	sp,sp,-32
   1d5b8:	00812c23          	sw	s0,24(sp)
   1d5bc:	01312623          	sw	s3,12(sp)
   1d5c0:	00058413          	mv	s0,a1
   1d5c4:	00050993          	mv	s3,a0
   1d5c8:	00068593          	mv	a1,a3
   1d5cc:	00060513          	mv	a0,a2
   1d5d0:	00912a23          	sw	s1,20(sp)
   1d5d4:	01212823          	sw	s2,16(sp)
   1d5d8:	00112e23          	sw	ra,28(sp)
   1d5dc:	00060493          	mv	s1,a2
   1d5e0:	00068913          	mv	s2,a3
   1d5e4:	b30ff0ef          	jal	1c914 <softfloat_countLeadingZeros64>
   1d5e8:	fff50793          	addi	a5,a0,-1
   1d5ec:	00900713          	li	a4,9
   1d5f0:	40f405b3          	sub	a1,s0,a5
   1d5f4:	06f75263          	bge	a4,a5,1d658 <softfloat_normRoundPackToF64+0xa4>
   1d5f8:	7fc00713          	li	a4,2044
   1d5fc:	04b76e63          	bltu	a4,a1,1d658 <softfloat_normRoundPackToF64+0xa4>
   1d600:	0124e7b3          	or	a5,s1,s2
   1d604:	01f99993          	slli	s3,s3,0x1f
   1d608:	0a078063          	beqz	a5,1d6a8 <softfloat_normRoundPackToF64+0xf4>
   1d60c:	fd550713          	addi	a4,a0,-43
   1d610:	01459593          	slli	a1,a1,0x14
   1d614:	00000693          	li	a3,0
   1d618:	ff550793          	addi	a5,a0,-11
   1d61c:	0a074063          	bltz	a4,1d6bc <softfloat_normRoundPackToF64+0x108>
   1d620:	00e49733          	sll	a4,s1,a4
   1d624:	00000613          	li	a2,0
   1d628:	01c12083          	lw	ra,28(sp)
   1d62c:	01812403          	lw	s0,24(sp)
   1d630:	01370733          	add	a4,a4,s3
   1d634:	00d60533          	add	a0,a2,a3
   1d638:	00b70733          	add	a4,a4,a1
   1d63c:	00c535b3          	sltu	a1,a0,a2
   1d640:	01412483          	lw	s1,20(sp)
   1d644:	01012903          	lw	s2,16(sp)
   1d648:	00c12983          	lw	s3,12(sp)
   1d64c:	00e585b3          	add	a1,a1,a4
   1d650:	02010113          	addi	sp,sp,32
   1d654:	00008067          	ret
   1d658:	fe078693          	addi	a3,a5,-32
   1d65c:	0206c663          	bltz	a3,1d688 <softfloat_normRoundPackToF64+0xd4>
   1d660:	00d496b3          	sll	a3,s1,a3
   1d664:	00000613          	li	a2,0
   1d668:	01812403          	lw	s0,24(sp)
   1d66c:	01c12083          	lw	ra,28(sp)
   1d670:	01412483          	lw	s1,20(sp)
   1d674:	01012903          	lw	s2,16(sp)
   1d678:	00098513          	mv	a0,s3
   1d67c:	00c12983          	lw	s3,12(sp)
   1d680:	02010113          	addi	sp,sp,32
   1d684:	0d10006f          	j	1df54 <softfloat_roundPackToF64>
   1d688:	01f00613          	li	a2,31
   1d68c:	40f60633          	sub	a2,a2,a5
   1d690:	0014d713          	srli	a4,s1,0x1
   1d694:	00c75733          	srl	a4,a4,a2
   1d698:	00f916b3          	sll	a3,s2,a5
   1d69c:	00f49633          	sll	a2,s1,a5
   1d6a0:	00d766b3          	or	a3,a4,a3
   1d6a4:	fc5ff06f          	j	1d668 <softfloat_normRoundPackToF64+0xb4>
   1d6a8:	fd550713          	addi	a4,a0,-43
   1d6ac:	00048693          	mv	a3,s1
   1d6b0:	00090593          	mv	a1,s2
   1d6b4:	ff550793          	addi	a5,a0,-11
   1d6b8:	f60754e3          	bgez	a4,1d620 <softfloat_normRoundPackToF64+0x6c>
   1d6bc:	01f00613          	li	a2,31
   1d6c0:	40f60633          	sub	a2,a2,a5
   1d6c4:	0014d513          	srli	a0,s1,0x1
   1d6c8:	00c55533          	srl	a0,a0,a2
   1d6cc:	00f91733          	sll	a4,s2,a5
   1d6d0:	00f49633          	sll	a2,s1,a5
   1d6d4:	00e56733          	or	a4,a0,a4
   1d6d8:	f51ff06f          	j	1d628 <softfloat_normRoundPackToF64+0x74>

0001d6dc <softfloat_normSubnormalF32Sig>:
   1d6dc:	fe010113          	addi	sp,sp,-32
   1d6e0:	00812c23          	sw	s0,24(sp)
   1d6e4:	00112e23          	sw	ra,28(sp)
   1d6e8:	00050413          	mv	s0,a0
   1d6ec:	9dcff0ef          	jal	1c8c8 <softfloat_countLeadingZeros32>
   1d6f0:	ff850793          	addi	a5,a0,-8
   1d6f4:	01c12083          	lw	ra,28(sp)
   1d6f8:	00f415b3          	sll	a1,s0,a5
   1d6fc:	01812403          	lw	s0,24(sp)
   1d700:	00100513          	li	a0,1
   1d704:	40f50533          	sub	a0,a0,a5
   1d708:	02010113          	addi	sp,sp,32
   1d70c:	00008067          	ret

0001d710 <softfloat_normSubnormalF64Sig>:
   1d710:	ff010113          	addi	sp,sp,-16
   1d714:	00812423          	sw	s0,8(sp)
   1d718:	00058413          	mv	s0,a1
   1d71c:	00912223          	sw	s1,4(sp)
   1d720:	00060593          	mv	a1,a2
   1d724:	00050493          	mv	s1,a0
   1d728:	00040513          	mv	a0,s0
   1d72c:	01212023          	sw	s2,0(sp)
   1d730:	00112623          	sw	ra,12(sp)
   1d734:	00060913          	mv	s2,a2
   1d738:	9dcff0ef          	jal	1c914 <softfloat_countLeadingZeros64>
   1d73c:	ff550693          	addi	a3,a0,-11
   1d740:	00100713          	li	a4,1
   1d744:	40d70733          	sub	a4,a4,a3
   1d748:	fd550793          	addi	a5,a0,-43
   1d74c:	00e4a023          	sw	a4,0(s1)
   1d750:	0207c663          	bltz	a5,1d77c <softfloat_normSubnormalF64Sig+0x6c>
   1d754:	00f41433          	sll	s0,s0,a5
   1d758:	0084a623          	sw	s0,12(s1)
   1d75c:	00c12083          	lw	ra,12(sp)
   1d760:	00812403          	lw	s0,8(sp)
   1d764:	0004a423          	sw	zero,8(s1)
   1d768:	00012903          	lw	s2,0(sp)
   1d76c:	00048513          	mv	a0,s1
   1d770:	00412483          	lw	s1,4(sp)
   1d774:	01010113          	addi	sp,sp,16
   1d778:	00008067          	ret
   1d77c:	01f00713          	li	a4,31
   1d780:	00145793          	srli	a5,s0,0x1
   1d784:	40d70733          	sub	a4,a4,a3
   1d788:	00d41433          	sll	s0,s0,a3
   1d78c:	0084a423          	sw	s0,8(s1)
   1d790:	00c12083          	lw	ra,12(sp)
   1d794:	00812403          	lw	s0,8(sp)
   1d798:	00d91933          	sll	s2,s2,a3
   1d79c:	00e7d7b3          	srl	a5,a5,a4
   1d7a0:	00f96933          	or	s2,s2,a5
   1d7a4:	0124a623          	sw	s2,12(s1)
   1d7a8:	00048513          	mv	a0,s1
   1d7ac:	00012903          	lw	s2,0(sp)
   1d7b0:	00412483          	lw	s1,4(sp)
   1d7b4:	01010113          	addi	sp,sp,16
   1d7b8:	00008067          	ret

0001d7bc <softfloat_propagateNaNF32UI>:
   1d7bc:	fd010113          	addi	sp,sp,-48
   1d7c0:	7fc007b7          	lui	a5,0x7fc00
   1d7c4:	00400737          	lui	a4,0x400
   1d7c8:	02812423          	sw	s0,40(sp)
   1d7cc:	03212023          	sw	s2,32(sp)
   1d7d0:	01312e23          	sw	s3,28(sp)
   1d7d4:	01412c23          	sw	s4,24(sp)
   1d7d8:	02112623          	sw	ra,44(sp)
   1d7dc:	00f576b3          	and	a3,a0,a5
   1d7e0:	7f800637          	lui	a2,0x7f800
   1d7e4:	00050413          	mv	s0,a0
   1d7e8:	00f5f933          	and	s2,a1,a5
   1d7ec:	00e56a33          	or	s4,a0,a4
   1d7f0:	00e5e9b3          	or	s3,a1,a4
   1d7f4:	08c68c63          	beq	a3,a2,1d88c <softfloat_propagateNaNF32UI+0xd0>
   1d7f8:	7f8007b7          	lui	a5,0x7f800
   1d7fc:	04f90463          	beq	s2,a5,1d844 <softfloat_propagateNaNF32UI+0x88>
   1d800:	02912223          	sw	s1,36(sp)
   1d804:	800007b7          	lui	a5,0x80000
   1d808:	fff78793          	addi	a5,a5,-1 # 7fffffff <_float_lib_entry+0x7fefffff>
   1d80c:	00f47433          	and	s0,s0,a5
   1d810:	00f5f4b3          	and	s1,a1,a5
   1d814:	00946663          	bltu	s0,s1,1d820 <softfloat_propagateNaNF32UI+0x64>
   1d818:	0a84e863          	bltu	s1,s0,1d8c8 <softfloat_propagateNaNF32UI+0x10c>
   1d81c:	0b3a6a63          	bltu	s4,s3,1d8d0 <softfloat_propagateNaNF32UI+0x114>
   1d820:	02c12083          	lw	ra,44(sp)
   1d824:	02812403          	lw	s0,40(sp)
   1d828:	02412483          	lw	s1,36(sp)
   1d82c:	02012903          	lw	s2,32(sp)
   1d830:	01812a03          	lw	s4,24(sp)
   1d834:	00098513          	mv	a0,s3
   1d838:	01c12983          	lw	s3,28(sp)
   1d83c:	03010113          	addi	sp,sp,48
   1d840:	00008067          	ret
   1d844:	00a59793          	slli	a5,a1,0xa
   1d848:	fa078ce3          	beqz	a5,1d800 <softfloat_propagateNaNF32UI+0x44>
   1d84c:	01000513          	li	a0,16
   1d850:	57c010ef          	jal	1edcc <softfloat_raiseFlags>
   1d854:	fff44793          	not	a5,s0
   1d858:	0127f7b3          	and	a5,a5,s2
   1d85c:	00079863          	bnez	a5,1d86c <softfloat_propagateNaNF32UI+0xb0>
   1d860:	00941413          	slli	s0,s0,0x9
   1d864:	00040463          	beqz	s0,1d86c <softfloat_propagateNaNF32UI+0xb0>
   1d868:	000a0993          	mv	s3,s4
   1d86c:	02c12083          	lw	ra,44(sp)
   1d870:	02812403          	lw	s0,40(sp)
   1d874:	02012903          	lw	s2,32(sp)
   1d878:	01812a03          	lw	s4,24(sp)
   1d87c:	00098513          	mv	a0,s3
   1d880:	01c12983          	lw	s3,28(sp)
   1d884:	03010113          	addi	sp,sp,48
   1d888:	00008067          	ret
   1d88c:	fff70713          	addi	a4,a4,-1 # 3fffff <_float_lib_entry+0x2fffff>
   1d890:	00e57733          	and	a4,a0,a4
   1d894:	f60702e3          	beqz	a4,1d7f8 <softfloat_propagateNaNF32UI+0x3c>
   1d898:	06d90063          	beq	s2,a3,1d8f8 <softfloat_propagateNaNF32UI+0x13c>
   1d89c:	01000513          	li	a0,16
   1d8a0:	00b12623          	sw	a1,12(sp)
   1d8a4:	528010ef          	jal	1edcc <softfloat_raiseFlags>
   1d8a8:	00c12583          	lw	a1,12(sp)
   1d8ac:	fff5c793          	not	a5,a1
   1d8b0:	0177d713          	srli	a4,a5,0x17
   1d8b4:	0ff77713          	zext.b	a4,a4
   1d8b8:	fa0718e3          	bnez	a4,1d868 <softfloat_propagateNaNF32UI+0xac>
   1d8bc:	02912223          	sw	s1,36(sp)
   1d8c0:	00959493          	slli	s1,a1,0x9
   1d8c4:	f4049ee3          	bnez	s1,1d820 <softfloat_propagateNaNF32UI+0x64>
   1d8c8:	02412483          	lw	s1,36(sp)
   1d8cc:	f9dff06f          	j	1d868 <softfloat_propagateNaNF32UI+0xac>
   1d8d0:	02c12083          	lw	ra,44(sp)
   1d8d4:	02812403          	lw	s0,40(sp)
   1d8d8:	000a0993          	mv	s3,s4
   1d8dc:	02412483          	lw	s1,36(sp)
   1d8e0:	02012903          	lw	s2,32(sp)
   1d8e4:	01812a03          	lw	s4,24(sp)
   1d8e8:	00098513          	mv	a0,s3
   1d8ec:	01c12983          	lw	s3,28(sp)
   1d8f0:	03010113          	addi	sp,sp,48
   1d8f4:	00008067          	ret
   1d8f8:	00a59793          	slli	a5,a1,0xa
   1d8fc:	fa0780e3          	beqz	a5,1d89c <softfloat_propagateNaNF32UI+0xe0>
   1d900:	01000513          	li	a0,16
   1d904:	00b12623          	sw	a1,12(sp)
   1d908:	02912223          	sw	s1,36(sp)
   1d90c:	4c0010ef          	jal	1edcc <softfloat_raiseFlags>
   1d910:	00c12583          	lw	a1,12(sp)
   1d914:	ef1ff06f          	j	1d804 <softfloat_propagateNaNF32UI+0x48>

0001d918 <softfloat_propagateNaNF64UI>:
   1d918:	fd010113          	addi	sp,sp,-48
   1d91c:	7ff807b7          	lui	a5,0x7ff80
   1d920:	00080737          	lui	a4,0x80
   1d924:	02812423          	sw	s0,40(sp)
   1d928:	02912223          	sw	s1,36(sp)
   1d92c:	03212023          	sw	s2,32(sp)
   1d930:	00068493          	mv	s1,a3
   1d934:	01412e23          	sw	s4,28(sp)
   1d938:	01512c23          	sw	s5,24(sp)
   1d93c:	01612a23          	sw	s6,20(sp)
   1d940:	00f5f6b3          	and	a3,a1,a5
   1d944:	02112623          	sw	ra,44(sp)
   1d948:	7ff00837          	lui	a6,0x7ff00
   1d94c:	00058413          	mv	s0,a1
   1d950:	00e5eb33          	or	s6,a1,a4
   1d954:	00050a13          	mv	s4,a0
   1d958:	00f4f933          	and	s2,s1,a5
   1d95c:	00060a93          	mv	s5,a2
   1d960:	00e4e5b3          	or	a1,s1,a4
   1d964:	0b068463          	beq	a3,a6,1da0c <softfloat_propagateNaNF64UI+0xf4>
   1d968:	7ff007b7          	lui	a5,0x7ff00
   1d96c:	06f90063          	beq	s2,a5,1d9cc <softfloat_propagateNaNF64UI+0xb4>
   1d970:	800007b7          	lui	a5,0x80000
   1d974:	fff78793          	addi	a5,a5,-1 # 7fffffff <_float_lib_entry+0x7fefffff>
   1d978:	00f47433          	and	s0,s0,a5
   1d97c:	00f4f4b3          	and	s1,s1,a5
   1d980:	02946263          	bltu	s0,s1,1d9a4 <softfloat_propagateNaNF64UI+0x8c>
   1d984:	0c848c63          	beq	s1,s0,1da5c <softfloat_propagateNaNF64UI+0x144>
   1d988:	0084ea63          	bltu	s1,s0,1d99c <softfloat_propagateNaNF64UI+0x84>
   1d98c:	0c940e63          	beq	s0,s1,1da68 <softfloat_propagateNaNF64UI+0x150>
   1d990:	00bb6663          	bltu	s6,a1,1d99c <softfloat_propagateNaNF64UI+0x84>
   1d994:	01659863          	bne	a1,s6,1d9a4 <softfloat_propagateNaNF64UI+0x8c>
   1d998:	00ca7663          	bgeu	s4,a2,1d9a4 <softfloat_propagateNaNF64UI+0x8c>
   1d99c:	000a0a93          	mv	s5,s4
   1d9a0:	000b0593          	mv	a1,s6
   1d9a4:	02c12083          	lw	ra,44(sp)
   1d9a8:	02812403          	lw	s0,40(sp)
   1d9ac:	02412483          	lw	s1,36(sp)
   1d9b0:	02012903          	lw	s2,32(sp)
   1d9b4:	01c12a03          	lw	s4,28(sp)
   1d9b8:	01412b03          	lw	s6,20(sp)
   1d9bc:	000a8513          	mv	a0,s5
   1d9c0:	01812a83          	lw	s5,24(sp)
   1d9c4:	03010113          	addi	sp,sp,48
   1d9c8:	00008067          	ret
   1d9cc:	00d49793          	slli	a5,s1,0xd
   1d9d0:	00d7d793          	srli	a5,a5,0xd
   1d9d4:	00f667b3          	or	a5,a2,a5
   1d9d8:	f8078ce3          	beqz	a5,1d970 <softfloat_propagateNaNF64UI+0x58>
   1d9dc:	01000513          	li	a0,16
   1d9e0:	00b12423          	sw	a1,8(sp)
   1d9e4:	3e8010ef          	jal	1edcc <softfloat_raiseFlags>
   1d9e8:	fff44793          	not	a5,s0
   1d9ec:	0127f7b3          	and	a5,a5,s2
   1d9f0:	00812583          	lw	a1,8(sp)
   1d9f4:	fa0798e3          	bnez	a5,1d9a4 <softfloat_propagateNaNF64UI+0x8c>
   1d9f8:	00c41793          	slli	a5,s0,0xc
   1d9fc:	00c7d793          	srli	a5,a5,0xc
   1da00:	00fa67b3          	or	a5,s4,a5
   1da04:	f8079ce3          	bnez	a5,1d99c <softfloat_propagateNaNF64UI+0x84>
   1da08:	f9dff06f          	j	1d9a4 <softfloat_propagateNaNF64UI+0x8c>
   1da0c:	fff70713          	addi	a4,a4,-1 # 7ffff <softfloat_roundingMode+0x60b87>
   1da10:	00e477b3          	and	a5,s0,a4
   1da14:	00f567b3          	or	a5,a0,a5
   1da18:	f40788e3          	beqz	a5,1d968 <softfloat_propagateNaNF64UI+0x50>
   1da1c:	00c12623          	sw	a2,12(sp)
   1da20:	00b12423          	sw	a1,8(sp)
   1da24:	01000513          	li	a0,16
   1da28:	04d90663          	beq	s2,a3,1da74 <softfloat_propagateNaNF64UI+0x15c>
   1da2c:	3a0010ef          	jal	1edcc <softfloat_raiseFlags>
   1da30:	fff4c793          	not	a5,s1
   1da34:	0147d713          	srli	a4,a5,0x14
   1da38:	7ff77713          	andi	a4,a4,2047
   1da3c:	00812583          	lw	a1,8(sp)
   1da40:	00c12603          	lw	a2,12(sp)
   1da44:	f4071ce3          	bnez	a4,1d99c <softfloat_propagateNaNF64UI+0x84>
   1da48:	00c49793          	slli	a5,s1,0xc
   1da4c:	00c7d793          	srli	a5,a5,0xc
   1da50:	00f667b3          	or	a5,a2,a5
   1da54:	f40798e3          	bnez	a5,1d9a4 <softfloat_propagateNaNF64UI+0x8c>
   1da58:	f45ff06f          	j	1d99c <softfloat_propagateNaNF64UI+0x84>
   1da5c:	f4ca64e3          	bltu	s4,a2,1d9a4 <softfloat_propagateNaNF64UI+0x8c>
   1da60:	f284f6e3          	bgeu	s1,s0,1d98c <softfloat_propagateNaNF64UI+0x74>
   1da64:	f39ff06f          	j	1d99c <softfloat_propagateNaNF64UI+0x84>
   1da68:	f3466ae3          	bltu	a2,s4,1d99c <softfloat_propagateNaNF64UI+0x84>
   1da6c:	f2bb68e3          	bltu	s6,a1,1d99c <softfloat_propagateNaNF64UI+0x84>
   1da70:	f25ff06f          	j	1d994 <softfloat_propagateNaNF64UI+0x7c>
   1da74:	00e4f733          	and	a4,s1,a4
   1da78:	00e66733          	or	a4,a2,a4
   1da7c:	fa0708e3          	beqz	a4,1da2c <softfloat_propagateNaNF64UI+0x114>
   1da80:	34c010ef          	jal	1edcc <softfloat_raiseFlags>
   1da84:	00812583          	lw	a1,8(sp)
   1da88:	00c12603          	lw	a2,12(sp)
   1da8c:	ee5ff06f          	j	1d970 <softfloat_propagateNaNF64UI+0x58>

0001da90 <softfloat_roundMToI64>:
   1da90:	00400893          	li	a7,4
   1da94:	0045a783          	lw	a5,4(a1)
   1da98:	0085a803          	lw	a6,8(a1)
   1da9c:	0005a303          	lw	t1,0(a1)
   1daa0:	00050713          	mv	a4,a0
   1daa4:	0f160863          	beq	a2,a7,1db94 <softfloat_roundMToI64+0x104>
   1daa8:	02061a63          	bnez	a2,1dadc <softfloat_roundMToI64+0x4c>
   1daac:	08034e63          	bltz	t1,1db48 <softfloat_roundMToI64+0xb8>
   1dab0:	00070a63          	beqz	a4,1dac4 <softfloat_roundMToI64+0x34>
   1dab4:	00f03633          	snez	a2,a5
   1dab8:	41000833          	neg	a6,a6
   1dabc:	40c80833          	sub	a6,a6,a2
   1dac0:	40f007b3          	neg	a5,a5
   1dac4:	00078513          	mv	a0,a5
   1dac8:	0107e7b3          	or	a5,a5,a6
   1dacc:	00080593          	mv	a1,a6
   1dad0:	06079463          	bnez	a5,1db38 <softfloat_roundMToI64+0xa8>
   1dad4:	0a031263          	bnez	t1,1db78 <softfloat_roundMToI64+0xe8>
   1dad8:	00008067          	ret
   1dadc:	0e030663          	beqz	t1,1dbc8 <softfloat_roundMToI64+0x138>
   1dae0:	14050063          	beqz	a0,1dc20 <softfloat_roundMToI64+0x190>
   1dae4:	00200593          	li	a1,2
   1dae8:	18b61463          	bne	a2,a1,1dc70 <softfloat_roundMToI64+0x1e0>
   1daec:	00178613          	addi	a2,a5,1
   1daf0:	00f635b3          	sltu	a1,a2,a5
   1daf4:	010585b3          	add	a1,a1,a6
   1daf8:	00b66533          	or	a0,a2,a1
   1dafc:	00050c63          	beqz	a0,1db14 <softfloat_roundMToI64+0x84>
   1db00:	80000537          	lui	a0,0x80000
   1db04:	0ea31463          	bne	t1,a0,1dbec <softfloat_roundMToI64+0x15c>
   1db08:	fff7c513          	not	a0,a5
   1db0c:	fff84593          	not	a1,a6
   1db10:	06085463          	bgez	a6,1db78 <softfloat_roundMToI64+0xe8>
   1db14:	ff010113          	addi	sp,sp,-16
   1db18:	01000513          	li	a0,16
   1db1c:	00112623          	sw	ra,12(sp)
   1db20:	2ac010ef          	jal	1edcc <softfloat_raiseFlags>
   1db24:	00c12083          	lw	ra,12(sp)
   1db28:	00000513          	li	a0,0
   1db2c:	800005b7          	lui	a1,0x80000
   1db30:	01010113          	addi	sp,sp,16
   1db34:	00008067          	ret
   1db38:	01f85793          	srli	a5,a6,0x1f
   1db3c:	fce79ce3          	bne	a5,a4,1db14 <softfloat_roundMToI64+0x84>
   1db40:	f8030ce3          	beqz	t1,1dad8 <softfloat_roundMToI64+0x48>
   1db44:	0340006f          	j	1db78 <softfloat_roundMToI64+0xe8>
   1db48:	00178513          	addi	a0,a5,1
   1db4c:	00f537b3          	sltu	a5,a0,a5
   1db50:	01078833          	add	a6,a5,a6
   1db54:	010567b3          	or	a5,a0,a6
   1db58:	00080593          	mv	a1,a6
   1db5c:	00050613          	mv	a2,a0
   1db60:	fa078ae3          	beqz	a5,1db14 <softfloat_roundMToI64+0x84>
   1db64:	800007b7          	lui	a5,0x80000
   1db68:	12f30463          	beq	t1,a5,1dc90 <softfloat_roundMToI64+0x200>
   1db6c:	08071063          	bnez	a4,1dbec <softfloat_roundMToI64+0x15c>
   1db70:	00060513          	mv	a0,a2
   1db74:	fa05c0e3          	bltz	a1,1db14 <softfloat_roundMToI64+0x84>
   1db78:	f60680e3          	beqz	a3,1dad8 <softfloat_roundMToI64+0x48>
   1db7c:	00002717          	auipc	a4,0x2
   1db80:	8f870713          	addi	a4,a4,-1800 # 1f474 <softfloat_exceptionFlags>
   1db84:	00072783          	lw	a5,0(a4)
   1db88:	0017e793          	ori	a5,a5,1
   1db8c:	00f72023          	sw	a5,0(a4)
   1db90:	00008067          	ret
   1db94:	f0035ee3          	bgez	t1,1dab0 <softfloat_roundMToI64+0x20>
   1db98:	00178613          	addi	a2,a5,1 # 80000001 <_float_lib_entry+0x7ff00001>
   1db9c:	00f635b3          	sltu	a1,a2,a5
   1dba0:	010585b3          	add	a1,a1,a6
   1dba4:	00b66533          	or	a0,a2,a1
   1dba8:	f60506e3          	beqz	a0,1db14 <softfloat_roundMToI64+0x84>
   1dbac:	00070663          	beqz	a4,1dbb8 <softfloat_roundMToI64+0x128>
   1dbb0:	fff7c613          	not	a2,a5
   1dbb4:	fff84593          	not	a1,a6
   1dbb8:	01f5d793          	srli	a5,a1,0x1f
   1dbbc:	00060513          	mv	a0,a2
   1dbc0:	faf70ce3          	beq	a4,a5,1db78 <softfloat_roundMToI64+0xe8>
   1dbc4:	f51ff06f          	j	1db14 <softfloat_roundMToI64+0x84>
   1dbc8:	04050063          	beqz	a0,1dc08 <softfloat_roundMToI64+0x178>
   1dbcc:	00f03733          	snez	a4,a5
   1dbd0:	410005b3          	neg	a1,a6
   1dbd4:	40e585b3          	sub	a1,a1,a4
   1dbd8:	40f00533          	neg	a0,a5
   1dbdc:	00b567b3          	or	a5,a0,a1
   1dbe0:	0a078663          	beqz	a5,1dc8c <softfloat_roundMToI64+0x1fc>
   1dbe4:	f205d8e3          	bgez	a1,1db14 <softfloat_roundMToI64+0x84>
   1dbe8:	00008067          	ret
   1dbec:	40b005b3          	neg	a1,a1
   1dbf0:	00c037b3          	snez	a5,a2
   1dbf4:	40f585b3          	sub	a1,a1,a5
   1dbf8:	40c00533          	neg	a0,a2
   1dbfc:	01f5d793          	srli	a5,a1,0x1f
   1dc00:	f6f70ce3          	beq	a4,a5,1db78 <softfloat_roundMToI64+0xe8>
   1dc04:	f11ff06f          	j	1db14 <softfloat_roundMToI64+0x84>
   1dc08:	00078513          	mv	a0,a5
   1dc0c:	0107e7b3          	or	a5,a5,a6
   1dc10:	00080593          	mv	a1,a6
   1dc14:	ec0782e3          	beqz	a5,1dad8 <softfloat_roundMToI64+0x48>
   1dc18:	ee084ee3          	bltz	a6,1db14 <softfloat_roundMToI64+0x84>
   1dc1c:	00008067          	ret
   1dc20:	00300713          	li	a4,3
   1dc24:	02e61a63          	bne	a2,a4,1dc58 <softfloat_roundMToI64+0x1c8>
   1dc28:	00178713          	addi	a4,a5,1
   1dc2c:	00f737b3          	sltu	a5,a4,a5
   1dc30:	010787b3          	add	a5,a5,a6
   1dc34:	00f76533          	or	a0,a4,a5
   1dc38:	00078593          	mv	a1,a5
   1dc3c:	00070613          	mv	a2,a4
   1dc40:	ec050ae3          	beqz	a0,1db14 <softfloat_roundMToI64+0x84>
   1dc44:	80000537          	lui	a0,0x80000
   1dc48:	f2a314e3          	bne	t1,a0,1db70 <softfloat_roundMToI64+0xe0>
   1dc4c:	00070513          	mv	a0,a4
   1dc50:	f205d4e3          	bgez	a1,1db78 <softfloat_roundMToI64+0xe8>
   1dc54:	ec1ff06f          	j	1db14 <softfloat_roundMToI64+0x84>
   1dc58:	00078513          	mv	a0,a5
   1dc5c:	0107e7b3          	or	a5,a5,a6
   1dc60:	00080593          	mv	a1,a6
   1dc64:	f0078ae3          	beqz	a5,1db78 <softfloat_roundMToI64+0xe8>
   1dc68:	f005d8e3          	bgez	a1,1db78 <softfloat_roundMToI64+0xe8>
   1dc6c:	ea9ff06f          	j	1db14 <softfloat_roundMToI64+0x84>
   1dc70:	00f03633          	snez	a2,a5
   1dc74:	410005b3          	neg	a1,a6
   1dc78:	40c585b3          	sub	a1,a1,a2
   1dc7c:	40f00533          	neg	a0,a5
   1dc80:	00b567b3          	or	a5,a0,a1
   1dc84:	f6079ce3          	bnez	a5,1dbfc <softfloat_roundMToI64+0x16c>
   1dc88:	ef1ff06f          	j	1db78 <softfloat_roundMToI64+0xe8>
   1dc8c:	00008067          	ret
   1dc90:	ffe57793          	andi	a5,a0,-2
   1dc94:	fc0702e3          	beqz	a4,1dc58 <softfloat_roundMToI64+0x1c8>
   1dc98:	00f035b3          	snez	a1,a5
   1dc9c:	41000833          	neg	a6,a6
   1dca0:	40b805b3          	sub	a1,a6,a1
   1dca4:	40f00533          	neg	a0,a5
   1dca8:	00b567b3          	or	a5,a0,a1
   1dcac:	f40798e3          	bnez	a5,1dbfc <softfloat_roundMToI64+0x16c>
   1dcb0:	ec9ff06f          	j	1db78 <softfloat_roundMToI64+0xe8>

0001dcb4 <softfloat_roundMToUI64>:
   1dcb4:	00058793          	mv	a5,a1
   1dcb8:	00400893          	li	a7,4
   1dcbc:	00050713          	mv	a4,a0
   1dcc0:	0007a803          	lw	a6,0(a5)
   1dcc4:	0045a503          	lw	a0,4(a1) # 80000004 <_float_lib_entry+0x7ff00004>
   1dcc8:	0085a583          	lw	a1,8(a1)
   1dccc:	07160e63          	beq	a2,a7,1dd48 <softfloat_roundMToUI64+0x94>
   1dcd0:	00061e63          	bnez	a2,1dcec <softfloat_roundMToUI64+0x38>
   1dcd4:	0a084c63          	bltz	a6,1dd8c <softfloat_roundMToUI64+0xd8>
   1dcd8:	00070663          	beqz	a4,1dce4 <softfloat_roundMToUI64+0x30>
   1dcdc:	00b567b3          	or	a5,a0,a1
   1dce0:	08079463          	bnez	a5,1dd68 <softfloat_roundMToUI64+0xb4>
   1dce4:	04081463          	bnez	a6,1dd2c <softfloat_roundMToUI64+0x78>
   1dce8:	00008067          	ret
   1dcec:	00070e63          	beqz	a4,1dd08 <softfloat_roundMToUI64+0x54>
   1dcf0:	00a867b3          	or	a5,a6,a0
   1dcf4:	00b7e733          	or	a4,a5,a1
   1dcf8:	0c070663          	beqz	a4,1ddc4 <softfloat_roundMToUI64+0x110>
   1dcfc:	00200793          	li	a5,2
   1dd00:	fcf61ee3          	bne	a2,a5,1dcdc <softfloat_roundMToUI64+0x28>
   1dd04:	0640006f          	j	1dd68 <softfloat_roundMToUI64+0xb4>
   1dd08:	00300793          	li	a5,3
   1dd0c:	fcf61ce3          	bne	a2,a5,1dce4 <softfloat_roundMToUI64+0x30>
   1dd10:	fc080ce3          	beqz	a6,1dce8 <softfloat_roundMToUI64+0x34>
   1dd14:	00150793          	addi	a5,a0,1 # 80000001 <_float_lib_entry+0x7ff00001>
   1dd18:	00a7b533          	sltu	a0,a5,a0
   1dd1c:	00b505b3          	add	a1,a0,a1
   1dd20:	00078513          	mv	a0,a5
   1dd24:	00b7e7b3          	or	a5,a5,a1
   1dd28:	04078063          	beqz	a5,1dd68 <softfloat_roundMToUI64+0xb4>
   1dd2c:	fa068ee3          	beqz	a3,1dce8 <softfloat_roundMToUI64+0x34>
   1dd30:	00001717          	auipc	a4,0x1
   1dd34:	74470713          	addi	a4,a4,1860 # 1f474 <softfloat_exceptionFlags>
   1dd38:	00072783          	lw	a5,0(a4)
   1dd3c:	0017e793          	ori	a5,a5,1
   1dd40:	00f72023          	sw	a5,0(a4)
   1dd44:	00008067          	ret
   1dd48:	f80858e3          	bgez	a6,1dcd8 <softfloat_roundMToUI64+0x24>
   1dd4c:	00150613          	addi	a2,a0,1
   1dd50:	00a637b3          	sltu	a5,a2,a0
   1dd54:	00b785b3          	add	a1,a5,a1
   1dd58:	00b667b3          	or	a5,a2,a1
   1dd5c:	00060513          	mv	a0,a2
   1dd60:	00078463          	beqz	a5,1dd68 <softfloat_roundMToUI64+0xb4>
   1dd64:	fc0704e3          	beqz	a4,1dd2c <softfloat_roundMToUI64+0x78>
   1dd68:	ff010113          	addi	sp,sp,-16
   1dd6c:	01000513          	li	a0,16
   1dd70:	00112623          	sw	ra,12(sp)
   1dd74:	058010ef          	jal	1edcc <softfloat_raiseFlags>
   1dd78:	00c12083          	lw	ra,12(sp)
   1dd7c:	fff00513          	li	a0,-1
   1dd80:	00050593          	mv	a1,a0
   1dd84:	01010113          	addi	sp,sp,16
   1dd88:	00008067          	ret
   1dd8c:	00150613          	addi	a2,a0,1
   1dd90:	00a637b3          	sltu	a5,a2,a0
   1dd94:	00b785b3          	add	a1,a5,a1
   1dd98:	00b667b3          	or	a5,a2,a1
   1dd9c:	00060513          	mv	a0,a2
   1dda0:	fc0784e3          	beqz	a5,1dd68 <softfloat_roundMToUI64+0xb4>
   1dda4:	800007b7          	lui	a5,0x80000
   1dda8:	faf81ee3          	bne	a6,a5,1dd64 <softfloat_roundMToUI64+0xb0>
   1ddac:	ffe67513          	andi	a0,a2,-2
   1ddb0:	f6070ee3          	beqz	a4,1dd2c <softfloat_roundMToUI64+0x78>
   1ddb4:	00b567b3          	or	a5,a0,a1
   1ddb8:	fa0798e3          	bnez	a5,1dd68 <softfloat_roundMToUI64+0xb4>
   1ddbc:	f20686e3          	beqz	a3,1dce8 <softfloat_roundMToUI64+0x34>
   1ddc0:	f71ff06f          	j	1dd30 <softfloat_roundMToUI64+0x7c>
   1ddc4:	00078513          	mv	a0,a5
   1ddc8:	00008067          	ret

0001ddcc <softfloat_roundPackToF32>:
   1ddcc:	fe010113          	addi	sp,sp,-32
   1ddd0:	01212823          	sw	s2,16(sp)
   1ddd4:	00001917          	auipc	s2,0x1
   1ddd8:	6a492903          	lw	s2,1700(s2) # 1f478 <softfloat_roundingMode>
   1dddc:	00812c23          	sw	s0,24(sp)
   1dde0:	00912a23          	sw	s1,20(sp)
   1dde4:	01412423          	sw	s4,8(sp)
   1dde8:	00112e23          	sw	ra,28(sp)
   1ddec:	01312623          	sw	s3,12(sp)
   1ddf0:	ffb97a13          	andi	s4,s2,-5
   1ddf4:	00050413          	mv	s0,a0
   1ddf8:	04000493          	li	s1,64
   1ddfc:	000a0c63          	beqz	s4,1de14 <softfloat_roundPackToF32+0x48>
   1de00:	00300793          	li	a5,3
   1de04:	40a787b3          	sub	a5,a5,a0
   1de08:	00100a13          	li	s4,1
   1de0c:	00000493          	li	s1,0
   1de10:	10f90663          	beq	s2,a5,1df1c <softfloat_roundPackToF32+0x150>
   1de14:	0fc00793          	li	a5,252
   1de18:	07f67993          	andi	s3,a2,127
   1de1c:	04b7f863          	bgeu	a5,a1,1de6c <softfloat_roundPackToF32+0xa0>
   1de20:	0c05c063          	bltz	a1,1dee0 <softfloat_roundPackToF32+0x114>
   1de24:	0fd00793          	li	a5,253
   1de28:	00f59663          	bne	a1,a5,1de34 <softfloat_roundPackToF32+0x68>
   1de2c:	00c484b3          	add	s1,s1,a2
   1de30:	0404d063          	bgez	s1,1de70 <softfloat_roundPackToF32+0xa4>
   1de34:	00500513          	li	a0,5
   1de38:	795000ef          	jal	1edcc <softfloat_raiseFlags>
   1de3c:	01c12083          	lw	ra,28(sp)
   1de40:	01f41513          	slli	a0,s0,0x1f
   1de44:	01812403          	lw	s0,24(sp)
   1de48:	7f8007b7          	lui	a5,0x7f800
   1de4c:	00f50533          	add	a0,a0,a5
   1de50:	01412483          	lw	s1,20(sp)
   1de54:	01012903          	lw	s2,16(sp)
   1de58:	00c12983          	lw	s3,12(sp)
   1de5c:	41450533          	sub	a0,a0,s4
   1de60:	00812a03          	lw	s4,8(sp)
   1de64:	02010113          	addi	sp,sp,32
   1de68:	00008067          	ret
   1de6c:	00c484b3          	add	s1,s1,a2
   1de70:	0074d493          	srli	s1,s1,0x7
   1de74:	02098863          	beqz	s3,1dea4 <softfloat_roundPackToF32+0xd8>
   1de78:	00001717          	auipc	a4,0x1
   1de7c:	5fc70713          	addi	a4,a4,1532 # 1f474 <softfloat_exceptionFlags>
   1de80:	00072783          	lw	a5,0(a4)
   1de84:	fc098993          	addi	s3,s3,-64
   1de88:	0019b993          	seqz	s3,s3
   1de8c:	00193913          	seqz	s2,s2
   1de90:	01397933          	and	s2,s2,s3
   1de94:	fff94913          	not	s2,s2
   1de98:	0017e793          	ori	a5,a5,1
   1de9c:	0124f4b3          	and	s1,s1,s2
   1dea0:	00f72023          	sw	a5,0(a4)
   1dea4:	00000793          	li	a5,0
   1dea8:	02049863          	bnez	s1,1ded8 <softfloat_roundPackToF32+0x10c>
   1deac:	01c12083          	lw	ra,28(sp)
   1deb0:	01f41513          	slli	a0,s0,0x1f
   1deb4:	01812403          	lw	s0,24(sp)
   1deb8:	00950533          	add	a0,a0,s1
   1debc:	01012903          	lw	s2,16(sp)
   1dec0:	01412483          	lw	s1,20(sp)
   1dec4:	00c12983          	lw	s3,12(sp)
   1dec8:	00812a03          	lw	s4,8(sp)
   1decc:	00f50533          	add	a0,a0,a5
   1ded0:	02010113          	addi	sp,sp,32
   1ded4:	00008067          	ret
   1ded8:	01759793          	slli	a5,a1,0x17
   1dedc:	fd1ff06f          	j	1deac <softfloat_roundPackToF32+0xe0>
   1dee0:	00001797          	auipc	a5,0x1
   1dee4:	5907a783          	lw	a5,1424(a5) # 1f470 <softfloat_detectTininess>
   1dee8:	04079063          	bnez	a5,1df28 <softfloat_roundPackToF32+0x15c>
   1deec:	40b005b3          	neg	a1,a1
   1def0:	00060513          	mv	a0,a2
   1def4:	644000ef          	jal	1e538 <softfloat_shiftRightJam32>
   1def8:	00a484b3          	add	s1,s1,a0
   1defc:	07f57993          	andi	s3,a0,127
   1df00:	0074d493          	srli	s1,s1,0x7
   1df04:	00000593          	li	a1,0
   1df08:	f8098ee3          	beqz	s3,1dea4 <softfloat_roundPackToF32+0xd8>
   1df0c:	00200513          	li	a0,2
   1df10:	6bd000ef          	jal	1edcc <softfloat_raiseFlags>
   1df14:	00000593          	li	a1,0
   1df18:	f61ff06f          	j	1de78 <softfloat_roundPackToF32+0xac>
   1df1c:	00000a13          	li	s4,0
   1df20:	07f00493          	li	s1,127
   1df24:	ef1ff06f          	j	1de14 <softfloat_roundPackToF32+0x48>
   1df28:	fff00793          	li	a5,-1
   1df2c:	fcf590e3          	bne	a1,a5,1deec <softfloat_roundPackToF32+0x120>
   1df30:	00c487b3          	add	a5,s1,a2
   1df34:	fa07dce3          	bgez	a5,1deec <softfloat_roundPackToF32+0x120>
   1df38:	00100593          	li	a1,1
   1df3c:	00060513          	mv	a0,a2
   1df40:	5f8000ef          	jal	1e538 <softfloat_shiftRightJam32>
   1df44:	00a484b3          	add	s1,s1,a0
   1df48:	07f57993          	andi	s3,a0,127
   1df4c:	00000593          	li	a1,0
   1df50:	f21ff06f          	j	1de70 <softfloat_roundPackToF32+0xa4>

0001df54 <softfloat_roundPackToF64>:
   1df54:	fd010113          	addi	sp,sp,-48
   1df58:	01612823          	sw	s6,16(sp)
   1df5c:	00001b17          	auipc	s6,0x1
   1df60:	51cb2b03          	lw	s6,1308(s6) # 1f478 <softfloat_roundingMode>
   1df64:	02912223          	sw	s1,36(sp)
   1df68:	03212023          	sw	s2,32(sp)
   1df6c:	01412c23          	sw	s4,24(sp)
   1df70:	02112623          	sw	ra,44(sp)
   1df74:	02812423          	sw	s0,40(sp)
   1df78:	01312e23          	sw	s3,28(sp)
   1df7c:	01512a23          	sw	s5,20(sp)
   1df80:	ffbb7713          	andi	a4,s6,-5
   1df84:	00050913          	mv	s2,a0
   1df88:	00058a13          	mv	s4,a1
   1df8c:	00060493          	mv	s1,a2
   1df90:	06070463          	beqz	a4,1dff8 <softfloat_roundPackToF64+0xa4>
   1df94:	00300793          	li	a5,3
   1df98:	40a787b3          	sub	a5,a5,a0
   1df9c:	00100993          	li	s3,1
   1dfa0:	00000413          	li	s0,0
   1dfa4:	16fb0863          	beq	s6,a5,1e114 <softfloat_roundPackToF64+0x1c0>
   1dfa8:	010a1793          	slli	a5,s4,0x10
   1dfac:	0107d793          	srli	a5,a5,0x10
   1dfb0:	7fc00713          	li	a4,2044
   1dfb4:	3ff4fa93          	andi	s5,s1,1023
   1dfb8:	04f77e63          	bgeu	a4,a5,1e014 <softfloat_roundPackToF64+0xc0>
   1dfbc:	100a4063          	bltz	s4,1e0bc <softfloat_roundPackToF64+0x168>
   1dfc0:	7fd00793          	li	a5,2045
   1dfc4:	00fa1a63          	bne	s4,a5,1dfd8 <softfloat_roundPackToF64+0x84>
   1dfc8:	00848433          	add	s0,s1,s0
   1dfcc:	009434b3          	sltu	s1,s0,s1
   1dfd0:	00d484b3          	add	s1,s1,a3
   1dfd4:	0404d663          	bgez	s1,1e020 <softfloat_roundPackToF64+0xcc>
   1dfd8:	00500513          	li	a0,5
   1dfdc:	5f1000ef          	jal	1edcc <softfloat_raiseFlags>
   1dfe0:	01f91593          	slli	a1,s2,0x1f
   1dfe4:	7ff007b7          	lui	a5,0x7ff00
   1dfe8:	00f585b3          	add	a1,a1,a5
   1dfec:	413585b3          	sub	a1,a1,s3
   1dff0:	41300533          	neg	a0,s3
   1dff4:	0940006f          	j	1e088 <softfloat_roundPackToF64+0x134>
   1dff8:	010a1793          	slli	a5,s4,0x10
   1dffc:	0107d793          	srli	a5,a5,0x10
   1e000:	7fc00713          	li	a4,2044
   1e004:	00000993          	li	s3,0
   1e008:	20000413          	li	s0,512
   1e00c:	3ff4fa93          	andi	s5,s1,1023
   1e010:	faf766e3          	bltu	a4,a5,1dfbc <softfloat_roundPackToF64+0x68>
   1e014:	00848433          	add	s0,s1,s0
   1e018:	009434b3          	sltu	s1,s0,s1
   1e01c:	00d484b3          	add	s1,s1,a3
   1e020:	01649793          	slli	a5,s1,0x16
   1e024:	00a45413          	srli	s0,s0,0xa
   1e028:	0087e433          	or	s0,a5,s0
   1e02c:	00a4d493          	srli	s1,s1,0xa
   1e030:	020a8863          	beqz	s5,1e060 <softfloat_roundPackToF64+0x10c>
   1e034:	00001697          	auipc	a3,0x1
   1e038:	44068693          	addi	a3,a3,1088 # 1f474 <softfloat_exceptionFlags>
   1e03c:	0006a703          	lw	a4,0(a3)
   1e040:	e00a8a93          	addi	s5,s5,-512
   1e044:	001aba93          	seqz	s5,s5
   1e048:	001b3793          	seqz	a5,s6
   1e04c:	0157f7b3          	and	a5,a5,s5
   1e050:	fff7c793          	not	a5,a5
   1e054:	00176713          	ori	a4,a4,1
   1e058:	00f47433          	and	s0,s0,a5
   1e05c:	00e6a023          	sw	a4,0(a3)
   1e060:	009467b3          	or	a5,s0,s1
   1e064:	04078663          	beqz	a5,1e0b0 <softfloat_roundPackToF64+0x15c>
   1e068:	014a1a13          	slli	s4,s4,0x14
   1e06c:	00000513          	li	a0,0
   1e070:	01f91913          	slli	s2,s2,0x1f
   1e074:	00990933          	add	s2,s2,s1
   1e078:	00a40533          	add	a0,s0,a0
   1e07c:	01490933          	add	s2,s2,s4
   1e080:	008535b3          	sltu	a1,a0,s0
   1e084:	012585b3          	add	a1,a1,s2
   1e088:	02c12083          	lw	ra,44(sp)
   1e08c:	02812403          	lw	s0,40(sp)
   1e090:	02412483          	lw	s1,36(sp)
   1e094:	02012903          	lw	s2,32(sp)
   1e098:	01c12983          	lw	s3,28(sp)
   1e09c:	01812a03          	lw	s4,24(sp)
   1e0a0:	01412a83          	lw	s5,20(sp)
   1e0a4:	01012b03          	lw	s6,16(sp)
   1e0a8:	03010113          	addi	sp,sp,48
   1e0ac:	00008067          	ret
   1e0b0:	00040513          	mv	a0,s0
   1e0b4:	00048a13          	mv	s4,s1
   1e0b8:	fb9ff06f          	j	1e070 <softfloat_roundPackToF64+0x11c>
   1e0bc:	00001797          	auipc	a5,0x1
   1e0c0:	3b47a783          	lw	a5,948(a5) # 1f470 <softfloat_detectTininess>
   1e0c4:	00078663          	beqz	a5,1e0d0 <softfloat_roundPackToF64+0x17c>
   1e0c8:	fff00793          	li	a5,-1
   1e0cc:	04fa0a63          	beq	s4,a5,1e120 <softfloat_roundPackToF64+0x1cc>
   1e0d0:	41400633          	neg	a2,s4
   1e0d4:	00048513          	mv	a0,s1
   1e0d8:	00068593          	mv	a1,a3
   1e0dc:	484000ef          	jal	1e560 <softfloat_shiftRightJam64>
   1e0e0:	008507b3          	add	a5,a0,s0
   1e0e4:	3ff57a93          	andi	s5,a0,1023
   1e0e8:	00a7b533          	sltu	a0,a5,a0
   1e0ec:	00b50533          	add	a0,a0,a1
   1e0f0:	00a7d413          	srli	s0,a5,0xa
   1e0f4:	01651793          	slli	a5,a0,0x16
   1e0f8:	0087e433          	or	s0,a5,s0
   1e0fc:	00a55493          	srli	s1,a0,0xa
   1e100:	00000a13          	li	s4,0
   1e104:	f40a8ee3          	beqz	s5,1e060 <softfloat_roundPackToF64+0x10c>
   1e108:	00200513          	li	a0,2
   1e10c:	4c1000ef          	jal	1edcc <softfloat_raiseFlags>
   1e110:	f25ff06f          	j	1e034 <softfloat_roundPackToF64+0xe0>
   1e114:	00000993          	li	s3,0
   1e118:	3ff00413          	li	s0,1023
   1e11c:	e8dff06f          	j	1dfa8 <softfloat_roundPackToF64+0x54>
   1e120:	00048513          	mv	a0,s1
   1e124:	00068593          	mv	a1,a3
   1e128:	00100613          	li	a2,1
   1e12c:	00d12623          	sw	a3,12(sp)
   1e130:	430000ef          	jal	1e560 <softfloat_shiftRightJam64>
   1e134:	00c12683          	lw	a3,12(sp)
   1e138:	008487b3          	add	a5,s1,s0
   1e13c:	0097b733          	sltu	a4,a5,s1
   1e140:	008507b3          	add	a5,a0,s0
   1e144:	00a7b4b3          	sltu	s1,a5,a0
   1e148:	00d70733          	add	a4,a4,a3
   1e14c:	00b484b3          	add	s1,s1,a1
   1e150:	00078413          	mv	s0,a5
   1e154:	3ff57a93          	andi	s5,a0,1023
   1e158:	00000a13          	li	s4,0
   1e15c:	ec0742e3          	bltz	a4,1e020 <softfloat_roundPackToF64+0xcc>
   1e160:	f89ff06f          	j	1e0e8 <softfloat_roundPackToF64+0x194>

0001e164 <softfloat_roundToI32>:
   1e164:	00001337          	lui	t1,0x1
   1e168:	fff30793          	addi	a5,t1,-1 # fff <_start-0xf001>
   1e16c:	00400e13          	li	t3,4
   1e170:	00050813          	mv	a6,a0
   1e174:	00f5f8b3          	and	a7,a1,a5
   1e178:	0dc68463          	beq	a3,t3,1e240 <softfloat_roundToI32+0xdc>
   1e17c:	04069863          	bnez	a3,1e1cc <softfloat_roundToI32+0x68>
   1e180:	000017b7          	lui	a5,0x1
   1e184:	80078793          	addi	a5,a5,-2048 # 800 <_start-0xf800>
   1e188:	00f587b3          	add	a5,a1,a5
   1e18c:	00b7b5b3          	sltu	a1,a5,a1
   1e190:	00c585b3          	add	a1,a1,a2
   1e194:	1065fa63          	bgeu	a1,t1,1e2a8 <softfloat_roundToI32+0x144>
   1e198:	01459593          	slli	a1,a1,0x14
   1e19c:	00c7d793          	srli	a5,a5,0xc
   1e1a0:	00f5e7b3          	or	a5,a1,a5
   1e1a4:	80088693          	addi	a3,a7,-2048
   1e1a8:	00078593          	mv	a1,a5
   1e1ac:	10068e63          	beqz	a3,1e2c8 <softfloat_roundToI32+0x164>
   1e1b0:	08081463          	bnez	a6,1e238 <softfloat_roundToI32+0xd4>
   1e1b4:	00058513          	mv	a0,a1
   1e1b8:	00058663          	beqz	a1,1e1c4 <softfloat_roundToI32+0x60>
   1e1bc:	01f5d793          	srli	a5,a1,0x1f
   1e1c0:	0f079463          	bne	a5,a6,1e2a8 <softfloat_roundToI32+0x144>
   1e1c4:	02089a63          	bnez	a7,1e1f8 <softfloat_roundToI32+0x94>
   1e1c8:	00008067          	ret
   1e1cc:	0a050263          	beqz	a0,1e270 <softfloat_roundToI32+0x10c>
   1e1d0:	00200513          	li	a0,2
   1e1d4:	04a68063          	beq	a3,a0,1e214 <softfloat_roundToI32+0xb0>
   1e1d8:	0c667863          	bgeu	a2,t1,1e2a8 <softfloat_roundToI32+0x144>
   1e1dc:	01461613          	slli	a2,a2,0x14
   1e1e0:	00c5d593          	srli	a1,a1,0xc
   1e1e4:	80088793          	addi	a5,a7,-2048
   1e1e8:	00b665b3          	or	a1,a2,a1
   1e1ec:	04079663          	bnez	a5,1e238 <softfloat_roundToI32+0xd4>
   1e1f0:	40b00533          	neg	a0,a1
   1e1f4:	0e059263          	bnez	a1,1e2d8 <softfloat_roundToI32+0x174>
   1e1f8:	fc0708e3          	beqz	a4,1e1c8 <softfloat_roundToI32+0x64>
   1e1fc:	00001717          	auipc	a4,0x1
   1e200:	27870713          	addi	a4,a4,632 # 1f474 <softfloat_exceptionFlags>
   1e204:	00072783          	lw	a5,0(a4)
   1e208:	0017e793          	ori	a5,a5,1
   1e20c:	00f72023          	sw	a5,0(a4)
   1e210:	00008067          	ret
   1e214:	00f586b3          	add	a3,a1,a5
   1e218:	00b6b7b3          	sltu	a5,a3,a1
   1e21c:	00c787b3          	add	a5,a5,a2
   1e220:	0867f463          	bgeu	a5,t1,1e2a8 <softfloat_roundToI32+0x144>
   1e224:	01479793          	slli	a5,a5,0x14
   1e228:	00c6d693          	srli	a3,a3,0xc
   1e22c:	80088613          	addi	a2,a7,-2048
   1e230:	00d7e5b3          	or	a1,a5,a3
   1e234:	fa060ee3          	beqz	a2,1e1f0 <softfloat_roundToI32+0x8c>
   1e238:	40b005b3          	neg	a1,a1
   1e23c:	f79ff06f          	j	1e1b4 <softfloat_roundToI32+0x50>
   1e240:	80030793          	addi	a5,t1,-2048
   1e244:	00f587b3          	add	a5,a1,a5
   1e248:	00b7b5b3          	sltu	a1,a5,a1
   1e24c:	00c58633          	add	a2,a1,a2
   1e250:	04667c63          	bgeu	a2,t1,1e2a8 <softfloat_roundToI32+0x144>
   1e254:	01461593          	slli	a1,a2,0x14
   1e258:	00c7d793          	srli	a5,a5,0xc
   1e25c:	80088693          	addi	a3,a7,-2048
   1e260:	00f5e5b3          	or	a1,a1,a5
   1e264:	f40696e3          	bnez	a3,1e1b0 <softfloat_roundToI32+0x4c>
   1e268:	f80514e3          	bnez	a0,1e1f0 <softfloat_roundToI32+0x8c>
   1e26c:	0300006f          	j	1e29c <softfloat_roundToI32+0x138>
   1e270:	00300513          	li	a0,3
   1e274:	06a69e63          	bne	a3,a0,1e2f0 <softfloat_roundToI32+0x18c>
   1e278:	00f587b3          	add	a5,a1,a5
   1e27c:	00b7b5b3          	sltu	a1,a5,a1
   1e280:	00c58633          	add	a2,a1,a2
   1e284:	02667263          	bgeu	a2,t1,1e2a8 <softfloat_roundToI32+0x144>
   1e288:	01461593          	slli	a1,a2,0x14
   1e28c:	00c7d793          	srli	a5,a5,0xc
   1e290:	80088693          	addi	a3,a7,-2048
   1e294:	00f5e5b3          	or	a1,a1,a5
   1e298:	f0069ee3          	bnez	a3,1e1b4 <softfloat_roundToI32+0x50>
   1e29c:	00058513          	mv	a0,a1
   1e2a0:	f4058ce3          	beqz	a1,1e1f8 <softfloat_roundToI32+0x94>
   1e2a4:	f4055ae3          	bgez	a0,1e1f8 <softfloat_roundToI32+0x94>
   1e2a8:	ff010113          	addi	sp,sp,-16
   1e2ac:	01000513          	li	a0,16
   1e2b0:	00112623          	sw	ra,12(sp)
   1e2b4:	319000ef          	jal	1edcc <softfloat_raiseFlags>
   1e2b8:	00c12083          	lw	ra,12(sp)
   1e2bc:	80000537          	lui	a0,0x80000
   1e2c0:	01010113          	addi	sp,sp,16
   1e2c4:	00008067          	ret
   1e2c8:	ffe7f793          	andi	a5,a5,-2
   1e2cc:	00050a63          	beqz	a0,1e2e0 <softfloat_roundToI32+0x17c>
   1e2d0:	40f00533          	neg	a0,a5
   1e2d4:	f20782e3          	beqz	a5,1e1f8 <softfloat_roundToI32+0x94>
   1e2d8:	f20540e3          	bltz	a0,1e1f8 <softfloat_roundToI32+0x94>
   1e2dc:	fcdff06f          	j	1e2a8 <softfloat_roundToI32+0x144>
   1e2e0:	00078513          	mv	a0,a5
   1e2e4:	f0078ae3          	beqz	a5,1e1f8 <softfloat_roundToI32+0x94>
   1e2e8:	f00558e3          	bgez	a0,1e1f8 <softfloat_roundToI32+0x94>
   1e2ec:	fbdff06f          	j	1e2a8 <softfloat_roundToI32+0x144>
   1e2f0:	fa667ce3          	bgeu	a2,t1,1e2a8 <softfloat_roundToI32+0x144>
   1e2f4:	01461613          	slli	a2,a2,0x14
   1e2f8:	00c5d593          	srli	a1,a1,0xc
   1e2fc:	80088793          	addi	a5,a7,-2048
   1e300:	00b665b3          	or	a1,a2,a1
   1e304:	ea0798e3          	bnez	a5,1e1b4 <softfloat_roundToI32+0x50>
   1e308:	f95ff06f          	j	1e29c <softfloat_roundToI32+0x138>

0001e30c <softfloat_roundToUI32>:
   1e30c:	00400793          	li	a5,4
   1e310:	00050813          	mv	a6,a0
   1e314:	0cf68e63          	beq	a3,a5,1e3f0 <softfloat_roundToUI32+0xe4>
   1e318:	04069663          	bnez	a3,1e364 <softfloat_roundToUI32+0x58>
   1e31c:	000016b7          	lui	a3,0x1
   1e320:	80068693          	addi	a3,a3,-2048 # 800 <_start-0xf800>
   1e324:	00d586b3          	add	a3,a1,a3
   1e328:	00b6b7b3          	sltu	a5,a3,a1
   1e32c:	00001537          	lui	a0,0x1
   1e330:	00c78633          	add	a2,a5,a2
   1e334:	fff50793          	addi	a5,a0,-1 # fff <_start-0xf001>
   1e338:	00f5f7b3          	and	a5,a1,a5
   1e33c:	08a67a63          	bgeu	a2,a0,1e3d0 <softfloat_roundToUI32+0xc4>
   1e340:	01461613          	slli	a2,a2,0x14
   1e344:	00c6d693          	srli	a3,a3,0xc
   1e348:	80078593          	addi	a1,a5,-2048
   1e34c:	00d66533          	or	a0,a2,a3
   1e350:	10058c63          	beqz	a1,1e468 <softfloat_roundToUI32+0x15c>
   1e354:	00080463          	beqz	a6,1e35c <softfloat_roundToUI32+0x50>
   1e358:	06051c63          	bnez	a0,1e3d0 <softfloat_roundToUI32+0xc4>
   1e35c:	04079463          	bnez	a5,1e3a4 <softfloat_roundToUI32+0x98>
   1e360:	00008067          	ret
   1e364:	0c050863          	beqz	a0,1e434 <softfloat_roundToUI32+0x128>
   1e368:	00c5e7b3          	or	a5,a1,a2
   1e36c:	00000513          	li	a0,0
   1e370:	fe0788e3          	beqz	a5,1e360 <softfloat_roundToUI32+0x54>
   1e374:	00200793          	li	a5,2
   1e378:	04f68c63          	beq	a3,a5,1e3d0 <softfloat_roundToUI32+0xc4>
   1e37c:	000016b7          	lui	a3,0x1
   1e380:	fff68793          	addi	a5,a3,-1 # fff <_start-0xf001>
   1e384:	00f5f7b3          	and	a5,a1,a5
   1e388:	04d67463          	bgeu	a2,a3,1e3d0 <softfloat_roundToUI32+0xc4>
   1e38c:	01461613          	slli	a2,a2,0x14
   1e390:	00c5d593          	srli	a1,a1,0xc
   1e394:	80078693          	addi	a3,a5,-2048
   1e398:	00b66533          	or	a0,a2,a1
   1e39c:	fa069ee3          	bnez	a3,1e358 <softfloat_roundToUI32+0x4c>
   1e3a0:	02051863          	bnez	a0,1e3d0 <softfloat_roundToUI32+0xc4>
   1e3a4:	fa070ee3          	beqz	a4,1e360 <softfloat_roundToUI32+0x54>
   1e3a8:	00001717          	auipc	a4,0x1
   1e3ac:	0cc70713          	addi	a4,a4,204 # 1f474 <softfloat_exceptionFlags>
   1e3b0:	00072783          	lw	a5,0(a4)
   1e3b4:	0017e793          	ori	a5,a5,1
   1e3b8:	00f72023          	sw	a5,0(a4)
   1e3bc:	00008067          	ret
   1e3c0:	00a586b3          	add	a3,a1,a0
   1e3c4:	00b6b5b3          	sltu	a1,a3,a1
   1e3c8:	00c58633          	add	a2,a1,a2
   1e3cc:	0b066663          	bltu	a2,a6,1e478 <softfloat_roundToUI32+0x16c>
   1e3d0:	ff010113          	addi	sp,sp,-16
   1e3d4:	01000513          	li	a0,16
   1e3d8:	00112623          	sw	ra,12(sp)
   1e3dc:	1f1000ef          	jal	1edcc <softfloat_raiseFlags>
   1e3e0:	00c12083          	lw	ra,12(sp)
   1e3e4:	fff00513          	li	a0,-1
   1e3e8:	01010113          	addi	sp,sp,16
   1e3ec:	00008067          	ret
   1e3f0:	000016b7          	lui	a3,0x1
   1e3f4:	80068693          	addi	a3,a3,-2048 # 800 <_start-0xf800>
   1e3f8:	00d586b3          	add	a3,a1,a3
   1e3fc:	00b6b7b3          	sltu	a5,a3,a1
   1e400:	00001537          	lui	a0,0x1
   1e404:	00c78633          	add	a2,a5,a2
   1e408:	fff50793          	addi	a5,a0,-1 # fff <_start-0xf001>
   1e40c:	00f5f7b3          	and	a5,a1,a5
   1e410:	fca670e3          	bgeu	a2,a0,1e3d0 <softfloat_roundToUI32+0xc4>
   1e414:	01461613          	slli	a2,a2,0x14
   1e418:	00c6d693          	srli	a3,a3,0xc
   1e41c:	80078593          	addi	a1,a5,-2048
   1e420:	00d66533          	or	a0,a2,a3
   1e424:	f20598e3          	bnez	a1,1e354 <softfloat_roundToUI32+0x48>
   1e428:	f6080ee3          	beqz	a6,1e3a4 <softfloat_roundToUI32+0x98>
   1e42c:	f6050ce3          	beqz	a0,1e3a4 <softfloat_roundToUI32+0x98>
   1e430:	fa1ff06f          	j	1e3d0 <softfloat_roundToUI32+0xc4>
   1e434:	00001837          	lui	a6,0x1
   1e438:	fff80513          	addi	a0,a6,-1 # fff <_start-0xf001>
   1e43c:	00300893          	li	a7,3
   1e440:	00a5f7b3          	and	a5,a1,a0
   1e444:	f7168ee3          	beq	a3,a7,1e3c0 <softfloat_roundToUI32+0xb4>
   1e448:	f90674e3          	bgeu	a2,a6,1e3d0 <softfloat_roundToUI32+0xc4>
   1e44c:	01461613          	slli	a2,a2,0x14
   1e450:	00c5d593          	srli	a1,a1,0xc
   1e454:	80078693          	addi	a3,a5,-2048
   1e458:	00b66533          	or	a0,a2,a1
   1e45c:	f40684e3          	beqz	a3,1e3a4 <softfloat_roundToUI32+0x98>
   1e460:	f00780e3          	beqz	a5,1e360 <softfloat_roundToUI32+0x54>
   1e464:	f41ff06f          	j	1e3a4 <softfloat_roundToUI32+0x98>
   1e468:	ffe57513          	andi	a0,a0,-2
   1e46c:	f2080ce3          	beqz	a6,1e3a4 <softfloat_roundToUI32+0x98>
   1e470:	f2050ae3          	beqz	a0,1e3a4 <softfloat_roundToUI32+0x98>
   1e474:	f5dff06f          	j	1e3d0 <softfloat_roundToUI32+0xc4>
   1e478:	01461513          	slli	a0,a2,0x14
   1e47c:	00c6d693          	srli	a3,a3,0xc
   1e480:	80078613          	addi	a2,a5,-2048
   1e484:	00d56533          	or	a0,a0,a3
   1e488:	f0060ee3          	beqz	a2,1e3a4 <softfloat_roundToUI32+0x98>
   1e48c:	ec078ae3          	beqz	a5,1e360 <softfloat_roundToUI32+0x54>
   1e490:	f15ff06f          	j	1e3a4 <softfloat_roundToUI32+0x98>

0001e494 <softfloat_shiftLeftM>:
   1e494:	ff010113          	addi	sp,sp,-16
   1e498:	00812423          	sw	s0,8(sp)
   1e49c:	00912223          	sw	s1,4(sp)
   1e4a0:	00112623          	sw	ra,12(sp)
   1e4a4:	00565493          	srli	s1,a2,0x5
   1e4a8:	00068413          	mv	s0,a3
   1e4ac:	04a4f663          	bgeu	s1,a0,1e4f8 <softfloat_shiftLeftM+0x64>
   1e4b0:	01f67613          	andi	a2,a2,31
   1e4b4:	40950833          	sub	a6,a0,s1
   1e4b8:	06061263          	bnez	a2,1e51c <softfloat_shiftLeftM+0x88>
   1e4bc:	400006b7          	lui	a3,0x40000
   1e4c0:	fff68693          	addi	a3,a3,-1 # 3fffffff <_float_lib_entry+0x3fefffff>
   1e4c4:	00d507b3          	add	a5,a0,a3
   1e4c8:	00d806b3          	add	a3,a6,a3
   1e4cc:	00279793          	slli	a5,a5,0x2
   1e4d0:	00269693          	slli	a3,a3,0x2
   1e4d4:	00f407b3          	add	a5,s0,a5
   1e4d8:	00d58733          	add	a4,a1,a3
   1e4dc:	00072683          	lw	a3,0(a4)
   1e4e0:	fff80813          	addi	a6,a6,-1
   1e4e4:	ffc70713          	addi	a4,a4,-4
   1e4e8:	00d7a023          	sw	a3,0(a5)
   1e4ec:	ffc78793          	addi	a5,a5,-4
   1e4f0:	fe0816e3          	bnez	a6,1e4dc <softfloat_shiftLeftM+0x48>
   1e4f4:	00048513          	mv	a0,s1
   1e4f8:	fff50513          	addi	a0,a0,-1
   1e4fc:	00042023          	sw	zero,0(s0)
   1e500:	00440413          	addi	s0,s0,4
   1e504:	fe051ae3          	bnez	a0,1e4f8 <softfloat_shiftLeftM+0x64>
   1e508:	00c12083          	lw	ra,12(sp)
   1e50c:	00812403          	lw	s0,8(sp)
   1e510:	00412483          	lw	s1,4(sp)
   1e514:	01010113          	addi	sp,sp,16
   1e518:	00008067          	ret
   1e51c:	00249693          	slli	a3,s1,0x2
   1e520:	00080513          	mv	a0,a6
   1e524:	00d406b3          	add	a3,s0,a3
   1e528:	1bc000ef          	jal	1e6e4 <softfloat_shortShiftLeftM>
   1e52c:	fc048ee3          	beqz	s1,1e508 <softfloat_shiftLeftM+0x74>
   1e530:	00048513          	mv	a0,s1
   1e534:	fc5ff06f          	j	1e4f8 <softfloat_shiftLeftM+0x64>

0001e538 <softfloat_shiftRightJam32>:
   1e538:	01e00793          	li	a5,30
   1e53c:	00b7ee63          	bltu	a5,a1,1e558 <softfloat_shiftRightJam32+0x20>
   1e540:	40b007b3          	neg	a5,a1
   1e544:	00f517b3          	sll	a5,a0,a5
   1e548:	00f037b3          	snez	a5,a5
   1e54c:	00b55533          	srl	a0,a0,a1
   1e550:	00a7e533          	or	a0,a5,a0
   1e554:	00008067          	ret
   1e558:	00a03533          	snez	a0,a0
   1e55c:	00008067          	ret

0001e560 <softfloat_shiftRightJam64>:
   1e560:	03e00793          	li	a5,62
   1e564:	02c7ee63          	bltu	a5,a2,1e5a0 <softfloat_shiftRightJam64+0x40>
   1e568:	40c007b3          	neg	a5,a2
   1e56c:	03f7f793          	andi	a5,a5,63
   1e570:	fe078713          	addi	a4,a5,-32
   1e574:	02074e63          	bltz	a4,1e5b0 <softfloat_shiftRightJam64+0x50>
   1e578:	00e51733          	sll	a4,a0,a4
   1e57c:	00000793          	li	a5,0
   1e580:	00e7e7b3          	or	a5,a5,a4
   1e584:	fe060713          	addi	a4,a2,-32 # 7f7fffe0 <_float_lib_entry+0x7f6fffe0>
   1e588:	00f037b3          	snez	a5,a5
   1e58c:	04074863          	bltz	a4,1e5dc <softfloat_shiftRightJam64+0x7c>
   1e590:	00e5d533          	srl	a0,a1,a4
   1e594:	00a7e533          	or	a0,a5,a0
   1e598:	00000593          	li	a1,0
   1e59c:	00008067          	ret
   1e5a0:	00b56533          	or	a0,a0,a1
   1e5a4:	00a03533          	snez	a0,a0
   1e5a8:	00000593          	li	a1,0
   1e5ac:	00008067          	ret
   1e5b0:	01f00713          	li	a4,31
   1e5b4:	40f70733          	sub	a4,a4,a5
   1e5b8:	00155693          	srli	a3,a0,0x1
   1e5bc:	00e6d6b3          	srl	a3,a3,a4
   1e5c0:	00f59733          	sll	a4,a1,a5
   1e5c4:	00e6e733          	or	a4,a3,a4
   1e5c8:	00f517b3          	sll	a5,a0,a5
   1e5cc:	00e7e7b3          	or	a5,a5,a4
   1e5d0:	fe060713          	addi	a4,a2,-32
   1e5d4:	00f037b3          	snez	a5,a5
   1e5d8:	fa075ce3          	bgez	a4,1e590 <softfloat_shiftRightJam64+0x30>
   1e5dc:	01f00693          	li	a3,31
   1e5e0:	40c686b3          	sub	a3,a3,a2
   1e5e4:	00159713          	slli	a4,a1,0x1
   1e5e8:	00c55533          	srl	a0,a0,a2
   1e5ec:	00d71733          	sll	a4,a4,a3
   1e5f0:	00a76533          	or	a0,a4,a0
   1e5f4:	00c5d5b3          	srl	a1,a1,a2
   1e5f8:	00a7e533          	or	a0,a5,a0
   1e5fc:	00008067          	ret

0001e600 <softfloat_shiftRightJamM>:
   1e600:	fe010113          	addi	sp,sp,-32
   1e604:	00812c23          	sw	s0,24(sp)
   1e608:	00912a23          	sw	s1,20(sp)
   1e60c:	00112e23          	sw	ra,28(sp)
   1e610:	00565413          	srli	s0,a2,0x5
   1e614:	00000493          	li	s1,0
   1e618:	02040663          	beqz	s0,1e644 <softfloat_shiftRightJamM+0x44>
   1e61c:	0a856263          	bltu	a0,s0,1e6c0 <softfloat_shiftRightJamM+0xc0>
   1e620:	00040713          	mv	a4,s0
   1e624:	00058793          	mv	a5,a1
   1e628:	0080006f          	j	1e630 <softfloat_shiftRightJamM+0x30>
   1e62c:	00070a63          	beqz	a4,1e640 <softfloat_shiftRightJamM+0x40>
   1e630:	0007a483          	lw	s1,0(a5)
   1e634:	00478793          	addi	a5,a5,4
   1e638:	fff70713          	addi	a4,a4,-1
   1e63c:	fe0488e3          	beqz	s1,1e62c <softfloat_shiftRightJamM+0x2c>
   1e640:	00068793          	mv	a5,a3
   1e644:	04a47463          	bgeu	s0,a0,1e68c <softfloat_shiftRightJamM+0x8c>
   1e648:	00241793          	slli	a5,s0,0x2
   1e64c:	01212823          	sw	s2,16(sp)
   1e650:	01f67613          	andi	a2,a2,31
   1e654:	40850933          	sub	s2,a0,s0
   1e658:	00f585b3          	add	a1,a1,a5
   1e65c:	00090713          	mv	a4,s2
   1e660:	00068793          	mv	a5,a3
   1e664:	06061263          	bnez	a2,1e6c8 <softfloat_shiftRightJamM+0xc8>
   1e668:	0005a603          	lw	a2,0(a1)
   1e66c:	fff70713          	addi	a4,a4,-1
   1e670:	00458593          	addi	a1,a1,4
   1e674:	00c7a023          	sw	a2,0(a5)
   1e678:	00478793          	addi	a5,a5,4
   1e67c:	fe0716e3          	bnez	a4,1e668 <softfloat_shiftRightJamM+0x68>
   1e680:	00291513          	slli	a0,s2,0x2
   1e684:	01012903          	lw	s2,16(sp)
   1e688:	00a687b3          	add	a5,a3,a0
   1e68c:	fff40413          	addi	s0,s0,-1
   1e690:	0007a023          	sw	zero,0(a5)
   1e694:	00478793          	addi	a5,a5,4
   1e698:	fe041ae3          	bnez	s0,1e68c <softfloat_shiftRightJamM+0x8c>
   1e69c:	00048863          	beqz	s1,1e6ac <softfloat_shiftRightJamM+0xac>
   1e6a0:	0006a783          	lw	a5,0(a3)
   1e6a4:	0017e793          	ori	a5,a5,1
   1e6a8:	00f6a023          	sw	a5,0(a3)
   1e6ac:	01c12083          	lw	ra,28(sp)
   1e6b0:	01812403          	lw	s0,24(sp)
   1e6b4:	01412483          	lw	s1,20(sp)
   1e6b8:	02010113          	addi	sp,sp,32
   1e6bc:	00008067          	ret
   1e6c0:	00050413          	mv	s0,a0
   1e6c4:	f5dff06f          	j	1e620 <softfloat_shiftRightJamM+0x20>
   1e6c8:	00090513          	mv	a0,s2
   1e6cc:	00d12623          	sw	a3,12(sp)
   1e6d0:	110000ef          	jal	1e7e0 <softfloat_shortShiftRightJamM>
   1e6d4:	00c12683          	lw	a3,12(sp)
   1e6d8:	fa0414e3          	bnez	s0,1e680 <softfloat_shiftRightJamM+0x80>
   1e6dc:	01012903          	lw	s2,16(sp)
   1e6e0:	fbdff06f          	j	1e69c <softfloat_shiftRightJamM+0x9c>

0001e6e4 <softfloat_shortShiftLeftM>:
   1e6e4:	fff50793          	addi	a5,a0,-1
   1e6e8:	00279713          	slli	a4,a5,0x2
   1e6ec:	00e58833          	add	a6,a1,a4
   1e6f0:	00082883          	lw	a7,0(a6)
   1e6f4:	40c00333          	neg	t1,a2
   1e6f8:	00c898b3          	sll	a7,a7,a2
   1e6fc:	02078c63          	beqz	a5,1e734 <softfloat_shortShiftLeftM+0x50>
   1e700:	00251513          	slli	a0,a0,0x2
   1e704:	00b507b3          	add	a5,a0,a1
   1e708:	01f37313          	andi	t1,t1,31
   1e70c:	00e68533          	add	a0,a3,a4
   1e710:	00458593          	addi	a1,a1,4
   1e714:	ff87a803          	lw	a6,-8(a5)
   1e718:	ffc78793          	addi	a5,a5,-4
   1e71c:	ffc50513          	addi	a0,a0,-4
   1e720:	00685733          	srl	a4,a6,t1
   1e724:	01176733          	or	a4,a4,a7
   1e728:	00e52223          	sw	a4,4(a0)
   1e72c:	00c818b3          	sll	a7,a6,a2
   1e730:	feb792e3          	bne	a5,a1,1e714 <softfloat_shortShiftLeftM+0x30>
   1e734:	0116a023          	sw	a7,0(a3)
   1e738:	00008067          	ret

0001e73c <softfloat_shortShiftRightJam64>:
   1e73c:	fe060693          	addi	a3,a2,-32
   1e740:	0206ce63          	bltz	a3,1e77c <softfloat_shortShiftRightJam64+0x40>
   1e744:	fff00713          	li	a4,-1
   1e748:	00d71733          	sll	a4,a4,a3
   1e74c:	00000793          	li	a5,0
   1e750:	fff7c793          	not	a5,a5
   1e754:	fff74713          	not	a4,a4
   1e758:	00a7f7b3          	and	a5,a5,a0
   1e75c:	00b77733          	and	a4,a4,a1
   1e760:	00e7e7b3          	or	a5,a5,a4
   1e764:	00f037b3          	snez	a5,a5
   1e768:	0406ca63          	bltz	a3,1e7bc <softfloat_shortShiftRightJam64+0x80>
   1e76c:	00d5d533          	srl	a0,a1,a3
   1e770:	00a7e533          	or	a0,a5,a0
   1e774:	00000593          	li	a1,0
   1e778:	00008067          	ret
   1e77c:	01f00713          	li	a4,31
   1e780:	80000837          	lui	a6,0x80000
   1e784:	40c70733          	sub	a4,a4,a2
   1e788:	fff00793          	li	a5,-1
   1e78c:	fff80813          	addi	a6,a6,-1 # 7fffffff <_float_lib_entry+0x7fefffff>
   1e790:	00e85833          	srl	a6,a6,a4
   1e794:	00c79733          	sll	a4,a5,a2
   1e798:	00e86733          	or	a4,a6,a4
   1e79c:	00c797b3          	sll	a5,a5,a2
   1e7a0:	fff7c793          	not	a5,a5
   1e7a4:	fff74713          	not	a4,a4
   1e7a8:	00a7f7b3          	and	a5,a5,a0
   1e7ac:	00b77733          	and	a4,a4,a1
   1e7b0:	00e7e7b3          	or	a5,a5,a4
   1e7b4:	00f037b3          	snez	a5,a5
   1e7b8:	fa06dae3          	bgez	a3,1e76c <softfloat_shortShiftRightJam64+0x30>
   1e7bc:	01f00693          	li	a3,31
   1e7c0:	40c686b3          	sub	a3,a3,a2
   1e7c4:	00159713          	slli	a4,a1,0x1
   1e7c8:	00c55533          	srl	a0,a0,a2
   1e7cc:	00d71733          	sll	a4,a4,a3
   1e7d0:	00a76533          	or	a0,a4,a0
   1e7d4:	00c5d5b3          	srl	a1,a1,a2
   1e7d8:	00a7e533          	or	a0,a5,a0
   1e7dc:	00008067          	ret

0001e7e0 <softfloat_shortShiftRightJamM>:
   1e7e0:	0005a783          	lw	a5,0(a1)
   1e7e4:	40c00333          	neg	t1,a2
   1e7e8:	fff50e13          	addi	t3,a0,-1
   1e7ec:	00c7d833          	srl	a6,a5,a2
   1e7f0:	00c81733          	sll	a4,a6,a2
   1e7f4:	00f70463          	beq	a4,a5,1e7fc <softfloat_shortShiftRightJamM+0x1c>
   1e7f8:	00186813          	ori	a6,a6,1
   1e7fc:	040e0063          	beqz	t3,1e83c <softfloat_shortShiftRightJamM+0x5c>
   1e800:	00251513          	slli	a0,a0,0x2
   1e804:	00a588b3          	add	a7,a1,a0
   1e808:	01f37313          	andi	t1,t1,31
   1e80c:	00458593          	addi	a1,a1,4
   1e810:	00068713          	mv	a4,a3
   1e814:	0005a503          	lw	a0,0(a1)
   1e818:	00458593          	addi	a1,a1,4
   1e81c:	00470713          	addi	a4,a4,4
   1e820:	006517b3          	sll	a5,a0,t1
   1e824:	0107e7b3          	or	a5,a5,a6
   1e828:	fef72e23          	sw	a5,-4(a4)
   1e82c:	00c55833          	srl	a6,a0,a2
   1e830:	ff1592e3          	bne	a1,a7,1e814 <softfloat_shortShiftRightJamM+0x34>
   1e834:	002e1e13          	slli	t3,t3,0x2
   1e838:	01c686b3          	add	a3,a3,t3
   1e83c:	0106a023          	sw	a6,0(a3)
   1e840:	00008067          	ret

0001e844 <softfloat_shortShiftRightM>:
   1e844:	0005a803          	lw	a6,0(a1)
   1e848:	fff50e13          	addi	t3,a0,-1
   1e84c:	40c00333          	neg	t1,a2
   1e850:	00c85833          	srl	a6,a6,a2
   1e854:	040e0063          	beqz	t3,1e894 <softfloat_shortShiftRightM+0x50>
   1e858:	00251513          	slli	a0,a0,0x2
   1e85c:	00a588b3          	add	a7,a1,a0
   1e860:	01f37313          	andi	t1,t1,31
   1e864:	00458593          	addi	a1,a1,4
   1e868:	00068713          	mv	a4,a3
   1e86c:	0005a503          	lw	a0,0(a1)
   1e870:	00458593          	addi	a1,a1,4
   1e874:	00470713          	addi	a4,a4,4
   1e878:	006517b3          	sll	a5,a0,t1
   1e87c:	0107e7b3          	or	a5,a5,a6
   1e880:	fef72e23          	sw	a5,-4(a4)
   1e884:	00c55833          	srl	a6,a0,a2
   1e888:	feb892e3          	bne	a7,a1,1e86c <softfloat_shortShiftRightM+0x28>
   1e88c:	002e1e13          	slli	t3,t3,0x2
   1e890:	01c686b3          	add	a3,a3,t3
   1e894:	0106a023          	sw	a6,0(a3)
   1e898:	00008067          	ret

0001e89c <softfloat_subM>:
   1e89c:	0005a783          	lw	a5,0(a1)
   1e8a0:	00062703          	lw	a4,0(a2)
   1e8a4:	40e78833          	sub	a6,a5,a4
   1e8a8:	0106a023          	sw	a6,0(a3)
   1e8ac:	00100813          	li	a6,1
   1e8b0:	05050a63          	beq	a0,a6,1e904 <softfloat_subM+0x68>
   1e8b4:	00251513          	slli	a0,a0,0x2
   1e8b8:	00a588b3          	add	a7,a1,a0
   1e8bc:	00460613          	addi	a2,a2,4
   1e8c0:	00458593          	addi	a1,a1,4
   1e8c4:	00468693          	addi	a3,a3,4
   1e8c8:	00000813          	li	a6,0
   1e8cc:	00f73333          	sltu	t1,a4,a5
   1e8d0:	00e7b533          	sltu	a0,a5,a4
   1e8d4:	00080463          	beqz	a6,1e8dc <softfloat_subM+0x40>
   1e8d8:	00134513          	xori	a0,t1,1
   1e8dc:	0005a783          	lw	a5,0(a1)
   1e8e0:	00062703          	lw	a4,0(a2)
   1e8e4:	00050813          	mv	a6,a0
   1e8e8:	00458593          	addi	a1,a1,4
   1e8ec:	40e78533          	sub	a0,a5,a4
   1e8f0:	41050533          	sub	a0,a0,a6
   1e8f4:	00a6a023          	sw	a0,0(a3)
   1e8f8:	00460613          	addi	a2,a2,4
   1e8fc:	00468693          	addi	a3,a3,4
   1e900:	fcb896e3          	bne	a7,a1,1e8cc <softfloat_subM+0x30>
   1e904:	00008067          	ret

0001e908 <softfloat_subMagsF32>:
   1e908:	fe010113          	addi	sp,sp,-32
   1e90c:	01755713          	srli	a4,a0,0x17
   1e910:	0175d693          	srli	a3,a1,0x17
   1e914:	008007b7          	lui	a5,0x800
   1e918:	fff78793          	addi	a5,a5,-1 # 7fffff <_float_lib_entry+0x6fffff>
   1e91c:	01212823          	sw	s2,16(sp)
   1e920:	0ff77713          	zext.b	a4,a4
   1e924:	0ff6f693          	zext.b	a3,a3
   1e928:	00112e23          	sw	ra,28(sp)
   1e92c:	00f57633          	and	a2,a0,a5
   1e930:	40d70933          	sub	s2,a4,a3
   1e934:	00f5f7b3          	and	a5,a1,a5
   1e938:	08d71063          	bne	a4,a3,1e9b8 <softfloat_subMagsF32+0xb0>
   1e93c:	0ff00693          	li	a3,255
   1e940:	12d70263          	beq	a4,a3,1ea64 <softfloat_subMagsF32+0x15c>
   1e944:	00812c23          	sw	s0,24(sp)
   1e948:	40f60433          	sub	s0,a2,a5
   1e94c:	12f60c63          	beq	a2,a5,1ea84 <softfloat_subMagsF32+0x17c>
   1e950:	00912a23          	sw	s1,20(sp)
   1e954:	00070463          	beqz	a4,1e95c <softfloat_subMagsF32+0x54>
   1e958:	fff70913          	addi	s2,a4,-1
   1e95c:	01f55493          	srli	s1,a0,0x1f
   1e960:	00045863          	bgez	s0,1e970 <softfloat_subMagsF32+0x68>
   1e964:	fff54513          	not	a0,a0
   1e968:	01f55493          	srli	s1,a0,0x1f
   1e96c:	40800433          	neg	s0,s0
   1e970:	00040513          	mv	a0,s0
   1e974:	f55fd0ef          	jal	1c8c8 <softfloat_countLeadingZeros32>
   1e978:	ff850513          	addi	a0,a0,-8
   1e97c:	40a90733          	sub	a4,s2,a0
   1e980:	00000793          	li	a5,0
   1e984:	00074663          	bltz	a4,1e990 <softfloat_subMagsF32+0x88>
   1e988:	01771793          	slli	a5,a4,0x17
   1e98c:	00050913          	mv	s2,a0
   1e990:	01f49513          	slli	a0,s1,0x1f
   1e994:	01241433          	sll	s0,s0,s2
   1e998:	00f50533          	add	a0,a0,a5
   1e99c:	01c12083          	lw	ra,28(sp)
   1e9a0:	00850533          	add	a0,a0,s0
   1e9a4:	01812403          	lw	s0,24(sp)
   1e9a8:	01412483          	lw	s1,20(sp)
   1e9ac:	01012903          	lw	s2,16(sp)
   1e9b0:	02010113          	addi	sp,sp,32
   1e9b4:	00008067          	ret
   1e9b8:	00812c23          	sw	s0,24(sp)
   1e9bc:	00761613          	slli	a2,a2,0x7
   1e9c0:	00779793          	slli	a5,a5,0x7
   1e9c4:	06094263          	bltz	s2,1ea28 <softfloat_subMagsF32+0x120>
   1e9c8:	0ff00813          	li	a6,255
   1e9cc:	0f070063          	beq	a4,a6,1eaac <softfloat_subMagsF32+0x1a4>
   1e9d0:	00912a23          	sw	s1,20(sp)
   1e9d4:	01312623          	sw	s3,12(sp)
   1e9d8:	400005b7          	lui	a1,0x40000
   1e9dc:	fff70493          	addi	s1,a4,-1
   1e9e0:	00b669b3          	or	s3,a2,a1
   1e9e4:	00078713          	mv	a4,a5
   1e9e8:	00068463          	beqz	a3,1e9f0 <softfloat_subMagsF32+0xe8>
   1e9ec:	00058713          	mv	a4,a1
   1e9f0:	01f55413          	srli	s0,a0,0x1f
   1e9f4:	00f70533          	add	a0,a4,a5
   1e9f8:	00090593          	mv	a1,s2
   1e9fc:	b3dff0ef          	jal	1e538 <softfloat_shiftRightJam32>
   1ea00:	40a98633          	sub	a2,s3,a0
   1ea04:	00040513          	mv	a0,s0
   1ea08:	01812403          	lw	s0,24(sp)
   1ea0c:	00c12983          	lw	s3,12(sp)
   1ea10:	01c12083          	lw	ra,28(sp)
   1ea14:	01012903          	lw	s2,16(sp)
   1ea18:	00048593          	mv	a1,s1
   1ea1c:	01412483          	lw	s1,20(sp)
   1ea20:	02010113          	addi	sp,sp,32
   1ea24:	af9fe06f          	j	1d51c <softfloat_normRoundPackToF32>
   1ea28:	fff54413          	not	s0,a0
   1ea2c:	0ff00813          	li	a6,255
   1ea30:	01f45413          	srli	s0,s0,0x1f
   1ea34:	09068263          	beq	a3,a6,1eab8 <softfloat_subMagsF32+0x1b0>
   1ea38:	00912a23          	sw	s1,20(sp)
   1ea3c:	01312623          	sw	s3,12(sp)
   1ea40:	400005b7          	lui	a1,0x40000
   1ea44:	00b7e9b3          	or	s3,a5,a1
   1ea48:	fff68493          	addi	s1,a3,-1
   1ea4c:	00060513          	mv	a0,a2
   1ea50:	00070463          	beqz	a4,1ea58 <softfloat_subMagsF32+0x150>
   1ea54:	00058513          	mv	a0,a1
   1ea58:	00c50533          	add	a0,a0,a2
   1ea5c:	40e68933          	sub	s2,a3,a4
   1ea60:	f99ff06f          	j	1e9f8 <softfloat_subMagsF32+0xf0>
   1ea64:	00b567b3          	or	a5,a0,a1
   1ea68:	00979713          	slli	a4,a5,0x9
   1ea6c:	06070263          	beqz	a4,1ead0 <softfloat_subMagsF32+0x1c8>
   1ea70:	d4dfe0ef          	jal	1d7bc <softfloat_propagateNaNF32UI>
   1ea74:	01c12083          	lw	ra,28(sp)
   1ea78:	01012903          	lw	s2,16(sp)
   1ea7c:	02010113          	addi	sp,sp,32
   1ea80:	00008067          	ret
   1ea84:	00001517          	auipc	a0,0x1
   1ea88:	9f452503          	lw	a0,-1548(a0) # 1f478 <softfloat_roundingMode>
   1ea8c:	01812403          	lw	s0,24(sp)
   1ea90:	01c12083          	lw	ra,28(sp)
   1ea94:	ffe50513          	addi	a0,a0,-2
   1ea98:	00153513          	seqz	a0,a0
   1ea9c:	01012903          	lw	s2,16(sp)
   1eaa0:	01f51513          	slli	a0,a0,0x1f
   1eaa4:	02010113          	addi	sp,sp,32
   1eaa8:	00008067          	ret
   1eaac:	01812403          	lw	s0,24(sp)
   1eab0:	fc0610e3          	bnez	a2,1ea70 <softfloat_subMagsF32+0x168>
   1eab4:	fc1ff06f          	j	1ea74 <softfloat_subMagsF32+0x16c>
   1eab8:	02079463          	bnez	a5,1eae0 <softfloat_subMagsF32+0x1d8>
   1eabc:	01f41413          	slli	s0,s0,0x1f
   1eac0:	7f800537          	lui	a0,0x7f800
   1eac4:	00a40533          	add	a0,s0,a0
   1eac8:	01812403          	lw	s0,24(sp)
   1eacc:	fa9ff06f          	j	1ea74 <softfloat_subMagsF32+0x16c>
   1ead0:	01000513          	li	a0,16
   1ead4:	2f8000ef          	jal	1edcc <softfloat_raiseFlags>
   1ead8:	ffc00537          	lui	a0,0xffc00
   1eadc:	f99ff06f          	j	1ea74 <softfloat_subMagsF32+0x16c>
   1eae0:	01812403          	lw	s0,24(sp)
   1eae4:	f8dff06f          	j	1ea70 <softfloat_subMagsF32+0x168>

0001eae8 <softfloat_subMagsF64>:
   1eae8:	fe010113          	addi	sp,sp,-32
   1eaec:	00912a23          	sw	s1,20(sp)
   1eaf0:	01412423          	sw	s4,8(sp)
   1eaf4:	0145d493          	srli	s1,a1,0x14
   1eaf8:	0146da13          	srli	s4,a3,0x14
   1eafc:	001007b7          	lui	a5,0x100
   1eb00:	fff78793          	addi	a5,a5,-1 # fffff <softfloat_roundingMode+0xe0b87>
   1eb04:	00812c23          	sw	s0,24(sp)
   1eb08:	01212823          	sw	s2,16(sp)
   1eb0c:	01312623          	sw	s3,12(sp)
   1eb10:	7ff4f493          	andi	s1,s1,2047
   1eb14:	7ffa7a13          	andi	s4,s4,2047
   1eb18:	00112e23          	sw	ra,28(sp)
   1eb1c:	00070993          	mv	s3,a4
   1eb20:	41448833          	sub	a6,s1,s4
   1eb24:	00f5f433          	and	s0,a1,a5
   1eb28:	00f6f933          	and	s2,a3,a5
   1eb2c:	0b449a63          	bne	s1,s4,1ebe0 <softfloat_subMagsF64+0xf8>
   1eb30:	7ff00713          	li	a4,2047
   1eb34:	18e48c63          	beq	s1,a4,1eccc <softfloat_subMagsF64+0x1e4>
   1eb38:	40c50633          	sub	a2,a0,a2
   1eb3c:	00c53533          	sltu	a0,a0,a2
   1eb40:	41240433          	sub	s0,s0,s2
   1eb44:	40a40433          	sub	s0,s0,a0
   1eb48:	008667b3          	or	a5,a2,s0
   1eb4c:	00040593          	mv	a1,s0
   1eb50:	00060513          	mv	a0,a2
   1eb54:	00060913          	mv	s2,a2
   1eb58:	1a078663          	beqz	a5,1ed04 <softfloat_subMagsF64+0x21c>
   1eb5c:	009037b3          	snez	a5,s1
   1eb60:	40f484b3          	sub	s1,s1,a5
   1eb64:	02045063          	bgez	s0,1eb84 <softfloat_subMagsF64+0x9c>
   1eb68:	408005b3          	neg	a1,s0
   1eb6c:	00c03433          	snez	s0,a2
   1eb70:	40858433          	sub	s0,a1,s0
   1eb74:	40c00933          	neg	s2,a2
   1eb78:	0019c993          	xori	s3,s3,1
   1eb7c:	00040593          	mv	a1,s0
   1eb80:	00090513          	mv	a0,s2
   1eb84:	d91fd0ef          	jal	1c914 <softfloat_countLeadingZeros64>
   1eb88:	ff550513          	addi	a0,a0,-11 # ffbffff5 <_float_lib_entry+0xffaffff5>
   1eb8c:	40a487b3          	sub	a5,s1,a0
   1eb90:	00000713          	li	a4,0
   1eb94:	0007c663          	bltz	a5,1eba0 <softfloat_subMagsF64+0xb8>
   1eb98:	01479713          	slli	a4,a5,0x14
   1eb9c:	00050493          	mv	s1,a0
   1eba0:	01f99593          	slli	a1,s3,0x1f
   1eba4:	fe048793          	addi	a5,s1,-32
   1eba8:	00e585b3          	add	a1,a1,a4
   1ebac:	1e07c063          	bltz	a5,1ed8c <softfloat_subMagsF64+0x2a4>
   1ebb0:	00f917b3          	sll	a5,s2,a5
   1ebb4:	00000613          	li	a2,0
   1ebb8:	01c12083          	lw	ra,28(sp)
   1ebbc:	01812403          	lw	s0,24(sp)
   1ebc0:	01412483          	lw	s1,20(sp)
   1ebc4:	01012903          	lw	s2,16(sp)
   1ebc8:	00c12983          	lw	s3,12(sp)
   1ebcc:	00812a03          	lw	s4,8(sp)
   1ebd0:	00060513          	mv	a0,a2
   1ebd4:	00f585b3          	add	a1,a1,a5
   1ebd8:	02010113          	addi	sp,sp,32
   1ebdc:	00008067          	ret
   1ebe0:	01665793          	srli	a5,a2,0x16
   1ebe4:	01512223          	sw	s5,4(sp)
   1ebe8:	01612023          	sw	s6,0(sp)
   1ebec:	00a41413          	slli	s0,s0,0xa
   1ebf0:	00a91913          	slli	s2,s2,0xa
   1ebf4:	01655713          	srli	a4,a0,0x16
   1ebf8:	0127e933          	or	s2,a5,s2
   1ebfc:	00876433          	or	s0,a4,s0
   1ec00:	00a51a93          	slli	s5,a0,0xa
   1ec04:	00a61b13          	slli	s6,a2,0xa
   1ec08:	7ff00793          	li	a5,2047
   1ec0c:	06084a63          	bltz	a6,1ec80 <softfloat_subMagsF64+0x198>
   1ec10:	12f48663          	beq	s1,a5,1ed3c <softfloat_subMagsF64+0x254>
   1ec14:	160a0663          	beqz	s4,1ed80 <softfloat_subMagsF64+0x298>
   1ec18:	00000793          	li	a5,0
   1ec1c:	400005b7          	lui	a1,0x40000
   1ec20:	01678533          	add	a0,a5,s6
   1ec24:	00f537b3          	sltu	a5,a0,a5
   1ec28:	012585b3          	add	a1,a1,s2
   1ec2c:	00b785b3          	add	a1,a5,a1
   1ec30:	00080613          	mv	a2,a6
   1ec34:	92dff0ef          	jal	1e560 <softfloat_shiftRightJam64>
   1ec38:	400007b7          	lui	a5,0x40000
   1ec3c:	40aa8633          	sub	a2,s5,a0
   1ec40:	00f466b3          	or	a3,s0,a5
   1ec44:	00cabab3          	sltu	s5,s5,a2
   1ec48:	40b686b3          	sub	a3,a3,a1
   1ec4c:	415686b3          	sub	a3,a3,s5
   1ec50:	01812403          	lw	s0,24(sp)
   1ec54:	00412a83          	lw	s5,4(sp)
   1ec58:	00012b03          	lw	s6,0(sp)
   1ec5c:	01c12083          	lw	ra,28(sp)
   1ec60:	01012903          	lw	s2,16(sp)
   1ec64:	00812a03          	lw	s4,8(sp)
   1ec68:	fff48593          	addi	a1,s1,-1
   1ec6c:	00098513          	mv	a0,s3
   1ec70:	01412483          	lw	s1,20(sp)
   1ec74:	00c12983          	lw	s3,12(sp)
   1ec78:	02010113          	addi	sp,sp,32
   1ec7c:	939fe06f          	j	1d5b4 <softfloat_normRoundPackToF64>
   1ec80:	0019c993          	xori	s3,s3,1
   1ec84:	0cfa0663          	beq	s4,a5,1ed50 <softfloat_subMagsF64+0x268>
   1ec88:	12048c63          	beqz	s1,1edc0 <softfloat_subMagsF64+0x2d8>
   1ec8c:	00000793          	li	a5,0
   1ec90:	400005b7          	lui	a1,0x40000
   1ec94:	01578533          	add	a0,a5,s5
   1ec98:	00f537b3          	sltu	a5,a0,a5
   1ec9c:	008585b3          	add	a1,a1,s0
   1eca0:	409a0633          	sub	a2,s4,s1
   1eca4:	00b785b3          	add	a1,a5,a1
   1eca8:	8b9ff0ef          	jal	1e560 <softfloat_shiftRightJam64>
   1ecac:	400006b7          	lui	a3,0x40000
   1ecb0:	40ab0633          	sub	a2,s6,a0
   1ecb4:	00d966b3          	or	a3,s2,a3
   1ecb8:	00cb3533          	sltu	a0,s6,a2
   1ecbc:	40b686b3          	sub	a3,a3,a1
   1ecc0:	000a0493          	mv	s1,s4
   1ecc4:	40a686b3          	sub	a3,a3,a0
   1ecc8:	f89ff06f          	j	1ec50 <softfloat_subMagsF64+0x168>
   1eccc:	00d5e733          	or	a4,a1,a3
   1ecd0:	00f77733          	and	a4,a4,a5
   1ecd4:	00c567b3          	or	a5,a0,a2
   1ecd8:	00e7e7b3          	or	a5,a5,a4
   1ecdc:	0c078863          	beqz	a5,1edac <softfloat_subMagsF64+0x2c4>
   1ece0:	c39fe0ef          	jal	1d918 <softfloat_propagateNaNF64UI>
   1ece4:	01c12083          	lw	ra,28(sp)
   1ece8:	01812403          	lw	s0,24(sp)
   1ecec:	01412483          	lw	s1,20(sp)
   1ecf0:	01012903          	lw	s2,16(sp)
   1ecf4:	00c12983          	lw	s3,12(sp)
   1ecf8:	00812a03          	lw	s4,8(sp)
   1ecfc:	02010113          	addi	sp,sp,32
   1ed00:	00008067          	ret
   1ed04:	00000597          	auipc	a1,0x0
   1ed08:	7745a583          	lw	a1,1908(a1) # 1f478 <softfloat_roundingMode>
   1ed0c:	01c12083          	lw	ra,28(sp)
   1ed10:	01812403          	lw	s0,24(sp)
   1ed14:	ffe58593          	addi	a1,a1,-2
   1ed18:	0015b593          	seqz	a1,a1
   1ed1c:	01412483          	lw	s1,20(sp)
   1ed20:	01012903          	lw	s2,16(sp)
   1ed24:	00c12983          	lw	s3,12(sp)
   1ed28:	00812a03          	lw	s4,8(sp)
   1ed2c:	00000513          	li	a0,0
   1ed30:	01f59593          	slli	a1,a1,0x1f
   1ed34:	02010113          	addi	sp,sp,32
   1ed38:	00008067          	ret
   1ed3c:	008aeab3          	or	s5,s5,s0
   1ed40:	020a9a63          	bnez	s5,1ed74 <softfloat_subMagsF64+0x28c>
   1ed44:	00412a83          	lw	s5,4(sp)
   1ed48:	00012b03          	lw	s6,0(sp)
   1ed4c:	f99ff06f          	j	1ece4 <softfloat_subMagsF64+0x1fc>
   1ed50:	012b6b33          	or	s6,s6,s2
   1ed54:	020b1063          	bnez	s6,1ed74 <softfloat_subMagsF64+0x28c>
   1ed58:	01f99593          	slli	a1,s3,0x1f
   1ed5c:	7ff007b7          	lui	a5,0x7ff00
   1ed60:	00412a83          	lw	s5,4(sp)
   1ed64:	00012b03          	lw	s6,0(sp)
   1ed68:	00f585b3          	add	a1,a1,a5
   1ed6c:	00000513          	li	a0,0
   1ed70:	f75ff06f          	j	1ece4 <softfloat_subMagsF64+0x1fc>
   1ed74:	00412a83          	lw	s5,4(sp)
   1ed78:	00012b03          	lw	s6,0(sp)
   1ed7c:	f65ff06f          	j	1ece0 <softfloat_subMagsF64+0x1f8>
   1ed80:	000b0793          	mv	a5,s6
   1ed84:	00090593          	mv	a1,s2
   1ed88:	e99ff06f          	j	1ec20 <softfloat_subMagsF64+0x138>
   1ed8c:	01f00693          	li	a3,31
   1ed90:	409686b3          	sub	a3,a3,s1
   1ed94:	00195713          	srli	a4,s2,0x1
   1ed98:	009417b3          	sll	a5,s0,s1
   1ed9c:	00d75733          	srl	a4,a4,a3
   1eda0:	00991633          	sll	a2,s2,s1
   1eda4:	00f767b3          	or	a5,a4,a5
   1eda8:	e11ff06f          	j	1ebb8 <softfloat_subMagsF64+0xd0>
   1edac:	01000513          	li	a0,16
   1edb0:	01c000ef          	jal	1edcc <softfloat_raiseFlags>
   1edb4:	00000513          	li	a0,0
   1edb8:	fff805b7          	lui	a1,0xfff80
   1edbc:	f29ff06f          	j	1ece4 <softfloat_subMagsF64+0x1fc>
   1edc0:	000a8793          	mv	a5,s5
   1edc4:	00040593          	mv	a1,s0
   1edc8:	ecdff06f          	j	1ec94 <softfloat_subMagsF64+0x1ac>

0001edcc <softfloat_raiseFlags>:
   1edcc:	00000717          	auipc	a4,0x0
   1edd0:	6a870713          	addi	a4,a4,1704 # 1f474 <softfloat_exceptionFlags>
   1edd4:	00072783          	lw	a5,0(a4)
   1edd8:	00a7e7b3          	or	a5,a5,a0
   1eddc:	00f72023          	sw	a5,0(a4)
   1ede0:	00008067          	ret

0001ede4 <softfloat_addM>:
   1ede4:	0005a703          	lw	a4,0(a1) # fff80000 <_float_lib_entry+0xffe80000>
   1ede8:	00062783          	lw	a5,0(a2)
   1edec:	00100813          	li	a6,1
   1edf0:	00f707b3          	add	a5,a4,a5
   1edf4:	00f6a023          	sw	a5,0(a3) # 40000000 <_float_lib_entry+0x3ff00000>
   1edf8:	07050863          	beq	a0,a6,1ee68 <softfloat_addM+0x84>
   1edfc:	00251513          	slli	a0,a0,0x2
   1ee00:	00a58533          	add	a0,a1,a0
   1ee04:	00460613          	addi	a2,a2,4
   1ee08:	00458593          	addi	a1,a1,4
   1ee0c:	00468693          	addi	a3,a3,4
   1ee10:	00000813          	li	a6,0
   1ee14:	02e78863          	beq	a5,a4,1ee44 <softfloat_addM+0x60>
   1ee18:	00e7b833          	sltu	a6,a5,a4
   1ee1c:	00062783          	lw	a5,0(a2)
   1ee20:	0005a703          	lw	a4,0(a1)
   1ee24:	00458593          	addi	a1,a1,4
   1ee28:	00460613          	addi	a2,a2,4
   1ee2c:	00f707b3          	add	a5,a4,a5
   1ee30:	010787b3          	add	a5,a5,a6
   1ee34:	00f6a023          	sw	a5,0(a3)
   1ee38:	00468693          	addi	a3,a3,4
   1ee3c:	fcb51ce3          	bne	a0,a1,1ee14 <softfloat_addM+0x30>
   1ee40:	00008067          	ret
   1ee44:	0005a703          	lw	a4,0(a1)
   1ee48:	00062783          	lw	a5,0(a2)
   1ee4c:	00458593          	addi	a1,a1,4
   1ee50:	00460613          	addi	a2,a2,4
   1ee54:	00f707b3          	add	a5,a4,a5
   1ee58:	010787b3          	add	a5,a5,a6
   1ee5c:	00f6a023          	sw	a5,0(a3)
   1ee60:	00468693          	addi	a3,a3,4
   1ee64:	fab518e3          	bne	a0,a1,1ee14 <softfloat_addM+0x30>
   1ee68:	00008067          	ret
