[1;34mDEBUG   [0m 🐛 [debug]: FRI parameters | log_blowup: 1  | num_queries: 100 | proof_of_work_bits: 16
[1;34mDEBUG   [0m 🐛 [debug]: FRI parameters | log_blowup: 1  | num_queries: 100 | proof_of_work_bits: 16
[1;34mDEBUG   [0m 🐛 [debug]: FRI parameters | log_blowup: 1  | num_queries: 100 | proof_of_work_bits: 16
[1;34mDEBUG   [0m 🐛 [debug]: FRI parameters | log_blowup: 2  | num_queries: 44 | proof_of_work_bits: 16
[1;34mDEBUG   [0m 🐛 [debug]: FRI parameters | log_blowup: 3  | num_queries: 30 | proof_of_work_bits: 16
[1;34mDEBUG   [0m VmState::initial [ 3.22ms | 100.00% ]
[EXEC] instret=0, PC=0x00010000, pc_index=16384
[EXEC] instret=1, PC=0x00010004, pc_index=16385
[EXEC] instret=2, PC=0x00010008, pc_index=16386
[EXEC] instret=3, PC=0x0001000c, pc_index=16387
[FLW-ENTRY] PC=0x0001000c, instret=3, ENABLED=true
[FLW] PC=0x0001000c, Reading x10 = 0x0001f440, imm=0
[FLW] f0 <- mem[0x0001f440] = 0x3f800000 (1)
[FLW-EXIT] PC: 0x0001000c -> 0x00010010, instret=4
[EXEC] instret=4, PC=0x00010010, pc_index=16388
[EXEC] instret=5, PC=0x00010014, pc_index=16389
[EXEC] instret=6, PC=0x00010018, pc_index=16390
[FLW-ENTRY] PC=0x00010018, instret=6, ENABLED=true
[FLW] PC=0x00010018, Reading x11 = 0x0001f444, imm=0
[FLW] f1 <- mem[0x0001f444] = 0x40000000 (2)
[FLW-EXIT] PC: 0x00010018 -> 0x0001001c, instret=7
[EXEC] instret=7, PC=0x0001001c, pc_index=16391
[FADD-ENTRY] PC=0x0001001c, instret=7, ENABLED=true
[FADD] Calling handler at 0x000108d4, instruction=0x00100153
[FADD-EXIT] Jumped to handler: 0x000108d4, return_addr=0x00010020
[EXEC] instret=8, PC=0x000108d4, pc_index=16949
[EXEC] instret=9, PC=0x000108d8, pc_index=16950
[EXEC] instret=10, PC=0x000108dc, pc_index=16951
[EXEC] instret=11, PC=0x000108e0, pc_index=16952
[EXEC] instret=12, PC=0x000108e4, pc_index=16953
[EXEC] instret=13, PC=0x000108e8, pc_index=16954
[EXEC] instret=14, PC=0x000108ec, pc_index=16955
[EXEC] instret=15, PC=0x000108f0, pc_index=16956
[EXEC] instret=16, PC=0x000108f4, pc_index=16957
[EXEC] instret=17, PC=0x000108f8, pc_index=16958
[EXEC] instret=18, PC=0x000108fc, pc_index=16959
[EXEC] instret=19, PC=0x00010900, pc_index=16960
[EXEC] instret=20, PC=0x00010904, pc_index=16961
[EXEC] instret=21, PC=0x00010908, pc_index=16962
[EXEC] instret=22, PC=0x0001090c, pc_index=16963
[EXEC] instret=23, PC=0x00010910, pc_index=16964
[EXEC] instret=24, PC=0x00010914, pc_index=16965
[EXEC] instret=25, PC=0x00010918, pc_index=16966
[EXEC] instret=26, PC=0x000109c0, pc_index=17008
[EXEC] instret=27, PC=0x000109c4, pc_index=17009
[EXEC] instret=28, PC=0x000109c8, pc_index=17010
[EXEC] instret=29, PC=0x00010928, pc_index=16970
[EXEC] instret=30, PC=0x0001092c, pc_index=16971
[EXEC] instret=31, PC=0x00010930, pc_index=16972
[EXEC] instret=32, PC=0x00010934, pc_index=16973
[EXEC] instret=33, PC=0x00010938, pc_index=16974
[EXEC] instret=34, PC=0x0001093c, pc_index=16975
[EXEC] instret=35, PC=0x00010940, pc_index=16976
[EXEC] instret=36, PC=0x00010944, pc_index=16977
[EXEC] instret=37, PC=0x00010948, pc_index=16978
[EXEC] instret=38, PC=0x0001094c, pc_index=16979
[EXEC] instret=39, PC=0x00010950, pc_index=16980
[EXEC] instret=40, PC=0x00010954, pc_index=16981
[EXEC] instret=41, PC=0x0001a664, pc_index=27033
[EXEC] instret=42, PC=0x0001a668, pc_index=27034
[EXEC] instret=43, PC=0x0001a66c, pc_index=27035
[EXEC] instret=44, PC=0x0001a670, pc_index=27036
[EXEC] instret=45, PC=0x0001a674, pc_index=27037
[EXEC] instret=46, PC=0x0001a678, pc_index=27038
[EXEC] instret=47, PC=0x0001a67c, pc_index=27039
[EXEC] instret=48, PC=0x0001a680, pc_index=27040
[EXEC] instret=49, PC=0x0001a684, pc_index=27041
[EXEC] instret=50, PC=0x00010958, pc_index=16982
[EXEC] instret=51, PC=0x0001095c, pc_index=16983
[EXEC] instret=52, PC=0x00010960, pc_index=16984
[EXEC] instret=53, PC=0x00010964, pc_index=16985
[EXEC] instret=54, PC=0x00010968, pc_index=16986
[EXEC] instret=55, PC=0x0001096c, pc_index=16987
[EXEC] instret=56, PC=0x00010970, pc_index=16988
[EXEC] instret=57, PC=0x00010974, pc_index=16989
[EXEC] instret=58, PC=0x00010978, pc_index=16990
[EXEC] instret=59, PC=0x0001097c, pc_index=16991
[EXEC] instret=60, PC=0x00010980, pc_index=16992
[EXEC] instret=61, PC=0x00010984, pc_index=16993
[EXEC] instret=62, PC=0x000109fc, pc_index=17023
[EXEC] instret=63, PC=0x00010a00, pc_index=17024
[EXEC] instret=64, PC=0x00010a04, pc_index=17025
[EXEC] instret=65, PC=0x00010a08, pc_index=17026
[EXEC] instret=66, PC=0x00010a0c, pc_index=17027
[EXEC] instret=67, PC=0x00010a10, pc_index=17028
[EXEC] instret=68, PC=0x0001a664, pc_index=27033
[EXEC] instret=69, PC=0x0001a668, pc_index=27034
[EXEC] instret=70, PC=0x0001a66c, pc_index=27035
[EXEC] instret=71, PC=0x0001a670, pc_index=27036
[EXEC] instret=72, PC=0x0001a674, pc_index=27037
[EXEC] instret=73, PC=0x0001a678, pc_index=27038
[EXEC] instret=74, PC=0x0001a68c, pc_index=27043
[EXEC] instret=75, PC=0x00010a14, pc_index=17029
[EXEC] instret=76, PC=0x00010a18, pc_index=17030
[EXEC] instret=77, PC=0x00010a1c, pc_index=17031
[EXEC] instret=78, PC=0x00010a20, pc_index=17032
[EXEC] instret=79, PC=0x00010a24, pc_index=17033
[EXEC] instret=80, PC=0x00010a28, pc_index=17034
[EXEC] instret=81, PC=0x00010a2c, pc_index=17035
[EXEC] instret=82, PC=0x00010a30, pc_index=17036
[EXEC] instret=83, PC=0x00010a34, pc_index=17037
[EXEC] instret=84, PC=0x00012e54, pc_index=19349
[EXEC] instret=85, PC=0x00012e58, pc_index=19350
[EXEC] instret=86, PC=0x00012e5c, pc_index=19351
[EXEC] instret=87, PC=0x00012e60, pc_index=19352
[EXEC] instret=88, PC=0x00012e64, pc_index=19353
[EXEC] instret=89, PC=0x00012e68, pc_index=19354
[EXEC] instret=90, PC=0x00012e6c, pc_index=19355
[EXEC] instret=91, PC=0x00012e70, pc_index=19356
[EXEC] instret=92, PC=0x00012e74, pc_index=19357
[EXEC] instret=93, PC=0x00012e78, pc_index=19358
[EXEC] instret=94, PC=0x00012e7c, pc_index=19359
[EXEC] instret=95, PC=0x00012e80, pc_index=19360
[EXEC] instret=96, PC=0x00012e84, pc_index=19361
[EXEC] instret=97, PC=0x00012e8c, pc_index=19363
[EXEC] instret=98, PC=0x00012e90, pc_index=19364
[EXEC] instret=99, PC=0x00012e94, pc_index=19365
[EXEC] instret=100, PC=0x00012e98, pc_index=19366
[EXEC] instret=101, PC=0x00012e9c, pc_index=19367
[EXEC] instret=102, PC=0x00012ea0, pc_index=19368
[EXEC] instret=103, PC=0x00012ea4, pc_index=19369
[EXEC] instret=104, PC=0x00012ea8, pc_index=19370
[EXEC] instret=105, PC=0x00012eac, pc_index=19371
[EXEC] instret=106, PC=0x00012eb4, pc_index=19373
[EXEC] instret=107, PC=0x00012eb8, pc_index=19374
[EXEC] instret=108, PC=0x00012ebc, pc_index=19375
[EXEC] instret=109, PC=0x00012ec0, pc_index=19376
[EXEC] instret=110, PC=0x00012ec4, pc_index=19377
[EXEC] instret=111, PC=0x00012ec8, pc_index=19378
[EXEC] instret=112, PC=0x00012ecc, pc_index=19379
[EXEC] instret=113, PC=0x00012ed0, pc_index=19380
[EXEC] instret=114, PC=0x00012ed8, pc_index=19382
[EXEC] instret=115, PC=0x00012edc, pc_index=19383
[EXEC] instret=116, PC=0x00012ee0, pc_index=19384
[EXEC] instret=117, PC=0x00012ee4, pc_index=19385
[EXEC] instret=118, PC=0x00012ee8, pc_index=19386
[EXEC] instret=119, PC=0x00012ef0, pc_index=19388
[EXEC] instret=120, PC=0x00012ef4, pc_index=19389
[EXEC] instret=121, PC=0x00012ef8, pc_index=19390
[EXEC] instret=122, PC=0x00012efc, pc_index=19391
[EXEC] instret=123, PC=0x00012f00, pc_index=19392
[EXEC] instret=124, PC=0x00012f08, pc_index=19394
[EXEC] instret=125, PC=0x00012f0c, pc_index=19395
[EXEC] instret=126, PC=0x00012f10, pc_index=19396
[EXEC] instret=127, PC=0x00012f14, pc_index=19397
[EXEC] instret=128, PC=0x00012f18, pc_index=19398
[EXEC] instret=129, PC=0x00012f54, pc_index=19413
[EXEC] instret=130, PC=0x00012f58, pc_index=19414
[EXEC] instret=131, PC=0x00012f5c, pc_index=19415
[EXEC] instret=132, PC=0x00012f60, pc_index=19416
[EXEC] instret=133, PC=0x00012f64, pc_index=19417
[EXEC] instret=134, PC=0x00012f68, pc_index=19418
[EXEC] instret=135, PC=0x00012f6c, pc_index=19419
[EXEC] instret=136, PC=0x0001a664, pc_index=27033
[EXEC] instret=137, PC=0x0001a668, pc_index=27034
[EXEC] instret=138, PC=0x0001a66c, pc_index=27035
[EXEC] instret=139, PC=0x0001a670, pc_index=27036
[EXEC] instret=140, PC=0x0001a674, pc_index=27037
[EXEC] instret=141, PC=0x0001a678, pc_index=27038
[EXEC] instret=142, PC=0x0001a68c, pc_index=27043
[EXEC] instret=143, PC=0x00012f70, pc_index=19420
[EXEC] instret=144, PC=0x00012f74, pc_index=19421
[EXEC] instret=145, PC=0x00012f78, pc_index=19422
[EXEC] instret=146, PC=0x00012f7c, pc_index=19423
[EXEC] instret=147, PC=0x00012f80, pc_index=19424
[EXEC] instret=148, PC=0x00012f84, pc_index=19425
[EXEC] instret=149, PC=0x00012f88, pc_index=19426
[EXEC] instret=150, PC=0x00012f8c, pc_index=19427
[EXEC] instret=151, PC=0x00012f90, pc_index=19428
[EXEC] instret=152, PC=0x00013bf8, pc_index=20222
[EXEC] instret=153, PC=0x00013bfc, pc_index=20223
[EXEC] instret=154, PC=0x00013c00, pc_index=20224
[EXEC] instret=155, PC=0x00013af8, pc_index=20158
[EXEC] instret=156, PC=0x00013afc, pc_index=20159
[EXEC] instret=157, PC=0x00013b00, pc_index=20160
[EXEC] instret=158, PC=0x00013b04, pc_index=20161
[EXEC] instret=159, PC=0x00013b08, pc_index=20162
[EXEC] instret=160, PC=0x00013b0c, pc_index=20163
[EXEC] instret=161, PC=0x0001a690, pc_index=27044
[EXEC] instret=162, PC=0x0001a694, pc_index=27045
[EXEC] instret=163, PC=0x0001a698, pc_index=27046
[EXEC] instret=164, PC=0x0001a69c, pc_index=27047
[EXEC] instret=165, PC=0x0001a6a0, pc_index=27048
[EXEC] instret=166, PC=0x0001c2d4, pc_index=28853
[EXEC] instret=167, PC=0x0001c2d8, pc_index=28854
[EXEC] instret=168, PC=0x0001c2dc, pc_index=28855
[EXEC] instret=169, PC=0x0001c2e0, pc_index=28856
[EXEC] instret=170, PC=0x0001c2e4, pc_index=28857
[EXEC] instret=171, PC=0x0001c2e8, pc_index=28858
[EXEC] instret=172, PC=0x0001c2ec, pc_index=28859
[EXEC] instret=173, PC=0x0001c2f0, pc_index=28860
[EXEC] instret=174, PC=0x0001c2f4, pc_index=28861
[EXEC] instret=175, PC=0x0001c2f8, pc_index=28862
[EXEC] instret=176, PC=0x0001c2fc, pc_index=28863
[EXEC] instret=177, PC=0x0001c300, pc_index=28864
[EXEC] instret=178, PC=0x0001c304, pc_index=28865
[EXEC] instret=179, PC=0x0001c308, pc_index=28866
[EXEC] instret=180, PC=0x0001c30c, pc_index=28867
[EXEC] instret=181, PC=0x0001c344, pc_index=28881
[EXEC] instret=182, PC=0x0001c348, pc_index=28882
[EXEC] instret=183, PC=0x0001c34c, pc_index=28883
[EXEC] instret=184, PC=0x0001c350, pc_index=28884
[EXEC] instret=185, PC=0x0001c354, pc_index=28885
[EXEC] instret=186, PC=0x0001c358, pc_index=28886
[EXEC] instret=187, PC=0x0001c35c, pc_index=28887
[EXEC] instret=188, PC=0x0001c3c4, pc_index=28913
[EXEC] instret=189, PC=0x0001c3c8, pc_index=28914
[EXEC] instret=190, PC=0x0001c3cc, pc_index=28915
[EXEC] instret=191, PC=0x0001c3d0, pc_index=28916
[EXEC] instret=192, PC=0x0001c3d4, pc_index=28917
[EXEC] instret=193, PC=0x0001c3d8, pc_index=28918
[EXEC] instret=194, PC=0x0001c3dc, pc_index=28919
[EXEC] instret=195, PC=0x0001e538, pc_index=31054
[EXEC] instret=196, PC=0x0001e53c, pc_index=31055
[EXEC] instret=197, PC=0x0001e540, pc_index=31056
[EXEC] instret=198, PC=0x0001e544, pc_index=31057
[EXEC] instret=199, PC=0x0001e548, pc_index=31058
[EXEC] instret=200, PC=0x0001e54c, pc_index=31059
[EXEC] instret=201, PC=0x0001e550, pc_index=31060
[EXEC] instret=202, PC=0x0001e554, pc_index=31061
[EXEC] instret=203, PC=0x0001c3e0, pc_index=28920
[EXEC] instret=204, PC=0x0001c3e4, pc_index=28921
[EXEC] instret=205, PC=0x0001c3e8, pc_index=28922
[EXEC] instret=206, PC=0x0001c3ec, pc_index=28923
[EXEC] instret=207, PC=0x0001c3f0, pc_index=28924
[EXEC] instret=208, PC=0x0001c3f4, pc_index=28925
[EXEC] instret=209, PC=0x0001c3f8, pc_index=28926
[EXEC] instret=210, PC=0x0001c394, pc_index=28901
[EXEC] instret=211, PC=0x0001c398, pc_index=28902
[EXEC] instret=212, PC=0x0001c39c, pc_index=28903
[EXEC] instret=213, PC=0x0001c3a0, pc_index=28904
[EXEC] instret=214, PC=0x0001c3a4, pc_index=28905
[EXEC] instret=215, PC=0x0001c3a8, pc_index=28906
[EXEC] instret=216, PC=0x0001c3ac, pc_index=28907
[EXEC] instret=217, PC=0x0001c3b0, pc_index=28908
[EXEC] instret=218, PC=0x0001c3b4, pc_index=28909
[EXEC] instret=219, PC=0x0001c3b8, pc_index=28910
[EXEC] instret=220, PC=0x0001c3bc, pc_index=28911
[EXEC] instret=221, PC=0x0001c3c0, pc_index=28912
[EXEC] instret=222, PC=0x0001ddcc, pc_index=30579
[EXEC] instret=223, PC=0x0001ddd0, pc_index=30580
[EXEC] instret=224, PC=0x0001ddd4, pc_index=30581
[EXEC] instret=225, PC=0x0001ddd8, pc_index=30582
[EXEC] instret=226, PC=0x0001dddc, pc_index=30583
[EXEC] instret=227, PC=0x0001dde0, pc_index=30584
[EXEC] instret=228, PC=0x0001dde4, pc_index=30585
[EXEC] instret=229, PC=0x0001dde8, pc_index=30586
[EXEC] instret=230, PC=0x0001ddec, pc_index=30587
[EXEC] instret=231, PC=0x0001ddf0, pc_index=30588
[EXEC] instret=232, PC=0x0001ddf4, pc_index=30589
[EXEC] instret=233, PC=0x0001ddf8, pc_index=30590
[EXEC] instret=234, PC=0x0001ddfc, pc_index=30591
[EXEC] instret=235, PC=0x0001de14, pc_index=30597
[EXEC] instret=236, PC=0x0001de18, pc_index=30598
[EXEC] instret=237, PC=0x0001de1c, pc_index=30599
[EXEC] instret=238, PC=0x0001de6c, pc_index=30619
[EXEC] instret=239, PC=0x0001de70, pc_index=30620
[EXEC] instret=240, PC=0x0001de74, pc_index=30621
[EXEC] instret=241, PC=0x0001dea4, pc_index=30633
[EXEC] instret=242, PC=0x0001dea8, pc_index=30634
[EXEC] instret=243, PC=0x0001ded8, pc_index=30646
[EXEC] instret=244, PC=0x0001dedc, pc_index=30647
[EXEC] instret=245, PC=0x0001deac, pc_index=30635
[EXEC] instret=246, PC=0x0001deb0, pc_index=30636
[EXEC] instret=247, PC=0x0001deb4, pc_index=30637
[EXEC] instret=248, PC=0x0001deb8, pc_index=30638
[EXEC] instret=249, PC=0x0001debc, pc_index=30639
[EXEC] instret=250, PC=0x0001dec0, pc_index=30640
[EXEC] instret=251, PC=0x0001dec4, pc_index=30641
[EXEC] instret=252, PC=0x0001dec8, pc_index=30642
[EXEC] instret=253, PC=0x0001decc, pc_index=30643
[EXEC] instret=254, PC=0x0001ded0, pc_index=30644
[EXEC] instret=255, PC=0x0001ded4, pc_index=30645
[EXEC] instret=256, PC=0x00013b10, pc_index=20164
[EXEC] instret=257, PC=0x00013b14, pc_index=20165
[EXEC] instret=258, PC=0x00013b18, pc_index=20166
[EXEC] instret=259, PC=0x00013b1c, pc_index=20167
[EXEC] instret=260, PC=0x00013b20, pc_index=20168
[EXEC] instret=261, PC=0x00013b24, pc_index=20169
[EXEC] instret=262, PC=0x00013b28, pc_index=20170
[EXEC] instret=263, PC=0x00013b2c, pc_index=20171
[EXEC] instret=264, PC=0x00013b30, pc_index=20172
[EXEC] instret=265, PC=0x00013b34, pc_index=20173
[EXEC] instret=266, PC=0x00013b38, pc_index=20174
[EXEC] instret=267, PC=0x00010998, pc_index=16998
[EXEC] instret=268, PC=0x0001099c, pc_index=16999
[EXEC] instret=269, PC=0x000109a0, pc_index=17000
[EXEC] instret=270, PC=0x000109a4, pc_index=17001
[EXEC] instret=271, PC=0x000109a8, pc_index=17002
[EXEC] instret=272, PC=0x000109ac, pc_index=17003
[EXEC] instret=273, PC=0x000109b0, pc_index=17004
[EXEC] instret=274, PC=0x000109b4, pc_index=17005
[EXEC] instret=275, PC=0x000109b8, pc_index=17006
[EXEC] instret=276, PC=0x000109bc, pc_index=17007
[EXEC] instret=277, PC=0x00010020, pc_index=16392
[EXEC] instret=278, PC=0x00010024, pc_index=16393
[EXEC] instret=279, PC=0x00010028, pc_index=16394
[EXEC] instret=280, PC=0x0001002c, pc_index=16395
[EXEC] instret=281, PC=0x00010030, pc_index=16396
[EXEC] instret=282, PC=0x00010034, pc_index=16397
[EXEC] instret=283, PC=0x00010038, pc_index=16398
[EXEC] instret=284, PC=0x0001003c, pc_index=16399
[EXEC] instret=285, PC=0x00010040, pc_index=16400
[EXEC] instret=286, PC=0x00010044, pc_index=16401
[FLW-ENTRY] PC=0x00010044, instret=286, ENABLED=true
[FLW] PC=0x00010044, Reading x2 = 0x00080000, imm=0
[FLW] f0 <- mem[0x00080000] = 0x40000000 (2)
[FLW-EXIT] PC: 0x00010044 -> 0x00010048, instret=287
[EXEC] instret=287, PC=0x00010048, pc_index=16402
[FLW-ENTRY] PC=0x00010048, instret=287, ENABLED=true
[FLW] PC=0x00010048, Reading x2 = 0x00080000, imm=4
[FLW] f1 <- mem[0x00080004] = 0x40400000 (3)
[FLW-EXIT] PC: 0x00010048 -> 0x0001004c, instret=288
[EXEC] instret=288, PC=0x0001004c, pc_index=16403
[FLW-ENTRY] PC=0x0001004c, instret=288, ENABLED=true
[FLW] PC=0x0001004c, Reading x2 = 0x00080000, imm=8
[FLW] f3 <- mem[0x00080008] = 0x40800000 (4)
[FLW-EXIT] PC: 0x0001004c -> 0x00010050, instret=289
[EXEC] instret=289, PC=0x00010050, pc_index=16404
[FMA-ENTRY] PC=0x00010050, instret=289, ENABLED=true
[FMA] Calling handler at 0x000108d4, instruction=0x18107243
[FMA] f0=0x40000000, f1=0x00000000, f3=0x00000000 -> f4
[FMA-EXIT] Jumped to handler: 0x000108d4, return_addr=0x00010054
[EXEC] instret=290, PC=0x000108d4, pc_index=16949
[EXEC] instret=291, PC=0x000108d8, pc_index=16950
[EXEC] instret=292, PC=0x000108dc, pc_index=16951
[EXEC] instret=293, PC=0x000108e0, pc_index=16952
[EXEC] instret=294, PC=0x000108e4, pc_index=16953
[EXEC] instret=295, PC=0x000108e8, pc_index=16954
[EXEC] instret=296, PC=0x000108ec, pc_index=16955
[EXEC] instret=297, PC=0x000108f0, pc_index=16956
[EXEC] instret=298, PC=0x000108f4, pc_index=16957
[EXEC] instret=299, PC=0x000108f8, pc_index=16958
[EXEC] instret=300, PC=0x000108fc, pc_index=16959
[EXEC] instret=301, PC=0x00010900, pc_index=16960
[EXEC] instret=302, PC=0x00010904, pc_index=16961
[EXEC] instret=303, PC=0x00010908, pc_index=16962
[EXEC] instret=304, PC=0x0001090c, pc_index=16963
[EXEC] instret=305, PC=0x00010910, pc_index=16964
[EXEC] instret=306, PC=0x00010914, pc_index=16965
[EXEC] instret=307, PC=0x00010918, pc_index=16966
[EXEC] instret=308, PC=0x000109c0, pc_index=17008
[EXEC] instret=309, PC=0x000109c4, pc_index=17009
[EXEC] instret=310, PC=0x000109c8, pc_index=17010
[EXEC] instret=311, PC=0x00010928, pc_index=16970
[EXEC] instret=312, PC=0x0001092c, pc_index=16971
[EXEC] instret=313, PC=0x00010930, pc_index=16972
[EXEC] instret=314, PC=0x00010934, pc_index=16973
[EXEC] instret=315, PC=0x00010938, pc_index=16974
[EXEC] instret=316, PC=0x0001093c, pc_index=16975
[EXEC] instret=317, PC=0x00010940, pc_index=16976
[EXEC] instret=318, PC=0x00010944, pc_index=16977
[EXEC] instret=319, PC=0x00010948, pc_index=16978
[EXEC] instret=320, PC=0x0001094c, pc_index=16979
[EXEC] instret=321, PC=0x00010950, pc_index=16980
[EXEC] instret=322, PC=0x00010954, pc_index=16981
[EXEC] instret=323, PC=0x0001a664, pc_index=27033
[EXEC] instret=324, PC=0x0001a668, pc_index=27034
[EXEC] instret=325, PC=0x0001a66c, pc_index=27035
[EXEC] instret=326, PC=0x0001a670, pc_index=27036
[EXEC] instret=327, PC=0x0001a674, pc_index=27037
[EXEC] instret=328, PC=0x0001a678, pc_index=27038
[EXEC] instret=329, PC=0x0001a68c, pc_index=27043
[EXEC] instret=330, PC=0x00010958, pc_index=16982
[EXEC] instret=331, PC=0x0001095c, pc_index=16983
[EXEC] instret=332, PC=0x00010960, pc_index=16984
[EXEC] instret=333, PC=0x00010964, pc_index=16985
[EXEC] instret=334, PC=0x00010968, pc_index=16986
[EXEC] instret=335, PC=0x0001096c, pc_index=16987
[EXEC] instret=336, PC=0x00010970, pc_index=16988
[EXEC] instret=337, PC=0x00010974, pc_index=16989
[EXEC] instret=338, PC=0x00010978, pc_index=16990
[EXEC] instret=339, PC=0x0001097c, pc_index=16991
[EXEC] instret=340, PC=0x00010980, pc_index=16992
[EXEC] instret=341, PC=0x00010984, pc_index=16993
[EXEC] instret=342, PC=0x00010a68, pc_index=17050
[EXEC] instret=343, PC=0x00010a6c, pc_index=17051
[EXEC] instret=344, PC=0x00010a70, pc_index=17052
[EXEC] instret=345, PC=0x00011288, pc_index=17570
[EXEC] instret=346, PC=0x0001128c, pc_index=17571
[EXEC] instret=347, PC=0x00011290, pc_index=17572
[EXEC] instret=348, PC=0x00011294, pc_index=17573
[EXEC] instret=349, PC=0x00011298, pc_index=17574
[EXEC] instret=350, PC=0x0001129c, pc_index=17575
[EXEC] instret=351, PC=0x000112a0, pc_index=17576
[EXEC] instret=352, PC=0x000112a4, pc_index=17577
[EXEC] instret=353, PC=0x000112a8, pc_index=17578
[EXEC] instret=354, PC=0x000112ac, pc_index=17579
[EXEC] instret=355, PC=0x000112b0, pc_index=17580
[EXEC] instret=356, PC=0x000112b4, pc_index=17581
[EXEC] instret=357, PC=0x000112b8, pc_index=17582
[EXEC] instret=358, PC=0x000112bc, pc_index=17583
[EXEC] instret=359, PC=0x000112c0, pc_index=17584
[EXEC] instret=360, PC=0x000112c4, pc_index=17585
[EXEC] instret=361, PC=0x000112c8, pc_index=17586
[EXEC] instret=362, PC=0x000112cc, pc_index=17587
[EXEC] instret=363, PC=0x000112d0, pc_index=17588
[EXEC] instret=364, PC=0x00011358, pc_index=17622
[EXEC] instret=365, PC=0x0001135c, pc_index=17623
[EXEC] instret=366, PC=0x00011360, pc_index=17624
[EXEC] instret=367, PC=0x00011364, pc_index=17625
[EXEC] instret=368, PC=0x00011368, pc_index=17626
[EXEC] instret=369, PC=0x0001136c, pc_index=17627
[EXEC] instret=370, PC=0x00011370, pc_index=17628
[EXEC] instret=371, PC=0x00011374, pc_index=17629
[EXEC] instret=372, PC=0x00011378, pc_index=17630
[EXEC] instret=373, PC=0x0001137c, pc_index=17631
[EXEC] instret=374, PC=0x00011380, pc_index=17632
[EXEC] instret=375, PC=0x00011384, pc_index=17633
[EXEC] instret=376, PC=0x00011388, pc_index=17634
[EXEC] instret=377, PC=0x00011390, pc_index=17636
[EXEC] instret=378, PC=0x00011394, pc_index=17637
[EXEC] instret=379, PC=0x00011398, pc_index=17638
[EXEC] instret=380, PC=0x0001139c, pc_index=17639
[EXEC] instret=381, PC=0x000113a0, pc_index=17640
[EXEC] instret=382, PC=0x000113a4, pc_index=17641
[EXEC] instret=383, PC=0x000113a8, pc_index=17642
[EXEC] instret=384, PC=0x000113ac, pc_index=17643
[EXEC] instret=385, PC=0x000113b0, pc_index=17644
[EXEC] instret=386, PC=0x000113b8, pc_index=17646
[EXEC] instret=387, PC=0x000113bc, pc_index=17647
[EXEC] instret=388, PC=0x000113c0, pc_index=17648
[EXEC] instret=389, PC=0x000113c4, pc_index=17649
[EXEC] instret=390, PC=0x000113c8, pc_index=17650
[EXEC] instret=391, PC=0x000113cc, pc_index=17651
[EXEC] instret=392, PC=0x000113d0, pc_index=17652
[EXEC] instret=393, PC=0x000113d4, pc_index=17653
[EXEC] instret=394, PC=0x000113d8, pc_index=17654
[EXEC] instret=395, PC=0x000113e0, pc_index=17656
[EXEC] instret=396, PC=0x000113e4, pc_index=17657
[EXEC] instret=397, PC=0x000113e8, pc_index=17658
[EXEC] instret=398, PC=0x000113ec, pc_index=17659
[EXEC] instret=399, PC=0x000113f0, pc_index=17660
[EXEC] instret=400, PC=0x000113f8, pc_index=17662
[EXEC] instret=401, PC=0x000113fc, pc_index=17663
[EXEC] instret=402, PC=0x00011400, pc_index=17664
[EXEC] instret=403, PC=0x00011404, pc_index=17665
[EXEC] instret=404, PC=0x00011408, pc_index=17666
[EXEC] instret=405, PC=0x00011410, pc_index=17668
[EXEC] instret=406, PC=0x00011414, pc_index=17669
[EXEC] instret=407, PC=0x00011418, pc_index=17670
[EXEC] instret=408, PC=0x0001141c, pc_index=17671
[EXEC] instret=409, PC=0x00011420, pc_index=17672
[EXEC] instret=410, PC=0x00011424, pc_index=17673
[EXEC] instret=411, PC=0x00014014, pc_index=20485
[EXEC] instret=412, PC=0x00014018, pc_index=20486
[EXEC] instret=413, PC=0x0001401c, pc_index=20487
[EXEC] instret=414, PC=0x00014020, pc_index=20488
[EXEC] instret=415, PC=0x00014024, pc_index=20489
[EXEC] instret=416, PC=0x00014028, pc_index=20490
[EXEC] instret=417, PC=0x0001402c, pc_index=20491
[EXEC] instret=418, PC=0x0001a664, pc_index=27033
[EXEC] instret=419, PC=0x0001a668, pc_index=27034
[EXEC] instret=420, PC=0x0001a66c, pc_index=27035
[EXEC] instret=421, PC=0x0001a670, pc_index=27036
[EXEC] instret=422, PC=0x0001a674, pc_index=27037
[EXEC] instret=423, PC=0x0001a678, pc_index=27038
[EXEC] instret=424, PC=0x0001a67c, pc_index=27039
[EXEC] instret=425, PC=0x0001a680, pc_index=27040
[EXEC] instret=426, PC=0x0001a684, pc_index=27041
[EXEC] instret=427, PC=0x00014030, pc_index=20492
[EXEC] instret=428, PC=0x00014034, pc_index=20493
[EXEC] instret=429, PC=0x00014060, pc_index=20504
[EXEC] instret=430, PC=0x00014064, pc_index=20505
[EXEC] instret=431, PC=0x00014068, pc_index=20506
[EXEC] instret=432, PC=0x0001406c, pc_index=20507
[EXEC] instret=433, PC=0x00014070, pc_index=20508
[EXEC] instret=434, PC=0x00014074, pc_index=20509
[EXEC] instret=435, PC=0x00014078, pc_index=20510
[EXEC] instret=436, PC=0x0001407c, pc_index=20511
[EXEC] instret=437, PC=0x0001abf8, pc_index=27390
[EXEC] instret=438, PC=0x0001abfc, pc_index=27391
[EXEC] instret=439, PC=0x0001caf0, pc_index=29372
[EXEC] instret=440, PC=0x0001caf4, pc_index=29373
[EXEC] instret=441, PC=0x0001caf8, pc_index=29374
[EXEC] instret=442, PC=0x0001cafc, pc_index=29375
[EXEC] instret=443, PC=0x0001cb00, pc_index=29376
[EXEC] instret=444, PC=0x0001cb04, pc_index=29377
[EXEC] instret=445, PC=0x0001cb08, pc_index=29378
[EXEC] instret=446, PC=0x0001cb0c, pc_index=29379
[EXEC] instret=447, PC=0x0001cb10, pc_index=29380
[EXEC] instret=448, PC=0x0001cb14, pc_index=29381
[EXEC] instret=449, PC=0x0001cb18, pc_index=29382
[EXEC] instret=450, PC=0x0001cb1c, pc_index=29383
[EXEC] instret=451, PC=0x0001cb20, pc_index=29384
[EXEC] instret=452, PC=0x0001cb24, pc_index=29385
[EXEC] instret=453, PC=0x0001cb28, pc_index=29386
[EXEC] instret=454, PC=0x0001cb2c, pc_index=29387
[EXEC] instret=455, PC=0x0001cb30, pc_index=29388
[EXEC] instret=456, PC=0x0001cb34, pc_index=29389
[EXEC] instret=457, PC=0x0001cb38, pc_index=29390
[EXEC] instret=458, PC=0x0001cb3c, pc_index=29391
[EXEC] instret=459, PC=0x0001cb40, pc_index=29392
[EXEC] instret=460, PC=0x0001cb44, pc_index=29393
[EXEC] instret=461, PC=0x0001cb48, pc_index=29394
[EXEC] instret=462, PC=0x0001cb4c, pc_index=29395
[EXEC] instret=463, PC=0x0001cb50, pc_index=29396
[EXEC] instret=464, PC=0x0001cb54, pc_index=29397
[EXEC] instret=465, PC=0x0001cb58, pc_index=29398
[EXEC] instret=466, PC=0x0001cb5c, pc_index=29399
[EXEC] instret=467, PC=0x0001cb60, pc_index=29400
[EXEC] instret=468, PC=0x0001cb64, pc_index=29401
[EXEC] instret=469, PC=0x0001cb68, pc_index=29402
[EXEC] instret=470, PC=0x0001cb6c, pc_index=29403
[EXEC] instret=471, PC=0x0001cb70, pc_index=29404
[EXEC] instret=472, PC=0x0001cb74, pc_index=29405
[EXEC] instret=473, PC=0x0001cb78, pc_index=29406
[EXEC] instret=474, PC=0x0001cb7c, pc_index=29407
[EXEC] instret=475, PC=0x0001cb80, pc_index=29408
[EXEC] instret=476, PC=0x0001cb84, pc_index=29409
[EXEC] instret=477, PC=0x0001cb88, pc_index=29410
[EXEC] instret=478, PC=0x0001cba0, pc_index=29416
[EXEC] instret=479, PC=0x0001cba4, pc_index=29417
[EXEC] instret=480, PC=0x0001cbbc, pc_index=29423
[EXEC] instret=481, PC=0x0001cbc0, pc_index=29424
[EXEC] instret=482, PC=0x0001cbc4, pc_index=29425
[EXEC] instret=483, PC=0x0001cbc8, pc_index=29426
[EXEC] instret=484, PC=0x0001cbcc, pc_index=29427
[EXEC] instret=485, PC=0x0001cbd0, pc_index=29428
[EXEC] instret=486, PC=0x0001cbd4, pc_index=29429
[EXEC] instret=487, PC=0x0001cbd8, pc_index=29430
[EXEC] instret=488, PC=0x0001cbdc, pc_index=29431
[EXEC] instret=489, PC=0x0001cbe0, pc_index=29432
[EXEC] instret=490, PC=0x0001cbe4, pc_index=29433
[EXEC] instret=491, PC=0x0001cbe8, pc_index=29434
[EXEC] instret=492, PC=0x0001cbec, pc_index=29435
[EXEC] instret=493, PC=0x0001cbf0, pc_index=29436
[EXEC] instret=494, PC=0x0001cbf4, pc_index=29437
[EXEC] instret=495, PC=0x0001cbf8, pc_index=29438
[EXEC] instret=496, PC=0x0001cbfc, pc_index=29439
[EXEC] instret=497, PC=0x0001cc14, pc_index=29445
[EXEC] instret=498, PC=0x0001cc18, pc_index=29446
[EXEC] instret=499, PC=0x0001cc1c, pc_index=29447
[EXEC] instret=500, PC=0x0001cc20, pc_index=29448
[EXEC] instret=501, PC=0x0001cc24, pc_index=29449
[EXEC] instret=502, PC=0x0001cda8, pc_index=29546
[EXEC] instret=503, PC=0x0001ce4c, pc_index=29587
[EXEC] instret=504, PC=0x0001ce50, pc_index=29588
[EXEC] instret=505, PC=0x0001ce54, pc_index=29589
[EXEC] instret=506, PC=0x0001ce58, pc_index=29590
[EXEC] instret=507, PC=0x0001ce5c, pc_index=29591
[EXEC] instret=508, PC=0x0001e560, pc_index=31064
[EXEC] instret=509, PC=0x0001e564, pc_index=31065
[EXEC] instret=510, PC=0x0001e568, pc_index=31066
[EXEC] instret=511, PC=0x0001e56c, pc_index=31067
[EXEC] instret=512, PC=0x0001e570, pc_index=31068
[EXEC] instret=513, PC=0x0001e574, pc_index=31069
[EXEC] instret=514, PC=0x0001e578, pc_index=31070
[EXEC] instret=515, PC=0x0001e57c, pc_index=31071
[EXEC] instret=516, PC=0x0001e580, pc_index=31072
[EXEC] instret=517, PC=0x0001e584, pc_index=31073
[EXEC] instret=518, PC=0x0001e588, pc_index=31074
[EXEC] instret=519, PC=0x0001e58c, pc_index=31075
[EXEC] instret=520, PC=0x0001e590, pc_index=31076
[EXEC] instret=521, PC=0x0001e594, pc_index=31077
[EXEC] instret=522, PC=0x0001e598, pc_index=31078
[EXEC] instret=523, PC=0x0001e59c, pc_index=31079
[EXEC] instret=524, PC=0x0001ce60, pc_index=29592
[EXEC] instret=525, PC=0x0001ce64, pc_index=29593
[EXEC] instret=526, PC=0x0001ce68, pc_index=29594
[EXEC] instret=527, PC=0x0001cdd8, pc_index=29558
[EXEC] instret=528, PC=0x0001cddc, pc_index=29559
[EXEC] instret=529, PC=0x0001cc78, pc_index=29470
[EXEC] instret=530, PC=0x0001cc7c, pc_index=29471
[EXEC] instret=531, PC=0x0001cc80, pc_index=29472
[EXEC] instret=532, PC=0x0001cc84, pc_index=29473
[EXEC] instret=533, PC=0x0001cc88, pc_index=29474
[EXEC] instret=534, PC=0x0001cc8c, pc_index=29475
[EXEC] instret=535, PC=0x0001cc90, pc_index=29476
[EXEC] instret=536, PC=0x0001cc94, pc_index=29477
[EXEC] instret=537, PC=0x0001cc98, pc_index=29478
[EXEC] instret=538, PC=0x0001cc9c, pc_index=29479
[EXEC] instret=539, PC=0x0001cca0, pc_index=29480
[EXEC] instret=540, PC=0x0001cca4, pc_index=29481
[EXEC] instret=541, PC=0x0001cca8, pc_index=29482
[EXEC] instret=542, PC=0x0001ccac, pc_index=29483
[EXEC] instret=543, PC=0x0001ccb0, pc_index=29484
[EXEC] instret=544, PC=0x0001ccb4, pc_index=29485
[EXEC] instret=545, PC=0x0001ddcc, pc_index=30579
[EXEC] instret=546, PC=0x0001ddd0, pc_index=30580
[EXEC] instret=547, PC=0x0001ddd4, pc_index=30581
[EXEC] instret=548, PC=0x0001ddd8, pc_index=30582
[EXEC] instret=549, PC=0x0001dddc, pc_index=30583
[EXEC] instret=550, PC=0x0001dde0, pc_index=30584
[EXEC] instret=551, PC=0x0001dde4, pc_index=30585
[EXEC] instret=552, PC=0x0001dde8, pc_index=30586
[EXEC] instret=553, PC=0x0001ddec, pc_index=30587
[EXEC] instret=554, PC=0x0001ddf0, pc_index=30588
[EXEC] instret=555, PC=0x0001ddf4, pc_index=30589
[EXEC] instret=556, PC=0x0001ddf8, pc_index=30590
[EXEC] instret=557, PC=0x0001ddfc, pc_index=30591
[EXEC] instret=558, PC=0x0001de14, pc_index=30597
[EXEC] instret=559, PC=0x0001de18, pc_index=30598
[EXEC] instret=560, PC=0x0001de1c, pc_index=30599
[EXEC] instret=561, PC=0x0001de6c, pc_index=30619
[EXEC] instret=562, PC=0x0001de70, pc_index=30620
[EXEC] instret=563, PC=0x0001de74, pc_index=30621
[EXEC] instret=564, PC=0x0001dea4, pc_index=30633
[EXEC] instret=565, PC=0x0001dea8, pc_index=30634
[EXEC] instret=566, PC=0x0001ded8, pc_index=30646
[EXEC] instret=567, PC=0x0001dedc, pc_index=30647
[EXEC] instret=568, PC=0x0001deac, pc_index=30635
[EXEC] instret=569, PC=0x0001deb0, pc_index=30636
[EXEC] instret=570, PC=0x0001deb4, pc_index=30637
[EXEC] instret=571, PC=0x0001deb8, pc_index=30638
[EXEC] instret=572, PC=0x0001debc, pc_index=30639
[EXEC] instret=573, PC=0x0001dec0, pc_index=30640
[EXEC] instret=574, PC=0x0001dec4, pc_index=30641
[EXEC] instret=575, PC=0x0001dec8, pc_index=30642
[EXEC] instret=576, PC=0x0001decc, pc_index=30643
[EXEC] instret=577, PC=0x0001ded0, pc_index=30644
[EXEC] instret=578, PC=0x0001ded4, pc_index=30645
[EXEC] instret=579, PC=0x00014080, pc_index=20512
[EXEC] instret=580, PC=0x00014084, pc_index=20513
[EXEC] instret=581, PC=0x00014088, pc_index=20514
[EXEC] instret=582, PC=0x0001408c, pc_index=20515
[EXEC] instret=583, PC=0x00014090, pc_index=20516
[EXEC] instret=584, PC=0x00014094, pc_index=20517
[EXEC] instret=585, PC=0x00014098, pc_index=20518
[EXEC] instret=586, PC=0x000140b8, pc_index=20526
[EXEC] instret=587, PC=0x000140bc, pc_index=20527
[EXEC] instret=588, PC=0x000140c0, pc_index=20528
[EXEC] instret=589, PC=0x000140c4, pc_index=20529
[EXEC] instret=590, PC=0x000140c8, pc_index=20530
[EXEC] instret=591, PC=0x000140cc, pc_index=20531
[EXEC] instret=592, PC=0x000140d0, pc_index=20532
[EXEC] instret=593, PC=0x000140d4, pc_index=20533
[EXEC] instret=594, PC=0x000140d8, pc_index=20534
[EXEC] instret=595, PC=0x00010998, pc_index=16998
[EXEC] instret=596, PC=0x0001099c, pc_index=16999
[EXEC] instret=597, PC=0x000109a0, pc_index=17000
[EXEC] instret=598, PC=0x000109a4, pc_index=17001
[EXEC] instret=599, PC=0x000109a8, pc_index=17002
[EXEC] instret=600, PC=0x000109ac, pc_index=17003
[EXEC] instret=601, PC=0x000109b0, pc_index=17004
[EXEC] instret=602, PC=0x000109b4, pc_index=17005
[EXEC] instret=603, PC=0x000109b8, pc_index=17006
[EXEC] instret=604, PC=0x000109bc, pc_index=17007
[EXEC] instret=605, PC=0x00010054, pc_index=16405
[EXEC] instret=606, PC=0x00010058, pc_index=16406
[EXEC] instret=607, PC=0x0001005c, pc_index=16407
[EXEC] instret=608, PC=0x00010060, pc_index=16408
[EXEC] instret=609, PC=0x00010064, pc_index=16409
[EXEC] instret=610, PC=0x00010068, pc_index=16410
[EXEC] instret=611, PC=0x0001006c, pc_index=16411
[EXEC] instret=612, PC=0x00010070, pc_index=16412
[EXEC] instret=613, PC=0x00010074, pc_index=16413
[EXEC] instret=614, PC=0x00010078, pc_index=16414
[EXEC] instret=615, PC=0x0001007c, pc_index=16415
[FLW-ENTRY] PC=0x0001007c, instret=615, ENABLED=true
[FLW] PC=0x0001007c, Reading x2 = 0x00080000, imm=0
[FLW] f0 <- mem[0x00080000] = 0x40000000 (2)
[FLW-EXIT] PC: 0x0001007c -> 0x00010080, instret=616
[EXEC] instret=616, PC=0x00010080, pc_index=16416
[FLW-ENTRY] PC=0x00010080, instret=616, ENABLED=true
[FLW] PC=0x00010080, Reading x2 = 0x00080000, imm=4
[FLW] f1 <- mem[0x00080004] = 0x40400000 (3)
[FLW-EXIT] PC: 0x00010080 -> 0x00010084, instret=617
[EXEC] instret=617, PC=0x00010084, pc_index=16417
[FLW-ENTRY] PC=0x00010084, instret=617, ENABLED=true
[FLW] PC=0x00010084, Reading x2 = 0x00080000, imm=8
[FLW] f3 <- mem[0x00080008] = 0x40800000 (4)
[FLW-EXIT] PC: 0x00010084 -> 0x00010088, instret=618
[EXEC] instret=618, PC=0x00010088, pc_index=16418
[FMA-ENTRY] PC=0x00010088, instret=618, ENABLED=true
[FMA] Calling handler at 0x000108d4, instruction=0x18107247
[FMA] f0=0x40000000, f1=0x00000000, f3=0x00000000 -> f4
[FMA-EXIT] Jumped to handler: 0x000108d4, return_addr=0x0001008c
[EXEC] instret=619, PC=0x000108d4, pc_index=16949
[EXEC] instret=620, PC=0x000108d8, pc_index=16950
[EXEC] instret=621, PC=0x000108dc, pc_index=16951
[EXEC] instret=622, PC=0x000108e0, pc_index=16952
[EXEC] instret=623, PC=0x000108e4, pc_index=16953
[EXEC] instret=624, PC=0x000108e8, pc_index=16954
[EXEC] instret=625, PC=0x000108ec, pc_index=16955
[EXEC] instret=626, PC=0x000108f0, pc_index=16956
[EXEC] instret=627, PC=0x000108f4, pc_index=16957
[EXEC] instret=628, PC=0x000108f8, pc_index=16958
[EXEC] instret=629, PC=0x000108fc, pc_index=16959
[EXEC] instret=630, PC=0x00010900, pc_index=16960
[EXEC] instret=631, PC=0x00010904, pc_index=16961
[EXEC] instret=632, PC=0x00010908, pc_index=16962
[EXEC] instret=633, PC=0x0001090c, pc_index=16963
[EXEC] instret=634, PC=0x00010910, pc_index=16964
[EXEC] instret=635, PC=0x00010914, pc_index=16965
[EXEC] instret=636, PC=0x00010918, pc_index=16966
[EXEC] instret=637, PC=0x000109c0, pc_index=17008
[EXEC] instret=638, PC=0x000109c4, pc_index=17009
[EXEC] instret=639, PC=0x000109c8, pc_index=17010
[EXEC] instret=640, PC=0x00010928, pc_index=16970
[EXEC] instret=641, PC=0x0001092c, pc_index=16971
[EXEC] instret=642, PC=0x00010930, pc_index=16972
[EXEC] instret=643, PC=0x00010934, pc_index=16973
[EXEC] instret=644, PC=0x00010938, pc_index=16974
[EXEC] instret=645, PC=0x0001093c, pc_index=16975
[EXEC] instret=646, PC=0x00010940, pc_index=16976
[EXEC] instret=647, PC=0x00010944, pc_index=16977
[EXEC] instret=648, PC=0x00010948, pc_index=16978
[EXEC] instret=649, PC=0x0001094c, pc_index=16979
[EXEC] instret=650, PC=0x00010950, pc_index=16980
[EXEC] instret=651, PC=0x00010954, pc_index=16981
[EXEC] instret=652, PC=0x0001a664, pc_index=27033
[EXEC] instret=653, PC=0x0001a668, pc_index=27034
[EXEC] instret=654, PC=0x0001a66c, pc_index=27035
[EXEC] instret=655, PC=0x0001a670, pc_index=27036
[EXEC] instret=656, PC=0x0001a674, pc_index=27037
[EXEC] instret=657, PC=0x0001a678, pc_index=27038
[EXEC] instret=658, PC=0x0001a68c, pc_index=27043
[EXEC] instret=659, PC=0x00010958, pc_index=16982
[EXEC] instret=660, PC=0x0001095c, pc_index=16983
[EXEC] instret=661, PC=0x00010960, pc_index=16984
[EXEC] instret=662, PC=0x00010964, pc_index=16985
[EXEC] instret=663, PC=0x00010968, pc_index=16986
[EXEC] instret=664, PC=0x0001096c, pc_index=16987
[EXEC] instret=665, PC=0x00010970, pc_index=16988
[EXEC] instret=666, PC=0x00010974, pc_index=16989
[EXEC] instret=667, PC=0x00010978, pc_index=16990
[EXEC] instret=668, PC=0x0001097c, pc_index=16991
[EXEC] instret=669, PC=0x00010980, pc_index=16992
[EXEC] instret=670, PC=0x00010984, pc_index=16993
[EXEC] instret=671, PC=0x00010b64, pc_index=17113
[EXEC] instret=672, PC=0x00010b68, pc_index=17114
[EXEC] instret=673, PC=0x00010b6c, pc_index=17115
[EXEC] instret=674, PC=0x000114bc, pc_index=17711
[EXEC] instret=675, PC=0x000114c0, pc_index=17712
[EXEC] instret=676, PC=0x000114c4, pc_index=17713
[EXEC] instret=677, PC=0x000114c8, pc_index=17714
[EXEC] instret=678, PC=0x000114cc, pc_index=17715
[EXEC] instret=679, PC=0x000114d0, pc_index=17716
[EXEC] instret=680, PC=0x000114d4, pc_index=17717
[EXEC] instret=681, PC=0x000114d8, pc_index=17718
[EXEC] instret=682, PC=0x000114dc, pc_index=17719
[EXEC] instret=683, PC=0x000114e0, pc_index=17720
[EXEC] instret=684, PC=0x000114e4, pc_index=17721
[EXEC] instret=685, PC=0x000114e8, pc_index=17722
[EXEC] instret=686, PC=0x000114ec, pc_index=17723
[EXEC] instret=687, PC=0x000114f0, pc_index=17724
[EXEC] instret=688, PC=0x000114f4, pc_index=17725
[EXEC] instret=689, PC=0x000114f8, pc_index=17726
[EXEC] instret=690, PC=0x000114fc, pc_index=17727
[EXEC] instret=691, PC=0x00011500, pc_index=17728
[EXEC] instret=692, PC=0x00011504, pc_index=17729
[EXEC] instret=693, PC=0x00011508, pc_index=17730
[EXEC] instret=694, PC=0x0001150c, pc_index=17731
[EXEC] instret=695, PC=0x00011510, pc_index=17732
[EXEC] instret=696, PC=0x00011514, pc_index=17733
[EXEC] instret=697, PC=0x00011518, pc_index=17734
[EXEC] instret=698, PC=0x0001151c, pc_index=17735
[EXEC] instret=699, PC=0x00011520, pc_index=17736
[EXEC] instret=700, PC=0x00011524, pc_index=17737
[EXEC] instret=701, PC=0x00011528, pc_index=17738
[EXEC] instret=702, PC=0x0001152c, pc_index=17739
[EXEC] instret=703, PC=0x00011530, pc_index=17740
[EXEC] instret=704, PC=0x00011534, pc_index=17741
[EXEC] instret=705, PC=0x0001153c, pc_index=17743
[EXEC] instret=706, PC=0x00011540, pc_index=17744
[EXEC] instret=707, PC=0x00011544, pc_index=17745
[EXEC] instret=708, PC=0x00011548, pc_index=17746
[EXEC] instret=709, PC=0x0001154c, pc_index=17747
[EXEC] instret=710, PC=0x00011554, pc_index=17749
[EXEC] instret=711, PC=0x00011558, pc_index=17750
[EXEC] instret=712, PC=0x0001155c, pc_index=17751
[EXEC] instret=713, PC=0x00011560, pc_index=17752
[EXEC] instret=714, PC=0x00011564, pc_index=17753
[EXEC] instret=715, PC=0x00011594, pc_index=17765
[EXEC] instret=716, PC=0x00011598, pc_index=17766
[EXEC] instret=717, PC=0x0001159c, pc_index=17767
[EXEC] instret=718, PC=0x000115a0, pc_index=17768
[EXEC] instret=719, PC=0x000115a4, pc_index=17769
[EXEC] instret=720, PC=0x000115ac, pc_index=17771
[EXEC] instret=721, PC=0x000115b0, pc_index=17772
[EXEC] instret=722, PC=0x000115b4, pc_index=17773
[EXEC] instret=723, PC=0x000115b8, pc_index=17774
[EXEC] instret=724, PC=0x000115bc, pc_index=17775
[EXEC] instret=725, PC=0x000115c4, pc_index=17777
[EXEC] instret=726, PC=0x000115c8, pc_index=17778
[EXEC] instret=727, PC=0x000115cc, pc_index=17779
[EXEC] instret=728, PC=0x000115d0, pc_index=17780
[EXEC] instret=729, PC=0x000115d4, pc_index=17781
[EXEC] instret=730, PC=0x000115dc, pc_index=17783
[EXEC] instret=731, PC=0x000115e0, pc_index=17784
[EXEC] instret=732, PC=0x000115e4, pc_index=17785
[EXEC] instret=733, PC=0x000115e8, pc_index=17786
[EXEC] instret=734, PC=0x000115ec, pc_index=17787
[EXEC] instret=735, PC=0x000115f4, pc_index=17789
[EXEC] instret=736, PC=0x000115f8, pc_index=17790
[EXEC] instret=737, PC=0x000115fc, pc_index=17791
[EXEC] instret=738, PC=0x00011600, pc_index=17792
[EXEC] instret=739, PC=0x00011604, pc_index=17793
[EXEC] instret=740, PC=0x0001160c, pc_index=17795
[EXEC] instret=741, PC=0x00011610, pc_index=17796
[EXEC] instret=742, PC=0x00011614, pc_index=17797
[EXEC] instret=743, PC=0x00011618, pc_index=17798
[EXEC] instret=744, PC=0x0001161c, pc_index=17799
[EXEC] instret=745, PC=0x00011624, pc_index=17801
[EXEC] instret=746, PC=0x00011628, pc_index=17802
[EXEC] instret=747, PC=0x0001162c, pc_index=17803
[EXEC] instret=748, PC=0x00011630, pc_index=17804
[EXEC] instret=749, PC=0x00011634, pc_index=17805
[EXEC] instret=750, PC=0x0001163c, pc_index=17807
[EXEC] instret=751, PC=0x00011640, pc_index=17808
[EXEC] instret=752, PC=0x00011644, pc_index=17809
[EXEC] instret=753, PC=0x00011648, pc_index=17810
[EXEC] instret=754, PC=0x0001164c, pc_index=17811
[EXEC] instret=755, PC=0x00011654, pc_index=17813
[EXEC] instret=756, PC=0x00011658, pc_index=17814
[EXEC] instret=757, PC=0x0001165c, pc_index=17815
[EXEC] instret=758, PC=0x00011660, pc_index=17816
[EXEC] instret=759, PC=0x00011664, pc_index=17817
[EXEC] instret=760, PC=0x00011668, pc_index=17818
[EXEC] instret=761, PC=0x0001166c, pc_index=17819
[EXEC] instret=762, PC=0x00011670, pc_index=17820
[EXEC] instret=763, PC=0x0001a664, pc_index=27033
[EXEC] instret=764, PC=0x0001a668, pc_index=27034
[EXEC] instret=765, PC=0x0001a66c, pc_index=27035
[EXEC] instret=766, PC=0x0001a670, pc_index=27036
[EXEC] instret=767, PC=0x0001a674, pc_index=27037
[EXEC] instret=768, PC=0x0001a678, pc_index=27038
[EXEC] instret=769, PC=0x0001a67c, pc_index=27039
[EXEC] instret=770, PC=0x0001a680, pc_index=27040
[EXEC] instret=771, PC=0x0001a684, pc_index=27041
[EXEC] instret=772, PC=0x00011674, pc_index=17821
[EXEC] instret=773, PC=0x00011678, pc_index=17822
[EXEC] instret=774, PC=0x000120ec, pc_index=18491
[EXEC] instret=775, PC=0x000120f0, pc_index=18492
[EXEC] instret=776, PC=0x000120f4, pc_index=18493
[EXEC] instret=777, PC=0x000120f8, pc_index=18494
[EXEC] instret=778, PC=0x000120fc, pc_index=18495
[EXEC] instret=779, PC=0x00012100, pc_index=18496
[EXEC] instret=780, PC=0x00012104, pc_index=18497
[EXEC] instret=781, PC=0x00012108, pc_index=18498
[EXEC] instret=782, PC=0x0001210c, pc_index=18499
[EXEC] instret=783, PC=0x00012110, pc_index=18500
[EXEC] instret=784, PC=0x0001abf8, pc_index=27390
[EXEC] instret=785, PC=0x0001abfc, pc_index=27391
[EXEC] instret=786, PC=0x0001caf0, pc_index=29372
[EXEC] instret=787, PC=0x0001caf4, pc_index=29373
[EXEC] instret=788, PC=0x0001caf8, pc_index=29374
[EXEC] instret=789, PC=0x0001cafc, pc_index=29375
[EXEC] instret=790, PC=0x0001cb00, pc_index=29376
[EXEC] instret=791, PC=0x0001cb04, pc_index=29377
[EXEC] instret=792, PC=0x0001cb08, pc_index=29378
[EXEC] instret=793, PC=0x0001cb0c, pc_index=29379
[EXEC] instret=794, PC=0x0001cb10, pc_index=29380
[EXEC] instret=795, PC=0x0001cb14, pc_index=29381
[EXEC] instret=796, PC=0x0001cb18, pc_index=29382
[EXEC] instret=797, PC=0x0001cb1c, pc_index=29383
[EXEC] instret=798, PC=0x0001cb20, pc_index=29384
[EXEC] instret=799, PC=0x0001cb24, pc_index=29385
[EXEC] instret=800, PC=0x0001cb28, pc_index=29386
[EXEC] instret=801, PC=0x0001cb2c, pc_index=29387
[EXEC] instret=802, PC=0x0001cb30, pc_index=29388
[EXEC] instret=803, PC=0x0001cb34, pc_index=29389
[EXEC] instret=804, PC=0x0001cb38, pc_index=29390
[EXEC] instret=805, PC=0x0001cb3c, pc_index=29391
[EXEC] instret=806, PC=0x0001cb40, pc_index=29392
[EXEC] instret=807, PC=0x0001cb44, pc_index=29393
[EXEC] instret=808, PC=0x0001cb48, pc_index=29394
[EXEC] instret=809, PC=0x0001cb4c, pc_index=29395
[EXEC] instret=810, PC=0x0001cb50, pc_index=29396
[EXEC] instret=811, PC=0x0001cb54, pc_index=29397
[EXEC] instret=812, PC=0x0001cb58, pc_index=29398
[EXEC] instret=813, PC=0x0001cb5c, pc_index=29399
[EXEC] instret=814, PC=0x0001cb60, pc_index=29400
[EXEC] instret=815, PC=0x0001cb64, pc_index=29401
[EXEC] instret=816, PC=0x0001cb68, pc_index=29402
[EXEC] instret=817, PC=0x0001cb6c, pc_index=29403
[EXEC] instret=818, PC=0x0001cb70, pc_index=29404
[EXEC] instret=819, PC=0x0001cb74, pc_index=29405
[EXEC] instret=820, PC=0x0001cb78, pc_index=29406
[EXEC] instret=821, PC=0x0001cb7c, pc_index=29407
[EXEC] instret=822, PC=0x0001cb80, pc_index=29408
[EXEC] instret=823, PC=0x0001cb84, pc_index=29409
[EXEC] instret=824, PC=0x0001cb88, pc_index=29410
[EXEC] instret=825, PC=0x0001cba0, pc_index=29416
[EXEC] instret=826, PC=0x0001cba4, pc_index=29417
[EXEC] instret=827, PC=0x0001cbbc, pc_index=29423
[EXEC] instret=828, PC=0x0001cbc0, pc_index=29424
[EXEC] instret=829, PC=0x0001cbc4, pc_index=29425
[EXEC] instret=830, PC=0x0001cbc8, pc_index=29426
[EXEC] instret=831, PC=0x0001cbcc, pc_index=29427
[EXEC] instret=832, PC=0x0001cbd0, pc_index=29428
[EXEC] instret=833, PC=0x0001cbd4, pc_index=29429
[EXEC] instret=834, PC=0x0001cbd8, pc_index=29430
[EXEC] instret=835, PC=0x0001cbdc, pc_index=29431
[EXEC] instret=836, PC=0x0001cbe0, pc_index=29432
[EXEC] instret=837, PC=0x0001cbe4, pc_index=29433
[EXEC] instret=838, PC=0x0001cbe8, pc_index=29434
[EXEC] instret=839, PC=0x0001cbec, pc_index=29435
[EXEC] instret=840, PC=0x0001cbf0, pc_index=29436
[EXEC] instret=841, PC=0x0001cbf4, pc_index=29437
[EXEC] instret=842, PC=0x0001cbf8, pc_index=29438
[EXEC] instret=843, PC=0x0001cbfc, pc_index=29439
[EXEC] instret=844, PC=0x0001cc14, pc_index=29445
[EXEC] instret=845, PC=0x0001cc18, pc_index=29446
[EXEC] instret=846, PC=0x0001cc1c, pc_index=29447
[EXEC] instret=847, PC=0x0001cc20, pc_index=29448
[EXEC] instret=848, PC=0x0001cc24, pc_index=29449
[EXEC] instret=849, PC=0x0001cc28, pc_index=29450
[EXEC] instret=850, PC=0x0001cc2c, pc_index=29451
[EXEC] instret=851, PC=0x0001cc30, pc_index=29452
[EXEC] instret=852, PC=0x0001cc34, pc_index=29453
[EXEC] instret=853, PC=0x0001cc38, pc_index=29454
[EXEC] instret=854, PC=0x0001cc3c, pc_index=29455
[EXEC] instret=855, PC=0x0001cc58, pc_index=29462
[EXEC] instret=856, PC=0x0001cc5c, pc_index=29463
[EXEC] instret=857, PC=0x0001cc60, pc_index=29464
[EXEC] instret=858, PC=0x0001c914, pc_index=29253
[EXEC] instret=859, PC=0x0001c960, pc_index=29272
[EXEC] instret=860, PC=0x0001c964, pc_index=29273
[EXEC] instret=861, PC=0x0001c968, pc_index=29274
[EXEC] instret=862, PC=0x0001c924, pc_index=29257
[EXEC] instret=863, PC=0x0001c928, pc_index=29258
[EXEC] instret=864, PC=0x0001c934, pc_index=29261
[EXEC] instret=865, PC=0x0001c938, pc_index=29262
[EXEC] instret=866, PC=0x0001c944, pc_index=29265
[EXEC] instret=867, PC=0x0001c948, pc_index=29266
[EXEC] instret=868, PC=0x0001c94c, pc_index=29267
[EXEC] instret=869, PC=0x0001c950, pc_index=29268
[EXEC] instret=870, PC=0x0001c954, pc_index=29269
[EXEC] instret=871, PC=0x0001c958, pc_index=29270
[EXEC] instret=872, PC=0x0001c95c, pc_index=29271
[EXEC] instret=873, PC=0x0001cc64, pc_index=29465
[EXEC] instret=874, PC=0x0001cc68, pc_index=29466
[EXEC] instret=875, PC=0x0001cc6c, pc_index=29467
[EXEC] instret=876, PC=0x0001cc70, pc_index=29468
[EXEC] instret=877, PC=0x0001cc74, pc_index=29469
[EXEC] instret=878, PC=0x0001ce34, pc_index=29581
[EXEC] instret=879, PC=0x0001ce38, pc_index=29582
[EXEC] instret=880, PC=0x0001ce3c, pc_index=29583
[EXEC] instret=881, PC=0x0001ce40, pc_index=29584
[EXEC] instret=882, PC=0x0001e73c, pc_index=31183
[EXEC] instret=883, PC=0x0001e740, pc_index=31184
[EXEC] instret=884, PC=0x0001e77c, pc_index=31199
[EXEC] instret=885, PC=0x0001e780, pc_index=31200
[EXEC] instret=886, PC=0x0001e784, pc_index=31201
[EXEC] instret=887, PC=0x0001e788, pc_index=31202
[EXEC] instret=888, PC=0x0001e78c, pc_index=31203
[EXEC] instret=889, PC=0x0001e790, pc_index=31204
[EXEC] instret=890, PC=0x0001e794, pc_index=31205
[EXEC] instret=891, PC=0x0001e798, pc_index=31206
[EXEC] instret=892, PC=0x0001e79c, pc_index=31207
[EXEC] instret=893, PC=0x0001e7a0, pc_index=31208
[EXEC] instret=894, PC=0x0001e7a4, pc_index=31209
[EXEC] instret=895, PC=0x0001e7a8, pc_index=31210
[EXEC] instret=896, PC=0x0001e7ac, pc_index=31211
[EXEC] instret=897, PC=0x0001e7b0, pc_index=31212
[EXEC] instret=898, PC=0x0001e7b4, pc_index=31213
[EXEC] instret=899, PC=0x0001e7b8, pc_index=31214
[EXEC] instret=900, PC=0x0001e7bc, pc_index=31215
[EXEC] instret=901, PC=0x0001e7c0, pc_index=31216
[EXEC] instret=902, PC=0x0001e7c4, pc_index=31217
[EXEC] instret=903, PC=0x0001e7c8, pc_index=31218
[EXEC] instret=904, PC=0x0001e7cc, pc_index=31219
[EXEC] instret=905, PC=0x0001e7d0, pc_index=31220
[EXEC] instret=906, PC=0x0001e7d4, pc_index=31221
[EXEC] instret=907, PC=0x0001e7d8, pc_index=31222
[EXEC] instret=908, PC=0x0001e7dc, pc_index=31223
[EXEC] instret=909, PC=0x0001ce44, pc_index=29585
[EXEC] instret=910, PC=0x0001ce48, pc_index=29586
[EXEC] instret=911, PC=0x0001cc78, pc_index=29470
[EXEC] instret=912, PC=0x0001cc7c, pc_index=29471
[EXEC] instret=913, PC=0x0001cc80, pc_index=29472
[EXEC] instret=914, PC=0x0001cc84, pc_index=29473
[EXEC] instret=915, PC=0x0001cc88, pc_index=29474
[EXEC] instret=916, PC=0x0001cc8c, pc_index=29475
[EXEC] instret=917, PC=0x0001cc90, pc_index=29476
[EXEC] instret=918, PC=0x0001cc94, pc_index=29477
[EXEC] instret=919, PC=0x0001cc98, pc_index=29478
[EXEC] instret=920, PC=0x0001cc9c, pc_index=29479
[EXEC] instret=921, PC=0x0001cca0, pc_index=29480
[EXEC] instret=922, PC=0x0001cca4, pc_index=29481
[EXEC] instret=923, PC=0x0001cca8, pc_index=29482
[EXEC] instret=924, PC=0x0001ccac, pc_index=29483
[EXEC] instret=925, PC=0x0001ccb0, pc_index=29484
[EXEC] instret=926, PC=0x0001ccb4, pc_index=29485
[EXEC] instret=927, PC=0x0001ddcc, pc_index=30579
[EXEC] instret=928, PC=0x0001ddd0, pc_index=30580
[EXEC] instret=929, PC=0x0001ddd4, pc_index=30581
[EXEC] instret=930, PC=0x0001ddd8, pc_index=30582
[EXEC] instret=931, PC=0x0001dddc, pc_index=30583
[EXEC] instret=932, PC=0x0001dde0, pc_index=30584
[EXEC] instret=933, PC=0x0001dde4, pc_index=30585
[EXEC] instret=934, PC=0x0001dde8, pc_index=30586
[EXEC] instret=935, PC=0x0001ddec, pc_index=30587
[EXEC] instret=936, PC=0x0001ddf0, pc_index=30588
[EXEC] instret=937, PC=0x0001ddf4, pc_index=30589
[EXEC] instret=938, PC=0x0001ddf8, pc_index=30590
[EXEC] instret=939, PC=0x0001ddfc, pc_index=30591
[EXEC] instret=940, PC=0x0001de14, pc_index=30597
[EXEC] instret=941, PC=0x0001de18, pc_index=30598
[EXEC] instret=942, PC=0x0001de1c, pc_index=30599
[EXEC] instret=943, PC=0x0001de6c, pc_index=30619
[EXEC] instret=944, PC=0x0001de70, pc_index=30620
[EXEC] instret=945, PC=0x0001de74, pc_index=30621
[EXEC] instret=946, PC=0x0001dea4, pc_index=30633
[EXEC] instret=947, PC=0x0001dea8, pc_index=30634
[EXEC] instret=948, PC=0x0001ded8, pc_index=30646
[EXEC] instret=949, PC=0x0001dedc, pc_index=30647
[EXEC] instret=950, PC=0x0001deac, pc_index=30635
[EXEC] instret=951, PC=0x0001deb0, pc_index=30636
[EXEC] instret=952, PC=0x0001deb4, pc_index=30637
[EXEC] instret=953, PC=0x0001deb8, pc_index=30638
[EXEC] instret=954, PC=0x0001debc, pc_index=30639
[EXEC] instret=955, PC=0x0001dec0, pc_index=30640
[EXEC] instret=956, PC=0x0001dec4, pc_index=30641
[EXEC] instret=957, PC=0x0001dec8, pc_index=30642
[EXEC] instret=958, PC=0x0001decc, pc_index=30643
[EXEC] instret=959, PC=0x0001ded0, pc_index=30644
[EXEC] instret=960, PC=0x0001ded4, pc_index=30645
[EXEC] instret=961, PC=0x00012114, pc_index=18501
[EXEC] instret=962, PC=0x00012118, pc_index=18502
[EXEC] instret=963, PC=0x0001211c, pc_index=18503
[EXEC] instret=964, PC=0x00012120, pc_index=18504
[EXEC] instret=965, PC=0x00012124, pc_index=18505
[EXEC] instret=966, PC=0x00012128, pc_index=18506
[EXEC] instret=967, PC=0x0001212c, pc_index=18507
[EXEC] instret=968, PC=0x0001214c, pc_index=18515
[EXEC] instret=969, PC=0x00012150, pc_index=18516
[EXEC] instret=970, PC=0x00012154, pc_index=18517
[EXEC] instret=971, PC=0x00012158, pc_index=18518
[EXEC] instret=972, PC=0x0001215c, pc_index=18519
[EXEC] instret=973, PC=0x00012160, pc_index=18520
[EXEC] instret=974, PC=0x00012164, pc_index=18521
[EXEC] instret=975, PC=0x00012168, pc_index=18522
[EXEC] instret=976, PC=0x0001216c, pc_index=18523
[EXEC] instret=977, PC=0x00012170, pc_index=18524
[EXEC] instret=978, PC=0x00012174, pc_index=18525
[EXEC] instret=979, PC=0x00012178, pc_index=18526
[EXEC] instret=980, PC=0x00010998, pc_index=16998
[EXEC] instret=981, PC=0x0001099c, pc_index=16999
[EXEC] instret=982, PC=0x000109a0, pc_index=17000
[EXEC] instret=983, PC=0x000109a4, pc_index=17001
[EXEC] instret=984, PC=0x000109a8, pc_index=17002
[EXEC] instret=985, PC=0x000109ac, pc_index=17003
[EXEC] instret=986, PC=0x000109b0, pc_index=17004
[EXEC] instret=987, PC=0x000109b4, pc_index=17005
[EXEC] instret=988, PC=0x000109b8, pc_index=17006
[EXEC] instret=989, PC=0x000109bc, pc_index=17007
[EXEC] instret=990, PC=0x0001008c, pc_index=16419
[EXEC] instret=991, PC=0x00010090, pc_index=16420
[EXEC] instret=992, PC=0x00010094, pc_index=16421
[EXEC] instret=993, PC=0x00010098, pc_index=16422
[EXEC] instret=994, PC=0x0001009c, pc_index=16423
[EXEC] instret=995, PC=0x000100a0, pc_index=16424
[EXEC] instret=996, PC=0x000100a4, pc_index=16425
[EXEC] instret=997, PC=0x000100a8, pc_index=16426
[EXEC] instret=998, PC=0x000100ac, pc_index=16427
[EXEC] instret=999, PC=0x000100b0, pc_index=16428
[EXEC] instret=1000, PC=0x000100b4, pc_index=16429
[FLW-ENTRY] PC=0x000100b4, instret=1000, ENABLED=true
[FLW] PC=0x000100b4, Reading x2 = 0x00080000, imm=0
[FLW] f0 <- mem[0x00080000] = 0x40000000 (2)
[FLW-EXIT] PC: 0x000100b4 -> 0x000100b8, instret=1001
[EXEC] instret=1001, PC=0x000100b8, pc_index=16430
[FLW-ENTRY] PC=0x000100b8, instret=1001, ENABLED=true
[FLW] PC=0x000100b8, Reading x2 = 0x00080000, imm=4
[FLW] f1 <- mem[0x00080004] = 0x40400000 (3)
[FLW-EXIT] PC: 0x000100b8 -> 0x000100bc, instret=1002
[EXEC] instret=1002, PC=0x000100bc, pc_index=16431
[FLW-ENTRY] PC=0x000100bc, instret=1002, ENABLED=true
[FLW] PC=0x000100bc, Reading x2 = 0x00080000, imm=8
[FLW] f3 <- mem[0x00080008] = 0x40800000 (4)
[FLW-EXIT] PC: 0x000100bc -> 0x000100c0, instret=1003
[EXEC] instret=1003, PC=0x000100c0, pc_index=16432
[FMA-ENTRY] PC=0x000100c0, instret=1003, ENABLED=true
[FMA] Calling handler at 0x000108d4, instruction=0x1810724b
[FMA] f0=0x40000000, f1=0x00000000, f3=0x00000000 -> f4
[FMA-EXIT] Jumped to handler: 0x000108d4, return_addr=0x000100c4
[EXEC] instret=1004, PC=0x000108d4, pc_index=16949
[EXEC] instret=1005, PC=0x000108d8, pc_index=16950
[EXEC] instret=1006, PC=0x000108dc, pc_index=16951
[EXEC] instret=1007, PC=0x000108e0, pc_index=16952
[EXEC] instret=1008, PC=0x000108e4, pc_index=16953
[EXEC] instret=1009, PC=0x000108e8, pc_index=16954
[EXEC] instret=1010, PC=0x000108ec, pc_index=16955
[EXEC] instret=1011, PC=0x000108f0, pc_index=16956
[EXEC] instret=1012, PC=0x000108f4, pc_index=16957
[EXEC] instret=1013, PC=0x000108f8, pc_index=16958
[EXEC] instret=1014, PC=0x000108fc, pc_index=16959
[EXEC] instret=1015, PC=0x00010900, pc_index=16960
[EXEC] instret=1016, PC=0x00010904, pc_index=16961
[EXEC] instret=1017, PC=0x00010908, pc_index=16962
[EXEC] instret=1018, PC=0x0001090c, pc_index=16963
[EXEC] instret=1019, PC=0x00010910, pc_index=16964
[EXEC] instret=1020, PC=0x00010914, pc_index=16965
[EXEC] instret=1021, PC=0x00010918, pc_index=16966
[EXEC] instret=1022, PC=0x000109c0, pc_index=17008
[EXEC] instret=1023, PC=0x000109c4, pc_index=17009
[EXEC] instret=1024, PC=0x000109c8, pc_index=17010
[EXEC] instret=1025, PC=0x00010928, pc_index=16970
[EXEC] instret=1026, PC=0x0001092c, pc_index=16971
[EXEC] instret=1027, PC=0x00010930, pc_index=16972
[EXEC] instret=1028, PC=0x00010934, pc_index=16973
[EXEC] instret=1029, PC=0x00010938, pc_index=16974
[EXEC] instret=1030, PC=0x0001093c, pc_index=16975
[EXEC] instret=1031, PC=0x00010940, pc_index=16976
[EXEC] instret=1032, PC=0x00010944, pc_index=16977
[EXEC] instret=1033, PC=0x00010948, pc_index=16978
[EXEC] instret=1034, PC=0x0001094c, pc_index=16979
[EXEC] instret=1035, PC=0x00010950, pc_index=16980
[EXEC] instret=1036, PC=0x00010954, pc_index=16981
[EXEC] instret=1037, PC=0x0001a664, pc_index=27033
[EXEC] instret=1038, PC=0x0001a668, pc_index=27034
[EXEC] instret=1039, PC=0x0001a66c, pc_index=27035
[EXEC] instret=1040, PC=0x0001a670, pc_index=27036
[EXEC] instret=1041, PC=0x0001a674, pc_index=27037
[EXEC] instret=1042, PC=0x0001a678, pc_index=27038
[EXEC] instret=1043, PC=0x0001a68c, pc_index=27043
[EXEC] instret=1044, PC=0x00010958, pc_index=16982
[EXEC] instret=1045, PC=0x0001095c, pc_index=16983
[EXEC] instret=1046, PC=0x00010960, pc_index=16984
[EXEC] instret=1047, PC=0x00010964, pc_index=16985
[EXEC] instret=1048, PC=0x00010968, pc_index=16986
[EXEC] instret=1049, PC=0x0001096c, pc_index=16987
[EXEC] instret=1050, PC=0x00010970, pc_index=16988
[EXEC] instret=1051, PC=0x00010974, pc_index=16989
[EXEC] instret=1052, PC=0x00010978, pc_index=16990
[EXEC] instret=1053, PC=0x0001097c, pc_index=16991
[EXEC] instret=1054, PC=0x00010980, pc_index=16992
[EXEC] instret=1055, PC=0x00010984, pc_index=16993
[EXEC] instret=1056, PC=0x00010d6c, pc_index=17243
[EXEC] instret=1057, PC=0x00010d70, pc_index=17244
[EXEC] instret=1058, PC=0x00010d74, pc_index=17245
[EXEC] instret=1059, PC=0x00011698, pc_index=17830
[EXEC] instret=1060, PC=0x0001169c, pc_index=17831
[EXEC] instret=1061, PC=0x000116a0, pc_index=17832
[EXEC] instret=1062, PC=0x000116a4, pc_index=17833
[EXEC] instret=1063, PC=0x000116a8, pc_index=17834
[EXEC] instret=1064, PC=0x000116ac, pc_index=17835
[EXEC] instret=1065, PC=0x000116b0, pc_index=17836
[EXEC] instret=1066, PC=0x000116b4, pc_index=17837
[EXEC] instret=1067, PC=0x000116b8, pc_index=17838
[EXEC] instret=1068, PC=0x000116bc, pc_index=17839
[EXEC] instret=1069, PC=0x000116c0, pc_index=17840
[EXEC] instret=1070, PC=0x000116c4, pc_index=17841
[EXEC] instret=1071, PC=0x000116c8, pc_index=17842
[EXEC] instret=1072, PC=0x000116cc, pc_index=17843
[EXEC] instret=1073, PC=0x000116d0, pc_index=17844
[EXEC] instret=1074, PC=0x000116d4, pc_index=17845
[EXEC] instret=1075, PC=0x000116d8, pc_index=17846
[EXEC] instret=1076, PC=0x000116dc, pc_index=17847
[EXEC] instret=1077, PC=0x000116e0, pc_index=17848
[EXEC] instret=1078, PC=0x000116e4, pc_index=17849
[EXEC] instret=1079, PC=0x000116e8, pc_index=17850
[EXEC] instret=1080, PC=0x000116ec, pc_index=17851
[EXEC] instret=1081, PC=0x000116f0, pc_index=17852
[EXEC] instret=1082, PC=0x000116f4, pc_index=17853
[EXEC] instret=1083, PC=0x000116f8, pc_index=17854
[EXEC] instret=1084, PC=0x000116fc, pc_index=17855
[EXEC] instret=1085, PC=0x00011700, pc_index=17856
[EXEC] instret=1086, PC=0x00011704, pc_index=17857
[EXEC] instret=1087, PC=0x00011708, pc_index=17858
[EXEC] instret=1088, PC=0x0001170c, pc_index=17859
[EXEC] instret=1089, PC=0x00011710, pc_index=17860
[EXEC] instret=1090, PC=0x00011718, pc_index=17862
[EXEC] instret=1091, PC=0x0001171c, pc_index=17863
[EXEC] instret=1092, PC=0x00011720, pc_index=17864
[EXEC] instret=1093, PC=0x00011724, pc_index=17865
[EXEC] instret=1094, PC=0x00011728, pc_index=17866
[EXEC] instret=1095, PC=0x0001172c, pc_index=17867
[EXEC] instret=1096, PC=0x00011730, pc_index=17868
[EXEC] instret=1097, PC=0x00011734, pc_index=17869
[EXEC] instret=1098, PC=0x0001173c, pc_index=17871
[EXEC] instret=1099, PC=0x00011740, pc_index=17872
[EXEC] instret=1100, PC=0x00011744, pc_index=17873
[EXEC] instret=1101, PC=0x00011748, pc_index=17874
[EXEC] instret=1102, PC=0x0001174c, pc_index=17875
[EXEC] instret=1103, PC=0x0001177c, pc_index=17887
[EXEC] instret=1104, PC=0x00011780, pc_index=17888
[EXEC] instret=1105, PC=0x00011784, pc_index=17889
[EXEC] instret=1106, PC=0x00011788, pc_index=17890
[EXEC] instret=1107, PC=0x0001178c, pc_index=17891
[EXEC] instret=1108, PC=0x00011794, pc_index=17893
[EXEC] instret=1109, PC=0x00011798, pc_index=17894
[EXEC] instret=1110, PC=0x0001179c, pc_index=17895
[EXEC] instret=1111, PC=0x000117a0, pc_index=17896
[EXEC] instret=1112, PC=0x000117a4, pc_index=17897
[EXEC] instret=1113, PC=0x000117ac, pc_index=17899
[EXEC] instret=1114, PC=0x000117b0, pc_index=17900
[EXEC] instret=1115, PC=0x000117b4, pc_index=17901
[EXEC] instret=1116, PC=0x000117b8, pc_index=17902
[EXEC] instret=1117, PC=0x000117bc, pc_index=17903
[EXEC] instret=1118, PC=0x000117c4, pc_index=17905
[EXEC] instret=1119, PC=0x000117c8, pc_index=17906
[EXEC] instret=1120, PC=0x000117cc, pc_index=17907
[EXEC] instret=1121, PC=0x000117d0, pc_index=17908
[EXEC] instret=1122, PC=0x000117d4, pc_index=17909
[EXEC] instret=1123, PC=0x000117dc, pc_index=17911
[EXEC] instret=1124, PC=0x000117e0, pc_index=17912
[EXEC] instret=1125, PC=0x000117e4, pc_index=17913
[EXEC] instret=1126, PC=0x000117e8, pc_index=17914
[EXEC] instret=1127, PC=0x000117ec, pc_index=17915
[EXEC] instret=1128, PC=0x000117f4, pc_index=17917
[EXEC] instret=1129, PC=0x000117f8, pc_index=17918
[EXEC] instret=1130, PC=0x000117fc, pc_index=17919
[EXEC] instret=1131, PC=0x00011800, pc_index=17920
[EXEC] instret=1132, PC=0x00011804, pc_index=17921
[EXEC] instret=1133, PC=0x00011808, pc_index=17922
[EXEC] instret=1134, PC=0x00014b34, pc_index=21197
[EXEC] instret=1135, PC=0x00014b38, pc_index=21198
[EXEC] instret=1136, PC=0x00014b3c, pc_index=21199
[EXEC] instret=1137, PC=0x00014b40, pc_index=21200
[EXEC] instret=1138, PC=0x00014b44, pc_index=21201
[EXEC] instret=1139, PC=0x00014b5c, pc_index=21207
[EXEC] instret=1140, PC=0x00014b60, pc_index=21208
[EXEC] instret=1141, PC=0x00014b64, pc_index=21209
[EXEC] instret=1142, PC=0x00014b68, pc_index=21210
[EXEC] instret=1143, PC=0x00014b6c, pc_index=21211
[EXEC] instret=1144, PC=0x00014b70, pc_index=21212
[EXEC] instret=1145, PC=0x00014b74, pc_index=21213
[EXEC] instret=1146, PC=0x00014b78, pc_index=21214
[EXEC] instret=1147, PC=0x0001a664, pc_index=27033
[EXEC] instret=1148, PC=0x0001a668, pc_index=27034
[EXEC] instret=1149, PC=0x0001a66c, pc_index=27035
[EXEC] instret=1150, PC=0x0001a670, pc_index=27036
[EXEC] instret=1151, PC=0x0001a674, pc_index=27037
[EXEC] instret=1152, PC=0x0001a678, pc_index=27038
[EXEC] instret=1153, PC=0x0001a67c, pc_index=27039
[EXEC] instret=1154, PC=0x0001a680, pc_index=27040
[EXEC] instret=1155, PC=0x0001a684, pc_index=27041
[EXEC] instret=1156, PC=0x00014b7c, pc_index=21215
[EXEC] instret=1157, PC=0x00014b80, pc_index=21216
[EXEC] instret=1158, PC=0x00014bac, pc_index=21227
[EXEC] instret=1159, PC=0x00014bb0, pc_index=21228
[EXEC] instret=1160, PC=0x00014bb4, pc_index=21229
[EXEC] instret=1161, PC=0x00014bb8, pc_index=21230
[EXEC] instret=1162, PC=0x00014bbc, pc_index=21231
[EXEC] instret=1163, PC=0x00014bc0, pc_index=21232
[EXEC] instret=1164, PC=0x00014bc4, pc_index=21233
[EXEC] instret=1165, PC=0x00014bc8, pc_index=21234
[EXEC] instret=1166, PC=0x00014bcc, pc_index=21235
[EXEC] instret=1167, PC=0x00014bd0, pc_index=21236
[EXEC] instret=1168, PC=0x0001abf8, pc_index=27390
[EXEC] instret=1169, PC=0x0001abfc, pc_index=27391
[EXEC] instret=1170, PC=0x0001caf0, pc_index=29372
[EXEC] instret=1171, PC=0x0001caf4, pc_index=29373
[EXEC] instret=1172, PC=0x0001caf8, pc_index=29374
[EXEC] instret=1173, PC=0x0001cafc, pc_index=29375
[EXEC] instret=1174, PC=0x0001cb00, pc_index=29376
[EXEC] instret=1175, PC=0x0001cb04, pc_index=29377
[EXEC] instret=1176, PC=0x0001cb08, pc_index=29378
[EXEC] instret=1177, PC=0x0001cb0c, pc_index=29379
[EXEC] instret=1178, PC=0x0001cb10, pc_index=29380
[EXEC] instret=1179, PC=0x0001cb14, pc_index=29381
[EXEC] instret=1180, PC=0x0001cb18, pc_index=29382
[EXEC] instret=1181, PC=0x0001cb1c, pc_index=29383
[EXEC] instret=1182, PC=0x0001cb20, pc_index=29384
[EXEC] instret=1183, PC=0x0001cb24, pc_index=29385
[EXEC] instret=1184, PC=0x0001cb28, pc_index=29386
[EXEC] instret=1185, PC=0x0001cb2c, pc_index=29387
[EXEC] instret=1186, PC=0x0001cb30, pc_index=29388
[EXEC] instret=1187, PC=0x0001cb34, pc_index=29389
[EXEC] instret=1188, PC=0x0001cb38, pc_index=29390
[EXEC] instret=1189, PC=0x0001cb3c, pc_index=29391
[EXEC] instret=1190, PC=0x0001cb40, pc_index=29392
[EXEC] instret=1191, PC=0x0001cb44, pc_index=29393
[EXEC] instret=1192, PC=0x0001cb48, pc_index=29394
[EXEC] instret=1193, PC=0x0001cb4c, pc_index=29395
[EXEC] instret=1194, PC=0x0001cb50, pc_index=29396
[EXEC] instret=1195, PC=0x0001cb54, pc_index=29397
[EXEC] instret=1196, PC=0x0001cb58, pc_index=29398
[EXEC] instret=1197, PC=0x0001cb5c, pc_index=29399
[EXEC] instret=1198, PC=0x0001cb60, pc_index=29400
[EXEC] instret=1199, PC=0x0001cb64, pc_index=29401
[EXEC] instret=1200, PC=0x0001cb68, pc_index=29402
[EXEC] instret=1201, PC=0x0001cb6c, pc_index=29403
[EXEC] instret=1202, PC=0x0001cb70, pc_index=29404
[EXEC] instret=1203, PC=0x0001cb74, pc_index=29405
[EXEC] instret=1204, PC=0x0001cb78, pc_index=29406
[EXEC] instret=1205, PC=0x0001cb7c, pc_index=29407
[EXEC] instret=1206, PC=0x0001cb80, pc_index=29408
[EXEC] instret=1207, PC=0x0001cb84, pc_index=29409
[EXEC] instret=1208, PC=0x0001cb88, pc_index=29410
[EXEC] instret=1209, PC=0x0001cba0, pc_index=29416
[EXEC] instret=1210, PC=0x0001cba4, pc_index=29417
[EXEC] instret=1211, PC=0x0001cbbc, pc_index=29423
[EXEC] instret=1212, PC=0x0001cbc0, pc_index=29424
[EXEC] instret=1213, PC=0x0001cbc4, pc_index=29425
[EXEC] instret=1214, PC=0x0001cbc8, pc_index=29426
[EXEC] instret=1215, PC=0x0001cbcc, pc_index=29427
[EXEC] instret=1216, PC=0x0001cbd0, pc_index=29428
[EXEC] instret=1217, PC=0x0001cbd4, pc_index=29429
[EXEC] instret=1218, PC=0x0001cbd8, pc_index=29430
[EXEC] instret=1219, PC=0x0001cbdc, pc_index=29431
[EXEC] instret=1220, PC=0x0001cbe0, pc_index=29432
[EXEC] instret=1221, PC=0x0001cbe4, pc_index=29433
[EXEC] instret=1222, PC=0x0001cbe8, pc_index=29434
[EXEC] instret=1223, PC=0x0001cbec, pc_index=29435
[EXEC] instret=1224, PC=0x0001cbf0, pc_index=29436
[EXEC] instret=1225, PC=0x0001cbf4, pc_index=29437
[EXEC] instret=1226, PC=0x0001cbf8, pc_index=29438
[EXEC] instret=1227, PC=0x0001cbfc, pc_index=29439
[EXEC] instret=1228, PC=0x0001cc14, pc_index=29445
[EXEC] instret=1229, PC=0x0001cc18, pc_index=29446
[EXEC] instret=1230, PC=0x0001cc1c, pc_index=29447
[EXEC] instret=1231, PC=0x0001cc20, pc_index=29448
[EXEC] instret=1232, PC=0x0001cc24, pc_index=29449
[EXEC] instret=1233, PC=0x0001cc28, pc_index=29450
[EXEC] instret=1234, PC=0x0001cc2c, pc_index=29451
[EXEC] instret=1235, PC=0x0001cc30, pc_index=29452
[EXEC] instret=1236, PC=0x0001cc34, pc_index=29453
[EXEC] instret=1237, PC=0x0001cc38, pc_index=29454
[EXEC] instret=1238, PC=0x0001cc3c, pc_index=29455
[EXEC] instret=1239, PC=0x0001cc58, pc_index=29462
[EXEC] instret=1240, PC=0x0001cc5c, pc_index=29463
[EXEC] instret=1241, PC=0x0001cc60, pc_index=29464
[EXEC] instret=1242, PC=0x0001c914, pc_index=29253
[EXEC] instret=1243, PC=0x0001c960, pc_index=29272
[EXEC] instret=1244, PC=0x0001c964, pc_index=29273
[EXEC] instret=1245, PC=0x0001c968, pc_index=29274
[EXEC] instret=1246, PC=0x0001c924, pc_index=29257
[EXEC] instret=1247, PC=0x0001c928, pc_index=29258
[EXEC] instret=1248, PC=0x0001c934, pc_index=29261
[EXEC] instret=1249, PC=0x0001c938, pc_index=29262
[EXEC] instret=1250, PC=0x0001c944, pc_index=29265
[EXEC] instret=1251, PC=0x0001c948, pc_index=29266
[EXEC] instret=1252, PC=0x0001c94c, pc_index=29267
[EXEC] instret=1253, PC=0x0001c950, pc_index=29268
[EXEC] instret=1254, PC=0x0001c954, pc_index=29269
[EXEC] instret=1255, PC=0x0001c958, pc_index=29270
[EXEC] instret=1256, PC=0x0001c95c, pc_index=29271
[EXEC] instret=1257, PC=0x0001cc64, pc_index=29465
[EXEC] instret=1258, PC=0x0001cc68, pc_index=29466
[EXEC] instret=1259, PC=0x0001cc6c, pc_index=29467
[EXEC] instret=1260, PC=0x0001cc70, pc_index=29468
[EXEC] instret=1261, PC=0x0001cc74, pc_index=29469
[EXEC] instret=1262, PC=0x0001ce34, pc_index=29581
[EXEC] instret=1263, PC=0x0001ce38, pc_index=29582
[EXEC] instret=1264, PC=0x0001ce3c, pc_index=29583
[EXEC] instret=1265, PC=0x0001ce40, pc_index=29584
[EXEC] instret=1266, PC=0x0001e73c, pc_index=31183
[EXEC] instret=1267, PC=0x0001e740, pc_index=31184
[EXEC] instret=1268, PC=0x0001e77c, pc_index=31199
[EXEC] instret=1269, PC=0x0001e780, pc_index=31200
[EXEC] instret=1270, PC=0x0001e784, pc_index=31201
[EXEC] instret=1271, PC=0x0001e788, pc_index=31202
[EXEC] instret=1272, PC=0x0001e78c, pc_index=31203
[EXEC] instret=1273, PC=0x0001e790, pc_index=31204
[EXEC] instret=1274, PC=0x0001e794, pc_index=31205
[EXEC] instret=1275, PC=0x0001e798, pc_index=31206
[EXEC] instret=1276, PC=0x0001e79c, pc_index=31207
[EXEC] instret=1277, PC=0x0001e7a0, pc_index=31208
[EXEC] instret=1278, PC=0x0001e7a4, pc_index=31209
[EXEC] instret=1279, PC=0x0001e7a8, pc_index=31210
[EXEC] instret=1280, PC=0x0001e7ac, pc_index=31211
[EXEC] instret=1281, PC=0x0001e7b0, pc_index=31212
[EXEC] instret=1282, PC=0x0001e7b4, pc_index=31213
[EXEC] instret=1283, PC=0x0001e7b8, pc_index=31214
[EXEC] instret=1284, PC=0x0001e7bc, pc_index=31215
[EXEC] instret=1285, PC=0x0001e7c0, pc_index=31216
[EXEC] instret=1286, PC=0x0001e7c4, pc_index=31217
[EXEC] instret=1287, PC=0x0001e7c8, pc_index=31218
[EXEC] instret=1288, PC=0x0001e7cc, pc_index=31219
[EXEC] instret=1289, PC=0x0001e7d0, pc_index=31220
[EXEC] instret=1290, PC=0x0001e7d4, pc_index=31221
[EXEC] instret=1291, PC=0x0001e7d8, pc_index=31222
[EXEC] instret=1292, PC=0x0001e7dc, pc_index=31223
[EXEC] instret=1293, PC=0x0001ce44, pc_index=29585
[EXEC] instret=1294, PC=0x0001ce48, pc_index=29586
[EXEC] instret=1295, PC=0x0001cc78, pc_index=29470
[EXEC] instret=1296, PC=0x0001cc7c, pc_index=29471
[EXEC] instret=1297, PC=0x0001cc80, pc_index=29472
[EXEC] instret=1298, PC=0x0001cc84, pc_index=29473
[EXEC] instret=1299, PC=0x0001cc88, pc_index=29474
[EXEC] instret=1300, PC=0x0001cc8c, pc_index=29475
[EXEC] instret=1301, PC=0x0001cc90, pc_index=29476
[EXEC] instret=1302, PC=0x0001cc94, pc_index=29477
[EXEC] instret=1303, PC=0x0001cc98, pc_index=29478
[EXEC] instret=1304, PC=0x0001cc9c, pc_index=29479
[EXEC] instret=1305, PC=0x0001cca0, pc_index=29480
[EXEC] instret=1306, PC=0x0001cca4, pc_index=29481
[EXEC] instret=1307, PC=0x0001cca8, pc_index=29482
[EXEC] instret=1308, PC=0x0001ccac, pc_index=29483
[EXEC] instret=1309, PC=0x0001ccb0, pc_index=29484
[EXEC] instret=1310, PC=0x0001ccb4, pc_index=29485
[EXEC] instret=1311, PC=0x0001ddcc, pc_index=30579
[EXEC] instret=1312, PC=0x0001ddd0, pc_index=30580
[EXEC] instret=1313, PC=0x0001ddd4, pc_index=30581
[EXEC] instret=1314, PC=0x0001ddd8, pc_index=30582
[EXEC] instret=1315, PC=0x0001dddc, pc_index=30583
[EXEC] instret=1316, PC=0x0001dde0, pc_index=30584
[EXEC] instret=1317, PC=0x0001dde4, pc_index=30585
[EXEC] instret=1318, PC=0x0001dde8, pc_index=30586
[EXEC] instret=1319, PC=0x0001ddec, pc_index=30587
[EXEC] instret=1320, PC=0x0001ddf0, pc_index=30588
[EXEC] instret=1321, PC=0x0001ddf4, pc_index=30589
[EXEC] instret=1322, PC=0x0001ddf8, pc_index=30590
[EXEC] instret=1323, PC=0x0001ddfc, pc_index=30591
[EXEC] instret=1324, PC=0x0001de14, pc_index=30597
[EXEC] instret=1325, PC=0x0001de18, pc_index=30598
[EXEC] instret=1326, PC=0x0001de1c, pc_index=30599
[EXEC] instret=1327, PC=0x0001de6c, pc_index=30619
[EXEC] instret=1328, PC=0x0001de70, pc_index=30620
[EXEC] instret=1329, PC=0x0001de74, pc_index=30621
[EXEC] instret=1330, PC=0x0001dea4, pc_index=30633
[EXEC] instret=1331, PC=0x0001dea8, pc_index=30634
[EXEC] instret=1332, PC=0x0001ded8, pc_index=30646
[EXEC] instret=1333, PC=0x0001dedc, pc_index=30647
[EXEC] instret=1334, PC=0x0001deac, pc_index=30635
[EXEC] instret=1335, PC=0x0001deb0, pc_index=30636
[EXEC] instret=1336, PC=0x0001deb4, pc_index=30637
[EXEC] instret=1337, PC=0x0001deb8, pc_index=30638
[EXEC] instret=1338, PC=0x0001debc, pc_index=30639
[EXEC] instret=1339, PC=0x0001dec0, pc_index=30640
[EXEC] instret=1340, PC=0x0001dec4, pc_index=30641
[EXEC] instret=1341, PC=0x0001dec8, pc_index=30642
[EXEC] instret=1342, PC=0x0001decc, pc_index=30643
[EXEC] instret=1343, PC=0x0001ded0, pc_index=30644
[EXEC] instret=1344, PC=0x0001ded4, pc_index=30645
[EXEC] instret=1345, PC=0x00014bd4, pc_index=21237
[EXEC] instret=1346, PC=0x00014bd8, pc_index=21238
[EXEC] instret=1347, PC=0x00014bdc, pc_index=21239
[EXEC] instret=1348, PC=0x00014be0, pc_index=21240
[EXEC] instret=1349, PC=0x00014be4, pc_index=21241
[EXEC] instret=1350, PC=0x00014be8, pc_index=21242
[EXEC] instret=1351, PC=0x00014bec, pc_index=21243
[EXEC] instret=1352, PC=0x00014c08, pc_index=21250
[EXEC] instret=1353, PC=0x00014c0c, pc_index=21251
[EXEC] instret=1354, PC=0x00014c10, pc_index=21252
[EXEC] instret=1355, PC=0x00014c14, pc_index=21253
[EXEC] instret=1356, PC=0x00014c18, pc_index=21254
[EXEC] instret=1357, PC=0x00014c1c, pc_index=21255
[EXEC] instret=1358, PC=0x00014c20, pc_index=21256
[EXEC] instret=1359, PC=0x00014c24, pc_index=21257
[EXEC] instret=1360, PC=0x00014c28, pc_index=21258
[EXEC] instret=1361, PC=0x00010998, pc_index=16998
[EXEC] instret=1362, PC=0x0001099c, pc_index=16999
[EXEC] instret=1363, PC=0x000109a0, pc_index=17000
[EXEC] instret=1364, PC=0x000109a4, pc_index=17001
[EXEC] instret=1365, PC=0x000109a8, pc_index=17002
[EXEC] instret=1366, PC=0x000109ac, pc_index=17003
[EXEC] instret=1367, PC=0x000109b0, pc_index=17004
[EXEC] instret=1368, PC=0x000109b4, pc_index=17005
[EXEC] instret=1369, PC=0x000109b8, pc_index=17006
[EXEC] instret=1370, PC=0x000109bc, pc_index=17007
[EXEC] instret=1371, PC=0x000100c4, pc_index=16433
[EXEC] instret=1372, PC=0x000100c8, pc_index=16434
[EXEC] instret=1373, PC=0x000100cc, pc_index=16435
[EXEC] instret=1374, PC=0x000100d0, pc_index=16436
[EXEC] instret=1375, PC=0x000100d4, pc_index=16437
[EXEC] instret=1376, PC=0x000100d8, pc_index=16438
[EXEC] instret=1377, PC=0x000100dc, pc_index=16439
[EXEC] instret=1378, PC=0x000100e0, pc_index=16440
[EXEC] instret=1379, PC=0x000100e4, pc_index=16441
[EXEC] instret=1380, PC=0x000100e8, pc_index=16442
[EXEC] instret=1381, PC=0x000100ec, pc_index=16443
[FLW-ENTRY] PC=0x000100ec, instret=1381, ENABLED=true
[FLW] PC=0x000100ec, Reading x2 = 0x00080000, imm=0
[FLW] f0 <- mem[0x00080000] = 0x40000000 (2)
[FLW-EXIT] PC: 0x000100ec -> 0x000100f0, instret=1382
[EXEC] instret=1382, PC=0x000100f0, pc_index=16444
[FLW-ENTRY] PC=0x000100f0, instret=1382, ENABLED=true
[FLW] PC=0x000100f0, Reading x2 = 0x00080000, imm=4
[FLW] f1 <- mem[0x00080004] = 0x40400000 (3)
[FLW-EXIT] PC: 0x000100f0 -> 0x000100f4, instret=1383
[EXEC] instret=1383, PC=0x000100f4, pc_index=16445
[FLW-ENTRY] PC=0x000100f4, instret=1383, ENABLED=true
[FLW] PC=0x000100f4, Reading x2 = 0x00080000, imm=8
[FLW] f3 <- mem[0x00080008] = 0x40800000 (4)
[FLW-EXIT] PC: 0x000100f4 -> 0x000100f8, instret=1384
[EXEC] instret=1384, PC=0x000100f8, pc_index=16446
[FMA-ENTRY] PC=0x000100f8, instret=1384, ENABLED=true
[FMA] Calling handler at 0x000108d4, instruction=0x1810724f
[FMA] f0=0x40000000, f1=0x00000000, f3=0x00000000 -> f4
[FMA-EXIT] Jumped to handler: 0x000108d4, return_addr=0x000100fc
[EXEC] instret=1385, PC=0x000108d4, pc_index=16949
[EXEC] instret=1386, PC=0x000108d8, pc_index=16950
[EXEC] instret=1387, PC=0x000108dc, pc_index=16951
[EXEC] instret=1388, PC=0x000108e0, pc_index=16952
[EXEC] instret=1389, PC=0x000108e4, pc_index=16953
[EXEC] instret=1390, PC=0x000108e8, pc_index=16954
[EXEC] instret=1391, PC=0x000108ec, pc_index=16955
[EXEC] instret=1392, PC=0x000108f0, pc_index=16956
[EXEC] instret=1393, PC=0x000108f4, pc_index=16957
[EXEC] instret=1394, PC=0x000108f8, pc_index=16958
[EXEC] instret=1395, PC=0x000108fc, pc_index=16959
[EXEC] instret=1396, PC=0x00010900, pc_index=16960
[EXEC] instret=1397, PC=0x00010904, pc_index=16961
[EXEC] instret=1398, PC=0x00010908, pc_index=16962
[EXEC] instret=1399, PC=0x0001090c, pc_index=16963
[EXEC] instret=1400, PC=0x00010910, pc_index=16964
[EXEC] instret=1401, PC=0x00010914, pc_index=16965
[EXEC] instret=1402, PC=0x00010918, pc_index=16966
[EXEC] instret=1403, PC=0x000109c0, pc_index=17008
[EXEC] instret=1404, PC=0x000109c4, pc_index=17009
[EXEC] instret=1405, PC=0x000109c8, pc_index=17010
[EXEC] instret=1406, PC=0x00010928, pc_index=16970
[EXEC] instret=1407, PC=0x0001092c, pc_index=16971
[EXEC] instret=1408, PC=0x00010930, pc_index=16972
[EXEC] instret=1409, PC=0x00010934, pc_index=16973
[EXEC] instret=1410, PC=0x00010938, pc_index=16974
[EXEC] instret=1411, PC=0x0001093c, pc_index=16975
[EXEC] instret=1412, PC=0x00010940, pc_index=16976
[EXEC] instret=1413, PC=0x00010944, pc_index=16977
[EXEC] instret=1414, PC=0x00010948, pc_index=16978
[EXEC] instret=1415, PC=0x0001094c, pc_index=16979
[EXEC] instret=1416, PC=0x00010950, pc_index=16980
[EXEC] instret=1417, PC=0x00010954, pc_index=16981
[EXEC] instret=1418, PC=0x0001a664, pc_index=27033
[EXEC] instret=1419, PC=0x0001a668, pc_index=27034
[EXEC] instret=1420, PC=0x0001a66c, pc_index=27035
[EXEC] instret=1421, PC=0x0001a670, pc_index=27036
[EXEC] instret=1422, PC=0x0001a674, pc_index=27037
[EXEC] instret=1423, PC=0x0001a678, pc_index=27038
[EXEC] instret=1424, PC=0x0001a68c, pc_index=27043
[EXEC] instret=1425, PC=0x00010958, pc_index=16982
[EXEC] instret=1426, PC=0x0001095c, pc_index=16983
[EXEC] instret=1427, PC=0x00010960, pc_index=16984
[EXEC] instret=1428, PC=0x00010964, pc_index=16985
[EXEC] instret=1429, PC=0x00010968, pc_index=16986
[EXEC] instret=1430, PC=0x0001096c, pc_index=16987
[EXEC] instret=1431, PC=0x00010970, pc_index=16988
[EXEC] instret=1432, PC=0x00010974, pc_index=16989
[EXEC] instret=1433, PC=0x00010978, pc_index=16990
[EXEC] instret=1434, PC=0x0001097c, pc_index=16991
[EXEC] instret=1435, PC=0x00010980, pc_index=16992
[EXEC] instret=1436, PC=0x00010984, pc_index=16993
[EXEC] instret=1437, PC=0x00010f74, pc_index=17373
[EXEC] instret=1438, PC=0x00010f78, pc_index=17374
[EXEC] instret=1439, PC=0x00010f7c, pc_index=17375
[EXEC] instret=1440, PC=0x00011870, pc_index=17948
[EXEC] instret=1441, PC=0x00011874, pc_index=17949
[EXEC] instret=1442, PC=0x00011878, pc_index=17950
[EXEC] instret=1443, PC=0x0001187c, pc_index=17951
[EXEC] instret=1444, PC=0x00011880, pc_index=17952
[EXEC] instret=1445, PC=0x00011884, pc_index=17953
[EXEC] instret=1446, PC=0x00011888, pc_index=17954
[EXEC] instret=1447, PC=0x0001188c, pc_index=17955
[EXEC] instret=1448, PC=0x00011890, pc_index=17956
[EXEC] instret=1449, PC=0x00011894, pc_index=17957
[EXEC] instret=1450, PC=0x00011898, pc_index=17958
[EXEC] instret=1451, PC=0x0001189c, pc_index=17959
[EXEC] instret=1452, PC=0x000118a0, pc_index=17960
[EXEC] instret=1453, PC=0x000118a4, pc_index=17961
[EXEC] instret=1454, PC=0x000118a8, pc_index=17962
[EXEC] instret=1455, PC=0x000118ac, pc_index=17963
[EXEC] instret=1456, PC=0x000118b0, pc_index=17964
[EXEC] instret=1457, PC=0x000118b4, pc_index=17965
[EXEC] instret=1458, PC=0x000118b8, pc_index=17966
[EXEC] instret=1459, PC=0x000118bc, pc_index=17967
[EXEC] instret=1460, PC=0x000118c0, pc_index=17968
[EXEC] instret=1461, PC=0x000118c4, pc_index=17969
[EXEC] instret=1462, PC=0x000118c8, pc_index=17970
[EXEC] instret=1463, PC=0x000118cc, pc_index=17971
[EXEC] instret=1464, PC=0x000118d0, pc_index=17972
[EXEC] instret=1465, PC=0x000118d4, pc_index=17973
[EXEC] instret=1466, PC=0x000118d8, pc_index=17974
[EXEC] instret=1467, PC=0x000118dc, pc_index=17975
[EXEC] instret=1468, PC=0x000118e0, pc_index=17976
[EXEC] instret=1469, PC=0x000118e4, pc_index=17977
[EXEC] instret=1470, PC=0x000118e8, pc_index=17978
[EXEC] instret=1471, PC=0x000118f0, pc_index=17980
[EXEC] instret=1472, PC=0x000118f4, pc_index=17981
[EXEC] instret=1473, PC=0x000118f8, pc_index=17982
[EXEC] instret=1474, PC=0x000118fc, pc_index=17983
[EXEC] instret=1475, PC=0x00011900, pc_index=17984
[EXEC] instret=1476, PC=0x00011904, pc_index=17985
[EXEC] instret=1477, PC=0x00011908, pc_index=17986
[EXEC] instret=1478, PC=0x0001190c, pc_index=17987
[EXEC] instret=1479, PC=0x00011914, pc_index=17989
[EXEC] instret=1480, PC=0x00011918, pc_index=17990
[EXEC] instret=1481, PC=0x0001191c, pc_index=17991
[EXEC] instret=1482, PC=0x00011920, pc_index=17992
[EXEC] instret=1483, PC=0x00011924, pc_index=17993
[EXEC] instret=1484, PC=0x00011954, pc_index=18005
[EXEC] instret=1485, PC=0x00011958, pc_index=18006
[EXEC] instret=1486, PC=0x0001195c, pc_index=18007
[EXEC] instret=1487, PC=0x00011960, pc_index=18008
[EXEC] instret=1488, PC=0x00011964, pc_index=18009
[EXEC] instret=1489, PC=0x0001196c, pc_index=18011
[EXEC] instret=1490, PC=0x00011970, pc_index=18012
[EXEC] instret=1491, PC=0x00011974, pc_index=18013
[EXEC] instret=1492, PC=0x00011978, pc_index=18014
[EXEC] instret=1493, PC=0x0001197c, pc_index=18015
[EXEC] instret=1494, PC=0x00011984, pc_index=18017
[EXEC] instret=1495, PC=0x00011988, pc_index=18018
[EXEC] instret=1496, PC=0x0001198c, pc_index=18019
[EXEC] instret=1497, PC=0x00011990, pc_index=18020
[EXEC] instret=1498, PC=0x00011994, pc_index=18021
[EXEC] instret=1499, PC=0x0001199c, pc_index=18023
[EXEC] instret=1500, PC=0x000119a0, pc_index=18024
[EXEC] instret=1501, PC=0x000119a4, pc_index=18025
[EXEC] instret=1502, PC=0x000119a8, pc_index=18026
[EXEC] instret=1503, PC=0x000119ac, pc_index=18027
[EXEC] instret=1504, PC=0x000119b4, pc_index=18029
[EXEC] instret=1505, PC=0x000119b8, pc_index=18030
[EXEC] instret=1506, PC=0x000119bc, pc_index=18031
[EXEC] instret=1507, PC=0x000119c0, pc_index=18032
[EXEC] instret=1508, PC=0x000119c4, pc_index=18033
[EXEC] instret=1509, PC=0x000119cc, pc_index=18035
[EXEC] instret=1510, PC=0x000119d0, pc_index=18036
[EXEC] instret=1511, PC=0x000119d4, pc_index=18037
[EXEC] instret=1512, PC=0x000119d8, pc_index=18038
[EXEC] instret=1513, PC=0x000119dc, pc_index=18039
[EXEC] instret=1514, PC=0x000119e0, pc_index=18040
[EXEC] instret=1515, PC=0x000148f4, pc_index=21053
[EXEC] instret=1516, PC=0x000148f8, pc_index=21054
[EXEC] instret=1517, PC=0x000148fc, pc_index=21055
[EXEC] instret=1518, PC=0x00014900, pc_index=21056
[EXEC] instret=1519, PC=0x00014904, pc_index=21057
[EXEC] instret=1520, PC=0x0001491c, pc_index=21063
[EXEC] instret=1521, PC=0x00014920, pc_index=21064
[EXEC] instret=1522, PC=0x00014924, pc_index=21065
[EXEC] instret=1523, PC=0x00014928, pc_index=21066
[EXEC] instret=1524, PC=0x0001492c, pc_index=21067
[EXEC] instret=1525, PC=0x00014ee0, pc_index=21432
[EXEC] instret=1526, PC=0x00014ee4, pc_index=21433
[EXEC] instret=1527, PC=0x00014ee8, pc_index=21434
[EXEC] instret=1528, PC=0x00014eec, pc_index=21435
[EXEC] instret=1529, PC=0x00014ef0, pc_index=21436
[EXEC] instret=1530, PC=0x00014ef4, pc_index=21437
[EXEC] instret=1531, PC=0x00014ef8, pc_index=21438
[EXEC] instret=1532, PC=0x00014efc, pc_index=21439
[EXEC] instret=1533, PC=0x0001a664, pc_index=27033
[EXEC] instret=1534, PC=0x0001a668, pc_index=27034
[EXEC] instret=1535, PC=0x0001a66c, pc_index=27035
[EXEC] instret=1536, PC=0x0001a670, pc_index=27036
[EXEC] instret=1537, PC=0x0001a674, pc_index=27037
[EXEC] instret=1538, PC=0x0001a678, pc_index=27038
[EXEC] instret=1539, PC=0x0001a67c, pc_index=27039
[EXEC] instret=1540, PC=0x0001a680, pc_index=27040
[EXEC] instret=1541, PC=0x0001a684, pc_index=27041
[EXEC] instret=1542, PC=0x00014f00, pc_index=21440
[EXEC] instret=1543, PC=0x00014f04, pc_index=21441
[EXEC] instret=1544, PC=0x00014f08, pc_index=21442
[EXEC] instret=1545, PC=0x00015fa0, pc_index=22504
[EXEC] instret=1546, PC=0x00015fa4, pc_index=22505
[EXEC] instret=1547, PC=0x00015fa8, pc_index=22506
[EXEC] instret=1548, PC=0x00015fac, pc_index=22507
[EXEC] instret=1549, PC=0x00015fb0, pc_index=22508
[EXEC] instret=1550, PC=0x00015fb8, pc_index=22510
[EXEC] instret=1551, PC=0x00015fbc, pc_index=22511
[EXEC] instret=1552, PC=0x00015fc4, pc_index=22513
[EXEC] instret=1553, PC=0x00014f38, pc_index=21454
[EXEC] instret=1554, PC=0x00014f3c, pc_index=21455
[EXEC] instret=1555, PC=0x00014f40, pc_index=21456
[EXEC] instret=1556, PC=0x00014f44, pc_index=21457
[EXEC] instret=1557, PC=0x00014f48, pc_index=21458
[EXEC] instret=1558, PC=0x00014f4c, pc_index=21459
[EXEC] instret=1559, PC=0x00014f50, pc_index=21460
[EXEC] instret=1560, PC=0x00014f54, pc_index=21461
[EXEC] instret=1561, PC=0x0001abf8, pc_index=27390
[EXEC] instret=1562, PC=0x0001abfc, pc_index=27391
[EXEC] instret=1563, PC=0x0001caf0, pc_index=29372
[EXEC] instret=1564, PC=0x0001caf4, pc_index=29373
[EXEC] instret=1565, PC=0x0001caf8, pc_index=29374
[EXEC] instret=1566, PC=0x0001cafc, pc_index=29375
[EXEC] instret=1567, PC=0x0001cb00, pc_index=29376
[EXEC] instret=1568, PC=0x0001cb04, pc_index=29377
[EXEC] instret=1569, PC=0x0001cb08, pc_index=29378
[EXEC] instret=1570, PC=0x0001cb0c, pc_index=29379
[EXEC] instret=1571, PC=0x0001cb10, pc_index=29380
[EXEC] instret=1572, PC=0x0001cb14, pc_index=29381
[EXEC] instret=1573, PC=0x0001cb18, pc_index=29382
[EXEC] instret=1574, PC=0x0001cb1c, pc_index=29383
[EXEC] instret=1575, PC=0x0001cb20, pc_index=29384
[EXEC] instret=1576, PC=0x0001cb24, pc_index=29385
[EXEC] instret=1577, PC=0x0001cb28, pc_index=29386
[EXEC] instret=1578, PC=0x0001cb2c, pc_index=29387
[EXEC] instret=1579, PC=0x0001cb30, pc_index=29388
[EXEC] instret=1580, PC=0x0001cb34, pc_index=29389
[EXEC] instret=1581, PC=0x0001cb38, pc_index=29390
[EXEC] instret=1582, PC=0x0001cb3c, pc_index=29391
[EXEC] instret=1583, PC=0x0001cb40, pc_index=29392
[EXEC] instret=1584, PC=0x0001cb44, pc_index=29393
[EXEC] instret=1585, PC=0x0001cb48, pc_index=29394
[EXEC] instret=1586, PC=0x0001cb4c, pc_index=29395
[EXEC] instret=1587, PC=0x0001cb50, pc_index=29396
[EXEC] instret=1588, PC=0x0001cb54, pc_index=29397
[EXEC] instret=1589, PC=0x0001cb58, pc_index=29398
[EXEC] instret=1590, PC=0x0001cb5c, pc_index=29399
[EXEC] instret=1591, PC=0x0001cb60, pc_index=29400
[EXEC] instret=1592, PC=0x0001cb64, pc_index=29401
[EXEC] instret=1593, PC=0x0001cb68, pc_index=29402
[EXEC] instret=1594, PC=0x0001cb6c, pc_index=29403
[EXEC] instret=1595, PC=0x0001cb70, pc_index=29404
[EXEC] instret=1596, PC=0x0001cb74, pc_index=29405
[EXEC] instret=1597, PC=0x0001cb78, pc_index=29406
[EXEC] instret=1598, PC=0x0001cb7c, pc_index=29407
[EXEC] instret=1599, PC=0x0001cb80, pc_index=29408
[EXEC] instret=1600, PC=0x0001cb84, pc_index=29409
[EXEC] instret=1601, PC=0x0001cb88, pc_index=29410
[EXEC] instret=1602, PC=0x0001cba0, pc_index=29416
[EXEC] instret=1603, PC=0x0001cba4, pc_index=29417
[EXEC] instret=1604, PC=0x0001cbbc, pc_index=29423
[EXEC] instret=1605, PC=0x0001cbc0, pc_index=29424
[EXEC] instret=1606, PC=0x0001cbc4, pc_index=29425
[EXEC] instret=1607, PC=0x0001cbc8, pc_index=29426
[EXEC] instret=1608, PC=0x0001cbcc, pc_index=29427
[EXEC] instret=1609, PC=0x0001cbd0, pc_index=29428
[EXEC] instret=1610, PC=0x0001cbd4, pc_index=29429
[EXEC] instret=1611, PC=0x0001cbd8, pc_index=29430
[EXEC] instret=1612, PC=0x0001cbdc, pc_index=29431
[EXEC] instret=1613, PC=0x0001cbe0, pc_index=29432
[EXEC] instret=1614, PC=0x0001cbe4, pc_index=29433
[EXEC] instret=1615, PC=0x0001cbe8, pc_index=29434
[EXEC] instret=1616, PC=0x0001cbec, pc_index=29435
[EXEC] instret=1617, PC=0x0001cbf0, pc_index=29436
[EXEC] instret=1618, PC=0x0001cbf4, pc_index=29437
[EXEC] instret=1619, PC=0x0001cbf8, pc_index=29438
[EXEC] instret=1620, PC=0x0001cbfc, pc_index=29439
[EXEC] instret=1621, PC=0x0001cc14, pc_index=29445
[EXEC] instret=1622, PC=0x0001cc18, pc_index=29446
[EXEC] instret=1623, PC=0x0001cc1c, pc_index=29447
[EXEC] instret=1624, PC=0x0001cc20, pc_index=29448
[EXEC] instret=1625, PC=0x0001cc24, pc_index=29449
[EXEC] instret=1626, PC=0x0001cda8, pc_index=29546
[EXEC] instret=1627, PC=0x0001ce4c, pc_index=29587
[EXEC] instret=1628, PC=0x0001ce50, pc_index=29588
[EXEC] instret=1629, PC=0x0001ce54, pc_index=29589
[EXEC] instret=1630, PC=0x0001ce58, pc_index=29590
[EXEC] instret=1631, PC=0x0001ce5c, pc_index=29591
[EXEC] instret=1632, PC=0x0001e560, pc_index=31064
[EXEC] instret=1633, PC=0x0001e564, pc_index=31065
[EXEC] instret=1634, PC=0x0001e568, pc_index=31066
[EXEC] instret=1635, PC=0x0001e56c, pc_index=31067
[EXEC] instret=1636, PC=0x0001e570, pc_index=31068
[EXEC] instret=1637, PC=0x0001e574, pc_index=31069
[EXEC] instret=1638, PC=0x0001e578, pc_index=31070
[EXEC] instret=1639, PC=0x0001e57c, pc_index=31071
[EXEC] instret=1640, PC=0x0001e580, pc_index=31072
[EXEC] instret=1641, PC=0x0001e584, pc_index=31073
[EXEC] instret=1642, PC=0x0001e588, pc_index=31074
[EXEC] instret=1643, PC=0x0001e58c, pc_index=31075
[EXEC] instret=1644, PC=0x0001e590, pc_index=31076
[EXEC] instret=1645, PC=0x0001e594, pc_index=31077
[EXEC] instret=1646, PC=0x0001e598, pc_index=31078
[EXEC] instret=1647, PC=0x0001e59c, pc_index=31079
[EXEC] instret=1648, PC=0x0001ce60, pc_index=29592
[EXEC] instret=1649, PC=0x0001ce64, pc_index=29593
[EXEC] instret=1650, PC=0x0001ce68, pc_index=29594
[EXEC] instret=1651, PC=0x0001cdd8, pc_index=29558
[EXEC] instret=1652, PC=0x0001cddc, pc_index=29559
[EXEC] instret=1653, PC=0x0001cc78, pc_index=29470
[EXEC] instret=1654, PC=0x0001cc7c, pc_index=29471
[EXEC] instret=1655, PC=0x0001cc80, pc_index=29472
[EXEC] instret=1656, PC=0x0001cc84, pc_index=29473
[EXEC] instret=1657, PC=0x0001cc88, pc_index=29474
[EXEC] instret=1658, PC=0x0001cc8c, pc_index=29475
[EXEC] instret=1659, PC=0x0001cc90, pc_index=29476
[EXEC] instret=1660, PC=0x0001cc94, pc_index=29477
[EXEC] instret=1661, PC=0x0001cc98, pc_index=29478
[EXEC] instret=1662, PC=0x0001cc9c, pc_index=29479
[EXEC] instret=1663, PC=0x0001cca0, pc_index=29480
[EXEC] instret=1664, PC=0x0001cca4, pc_index=29481
[EXEC] instret=1665, PC=0x0001cca8, pc_index=29482
[EXEC] instret=1666, PC=0x0001ccac, pc_index=29483
[EXEC] instret=1667, PC=0x0001ccb0, pc_index=29484
[EXEC] instret=1668, PC=0x0001ccb4, pc_index=29485
[EXEC] instret=1669, PC=0x0001ddcc, pc_index=30579
[EXEC] instret=1670, PC=0x0001ddd0, pc_index=30580
[EXEC] instret=1671, PC=0x0001ddd4, pc_index=30581
[EXEC] instret=1672, PC=0x0001ddd8, pc_index=30582
[EXEC] instret=1673, PC=0x0001dddc, pc_index=30583
[EXEC] instret=1674, PC=0x0001dde0, pc_index=30584
[EXEC] instret=1675, PC=0x0001dde4, pc_index=30585
[EXEC] instret=1676, PC=0x0001dde8, pc_index=30586
[EXEC] instret=1677, PC=0x0001ddec, pc_index=30587
[EXEC] instret=1678, PC=0x0001ddf0, pc_index=30588
[EXEC] instret=1679, PC=0x0001ddf4, pc_index=30589
[EXEC] instret=1680, PC=0x0001ddf8, pc_index=30590
[EXEC] instret=1681, PC=0x0001ddfc, pc_index=30591
[EXEC] instret=1682, PC=0x0001de14, pc_index=30597
[EXEC] instret=1683, PC=0x0001de18, pc_index=30598
[EXEC] instret=1684, PC=0x0001de1c, pc_index=30599
[EXEC] instret=1685, PC=0x0001de6c, pc_index=30619
[EXEC] instret=1686, PC=0x0001de70, pc_index=30620
[EXEC] instret=1687, PC=0x0001de74, pc_index=30621
[EXEC] instret=1688, PC=0x0001dea4, pc_index=30633
[EXEC] instret=1689, PC=0x0001dea8, pc_index=30634
[EXEC] instret=1690, PC=0x0001ded8, pc_index=30646
[EXEC] instret=1691, PC=0x0001dedc, pc_index=30647
[EXEC] instret=1692, PC=0x0001deac, pc_index=30635
[EXEC] instret=1693, PC=0x0001deb0, pc_index=30636
[EXEC] instret=1694, PC=0x0001deb4, pc_index=30637
[EXEC] instret=1695, PC=0x0001deb8, pc_index=30638
[EXEC] instret=1696, PC=0x0001debc, pc_index=30639
[EXEC] instret=1697, PC=0x0001dec0, pc_index=30640
[EXEC] instret=1698, PC=0x0001dec4, pc_index=30641
[EXEC] instret=1699, PC=0x0001dec8, pc_index=30642
[EXEC] instret=1700, PC=0x0001decc, pc_index=30643
[EXEC] instret=1701, PC=0x0001ded0, pc_index=30644
[EXEC] instret=1702, PC=0x0001ded4, pc_index=30645
[EXEC] instret=1703, PC=0x00014f58, pc_index=21462
[EXEC] instret=1704, PC=0x00014f5c, pc_index=21463
[EXEC] instret=1705, PC=0x00014f60, pc_index=21464
[EXEC] instret=1706, PC=0x00014f64, pc_index=21465
[EXEC] instret=1707, PC=0x00014f68, pc_index=21466
[EXEC] instret=1708, PC=0x0001574c, pc_index=21971
[EXEC] instret=1709, PC=0x00014f84, pc_index=21473
[EXEC] instret=1710, PC=0x00014f88, pc_index=21474
[EXEC] instret=1711, PC=0x00014f8c, pc_index=21475
[EXEC] instret=1712, PC=0x00014f90, pc_index=21476
[EXEC] instret=1713, PC=0x00014f94, pc_index=21477
[EXEC] instret=1714, PC=0x00014f98, pc_index=21478
[EXEC] instret=1715, PC=0x00014f9c, pc_index=21479
[EXEC] instret=1716, PC=0x00014fa0, pc_index=21480
[EXEC] instret=1717, PC=0x00014fa4, pc_index=21481
[EXEC] instret=1718, PC=0x00014fa8, pc_index=21482
[EXEC] instret=1719, PC=0x00014fac, pc_index=21483
[EXEC] instret=1720, PC=0x00014fb0, pc_index=21484
[EXEC] instret=1721, PC=0x00010998, pc_index=16998
[EXEC] instret=1722, PC=0x0001099c, pc_index=16999
[EXEC] instret=1723, PC=0x000109a0, pc_index=17000
[EXEC] instret=1724, PC=0x000109a4, pc_index=17001
[EXEC] instret=1725, PC=0x000109a8, pc_index=17002
[EXEC] instret=1726, PC=0x000109ac, pc_index=17003
[EXEC] instret=1727, PC=0x000109b0, pc_index=17004
[EXEC] instret=1728, PC=0x000109b4, pc_index=17005
[EXEC] instret=1729, PC=0x000109b8, pc_index=17006
[EXEC] instret=1730, PC=0x000109bc, pc_index=17007
[EXEC] instret=1731, PC=0x000100fc, pc_index=16447
[EXEC] instret=1732, PC=0x00010100, pc_index=16448
[EXEC] instret=1733, PC=0x00010104, pc_index=16449
[EXEC] instret=1734, PC=0x00010108, pc_index=16450
[EXEC] instret=1735, PC=0x0001010c, pc_index=16451
[EXEC] instret=1736, PC=0x00010110, pc_index=16452
[EXEC] instret=1737, PC=0x00010114, pc_index=16453
[FLW-ENTRY] PC=0x00010114, instret=1737, ENABLED=true
[FLW] PC=0x00010114, Reading x2 = 0x00080000, imm=0
[FLW] f0 <- mem[0x00080000] = 0x40800000 (4)
[FLW-EXIT] PC: 0x00010114 -> 0x00010118, instret=1738
[EXEC] instret=1738, PC=0x00010118, pc_index=16454
[FADD-ENTRY] PC=0x00010118, instret=1738, ENABLED=true
[FADD] Calling handler at 0x000108d4, instruction=0x580000d3
[FADD-EXIT] Jumped to handler: 0x000108d4, return_addr=0x0001011c
[EXEC] instret=1739, PC=0x000108d4, pc_index=16949
[EXEC] instret=1740, PC=0x000108d8, pc_index=16950
[EXEC] instret=1741, PC=0x000108dc, pc_index=16951
[EXEC] instret=1742, PC=0x000108e0, pc_index=16952
[EXEC] instret=1743, PC=0x000108e4, pc_index=16953
[EXEC] instret=1744, PC=0x000108e8, pc_index=16954
[EXEC] instret=1745, PC=0x000108ec, pc_index=16955
[EXEC] instret=1746, PC=0x000108f0, pc_index=16956
[EXEC] instret=1747, PC=0x000108f4, pc_index=16957
[EXEC] instret=1748, PC=0x000108f8, pc_index=16958
[EXEC] instret=1749, PC=0x000108fc, pc_index=16959
[EXEC] instret=1750, PC=0x00010900, pc_index=16960
[EXEC] instret=1751, PC=0x00010904, pc_index=16961
[EXEC] instret=1752, PC=0x00010908, pc_index=16962
[EXEC] instret=1753, PC=0x0001090c, pc_index=16963
[EXEC] instret=1754, PC=0x00010910, pc_index=16964
[EXEC] instret=1755, PC=0x00010914, pc_index=16965
[EXEC] instret=1756, PC=0x00010918, pc_index=16966
[EXEC] instret=1757, PC=0x000109c0, pc_index=17008
[EXEC] instret=1758, PC=0x000109c4, pc_index=17009
[EXEC] instret=1759, PC=0x000109c8, pc_index=17010
[EXEC] instret=1760, PC=0x00010928, pc_index=16970
[EXEC] instret=1761, PC=0x0001092c, pc_index=16971
[EXEC] instret=1762, PC=0x00010930, pc_index=16972
[EXEC] instret=1763, PC=0x00010934, pc_index=16973
[EXEC] instret=1764, PC=0x00010938, pc_index=16974
[EXEC] instret=1765, PC=0x0001093c, pc_index=16975
[EXEC] instret=1766, PC=0x00010940, pc_index=16976
[EXEC] instret=1767, PC=0x00010944, pc_index=16977
[EXEC] instret=1768, PC=0x00010948, pc_index=16978
[EXEC] instret=1769, PC=0x0001094c, pc_index=16979
[EXEC] instret=1770, PC=0x00010950, pc_index=16980
[EXEC] instret=1771, PC=0x00010954, pc_index=16981
[EXEC] instret=1772, PC=0x0001a664, pc_index=27033
[EXEC] instret=1773, PC=0x0001a668, pc_index=27034
[EXEC] instret=1774, PC=0x0001a66c, pc_index=27035
[EXEC] instret=1775, PC=0x0001a670, pc_index=27036
[EXEC] instret=1776, PC=0x0001a674, pc_index=27037
[EXEC] instret=1777, PC=0x0001a678, pc_index=27038
[EXEC] instret=1778, PC=0x0001a67c, pc_index=27039
[EXEC] instret=1779, PC=0x0001a680, pc_index=27040
[EXEC] instret=1780, PC=0x0001a684, pc_index=27041
[EXEC] instret=1781, PC=0x00010958, pc_index=16982
[EXEC] instret=1782, PC=0x0001095c, pc_index=16983
[EXEC] instret=1783, PC=0x00010960, pc_index=16984
[EXEC] instret=1784, PC=0x00010964, pc_index=16985
[EXEC] instret=1785, PC=0x00010968, pc_index=16986
[EXEC] instret=1786, PC=0x0001096c, pc_index=16987
[EXEC] instret=1787, PC=0x00010970, pc_index=16988
[EXEC] instret=1788, PC=0x00010974, pc_index=16989
[EXEC] instret=1789, PC=0x00010978, pc_index=16990
[EXEC] instret=1790, PC=0x0001097c, pc_index=16991
[EXEC] instret=1791, PC=0x00010980, pc_index=16992
[EXEC] instret=1792, PC=0x00010984, pc_index=16993
[EXEC] instret=1793, PC=0x000109fc, pc_index=17023
[EXEC] instret=1794, PC=0x00010a00, pc_index=17024
[EXEC] instret=1795, PC=0x00010a04, pc_index=17025
[EXEC] instret=1796, PC=0x00010a08, pc_index=17026
[EXEC] instret=1797, PC=0x00010a0c, pc_index=17027
[EXEC] instret=1798, PC=0x00010a10, pc_index=17028
[EXEC] instret=1799, PC=0x0001a664, pc_index=27033
[EXEC] instret=1800, PC=0x0001a668, pc_index=27034
[EXEC] instret=1801, PC=0x0001a66c, pc_index=27035
[EXEC] instret=1802, PC=0x0001a670, pc_index=27036
[EXEC] instret=1803, PC=0x0001a674, pc_index=27037
[EXEC] instret=1804, PC=0x0001a678, pc_index=27038
[EXEC] instret=1805, PC=0x0001a68c, pc_index=27043
[EXEC] instret=1806, PC=0x00010a14, pc_index=17029
[EXEC] instret=1807, PC=0x00010a18, pc_index=17030
[EXEC] instret=1808, PC=0x00010a1c, pc_index=17031
[EXEC] instret=1809, PC=0x00010a20, pc_index=17032
[EXEC] instret=1810, PC=0x00010a24, pc_index=17033
[EXEC] instret=1811, PC=0x00010a28, pc_index=17034
[EXEC] instret=1812, PC=0x00010a2c, pc_index=17035
[EXEC] instret=1813, PC=0x00010a30, pc_index=17036
[EXEC] instret=1814, PC=0x00010a34, pc_index=17037
[EXEC] instret=1815, PC=0x00012384, pc_index=18657
[EXEC] instret=1816, PC=0x00012388, pc_index=18658
[EXEC] instret=1817, PC=0x0001238c, pc_index=18659
[EXEC] instret=1818, PC=0x00012394, pc_index=18661
[EXEC] instret=1819, PC=0x00012398, pc_index=18662
[EXEC] instret=1820, PC=0x0001239c, pc_index=18663
[EXEC] instret=1821, PC=0x000123a0, pc_index=18664
[EXEC] instret=1822, PC=0x000123a4, pc_index=18665
[EXEC] instret=1823, PC=0x000123a8, pc_index=18666
[EXEC] instret=1824, PC=0x000123ac, pc_index=18667
[EXEC] instret=1825, PC=0x000123b0, pc_index=18668
[EXEC] instret=1826, PC=0x000123b4, pc_index=18669
[EXEC] instret=1827, PC=0x000123b8, pc_index=18670
[EXEC] instret=1828, PC=0x000123bc, pc_index=18671
[EXEC] instret=1829, PC=0x000123c0, pc_index=18672
[EXEC] instret=1830, PC=0x000123c8, pc_index=18674
[EXEC] instret=1831, PC=0x000123cc, pc_index=18675
[EXEC] instret=1832, PC=0x000123d0, pc_index=18676
[EXEC] instret=1833, PC=0x000123d4, pc_index=18677
[EXEC] instret=1834, PC=0x000123d8, pc_index=18678
[EXEC] instret=1835, PC=0x000123e0, pc_index=18680
[EXEC] instret=1836, PC=0x000123e4, pc_index=18681
[EXEC] instret=1837, PC=0x000123e8, pc_index=18682
[EXEC] instret=1838, PC=0x000123ec, pc_index=18683
[EXEC] instret=1839, PC=0x000123f0, pc_index=18684
[EXEC] instret=1840, PC=0x000123f8, pc_index=18686
[EXEC] instret=1841, PC=0x000123fc, pc_index=18687
[EXEC] instret=1842, PC=0x00012400, pc_index=18688
[EXEC] instret=1843, PC=0x00012404, pc_index=18689
[EXEC] instret=1844, PC=0x00012408, pc_index=18690
[EXEC] instret=1845, PC=0x0001240c, pc_index=18691
[EXEC] instret=1846, PC=0x00016ae8, pc_index=23226
[EXEC] instret=1847, PC=0x00016aec, pc_index=23227
[EXEC] instret=1848, PC=0x00016af0, pc_index=23228
[EXEC] instret=1849, PC=0x00016af4, pc_index=23229
[EXEC] instret=1850, PC=0x000194fc, pc_index=25919
[EXEC] instret=1851, PC=0x00019504, pc_index=25921
[EXEC] instret=1852, PC=0x00019508, pc_index=25922
[EXEC] instret=1853, PC=0x0001950c, pc_index=25923
[EXEC] instret=1854, PC=0x00019510, pc_index=25924
[EXEC] instret=1855, PC=0x00010804, pc_index=16897
[EXEC] instret=1856, PC=0x00010808, pc_index=16898
[EXEC] instret=1857, PC=0x0001080c, pc_index=16899
[EXEC] instret=1858, PC=0x00010810, pc_index=16900
[EXEC] instret=1859, PC=0x00010814, pc_index=16901
[EXEC] instret=1860, PC=0x00010818, pc_index=16902
[EXEC] instret=1861, PC=0x0001081c, pc_index=16903
[EXEC] instret=1862, PC=0x00010820, pc_index=16904
[EXEC] instret=1863, PC=0x00010824, pc_index=16905
[EXEC] instret=1864, PC=0x0001a664, pc_index=27033
[EXEC] instret=1865, PC=0x0001a668, pc_index=27034
[EXEC] instret=1866, PC=0x0001a66c, pc_index=27035
[EXEC] instret=1867, PC=0x0001a670, pc_index=27036
[EXEC] instret=1868, PC=0x0001a674, pc_index=27037
[EXEC] instret=1869, PC=0x0001a678, pc_index=27038
[EXEC] instret=1870, PC=0x0001a68c, pc_index=27043
[EXEC] instret=1871, PC=0x00010828, pc_index=16906
[EXEC] instret=1872, PC=0x0001082c, pc_index=16907
[EXEC] instret=1873, PC=0x00010830, pc_index=16908
[EXEC] instret=1874, PC=0x00010834, pc_index=16909
[EXEC] instret=1875, PC=0x00010838, pc_index=16910
[EXEC] instret=1876, PC=0x0001083c, pc_index=16911
[EXEC] instret=1877, PC=0x00010840, pc_index=16912
[EXEC] instret=1878, PC=0x00010844, pc_index=16913
[EXEC] instret=1879, PC=0x00010848, pc_index=16914
[EXEC] instret=1880, PC=0x00010884, pc_index=16929
[EXEC] instret=1881, PC=0x00010888, pc_index=16930
[EXEC] instret=1882, PC=0x0001088c, pc_index=16931
[EXEC] instret=1883, PC=0x00010890, pc_index=16932
[EXEC] instret=1884, PC=0x00010894, pc_index=16933
[EXEC] instret=1885, PC=0x00010898, pc_index=16934
[EXEC] instret=1886, PC=0x00019514, pc_index=25925
[EXEC] instret=1887, PC=0x00019518, pc_index=25926
[EXEC] instret=1888, PC=0x0001951c, pc_index=25927
[EXEC] instret=1889, PC=0x0001ac00, pc_index=27392
[EXEC] instret=1890, PC=0x0001ac04, pc_index=27393
[EXEC] instret=1891, PC=0x0001ac08, pc_index=27394
[EXEC] instret=1892, PC=0x0001ac0c, pc_index=27395
[EXEC] instret=1893, PC=0x0001ac10, pc_index=27396
[EXEC] instret=1894, PC=0x0001ac14, pc_index=27397
[EXEC] instret=1895, PC=0x0001ac18, pc_index=27398
[EXEC] instret=1896, PC=0x0001ac1c, pc_index=27399
[EXEC] instret=1897, PC=0x0001ac20, pc_index=27400
[EXEC] instret=1898, PC=0x0001ac24, pc_index=27401
[EXEC] instret=1899, PC=0x0001ac28, pc_index=27402
[EXEC] instret=1900, PC=0x0001ad08, pc_index=27458
[EXEC] instret=1901, PC=0x0001ad0c, pc_index=27459
[EXEC] instret=1902, PC=0x0001ad10, pc_index=27460
[EXEC] instret=1903, PC=0x0001ad14, pc_index=27461
[EXEC] instret=1904, PC=0x0001ac90, pc_index=27428
[EXEC] instret=1905, PC=0x0001ac94, pc_index=27429
[EXEC] instret=1906, PC=0x0001ac98, pc_index=27430
[EXEC] instret=1907, PC=0x0001ac9c, pc_index=27431
[EXEC] instret=1908, PC=0x0001aca0, pc_index=27432
[EXEC] instret=1909, PC=0x0001aca4, pc_index=27433
[EXEC] instret=1910, PC=0x0001aca8, pc_index=27434
[EXEC] instret=1911, PC=0x0001acac, pc_index=27435
[EXEC] instret=1912, PC=0x0001acb0, pc_index=27436
[EXEC] instret=1913, PC=0x0001c7b4, pc_index=29165
[EXEC] instret=1914, PC=0x0001c7b8, pc_index=29166
[EXEC] instret=1915, PC=0x0001c7bc, pc_index=29167
[EXEC] instret=1916, PC=0x0001c7c0, pc_index=29168
[EXEC] instret=1917, PC=0x0001c7c4, pc_index=29169
[EXEC] instret=1918, PC=0x0001c7c8, pc_index=29170
[EXEC] instret=1919, PC=0x0001c7cc, pc_index=29171
[EXEC] instret=1920, PC=0x0001c7d0, pc_index=29172
[EXEC] instret=1921, PC=0x0001c7d4, pc_index=29173
[EXEC] instret=1922, PC=0x0001c7d8, pc_index=29174
[EXEC] instret=1923, PC=0x0001c7dc, pc_index=29175
[EXEC] instret=1924, PC=0x0001c7e0, pc_index=29176
[EXEC] instret=1925, PC=0x0001c7e4, pc_index=29177
[EXEC] instret=1926, PC=0x0001c7e8, pc_index=29178
[EXEC] instret=1927, PC=0x0001c7ec, pc_index=29179
[EXEC] instret=1928, PC=0x0001c7f0, pc_index=29180
[EXEC] instret=1929, PC=0x0001c7f4, pc_index=29181
[EXEC] instret=1930, PC=0x0001c7f8, pc_index=29182
[EXEC] instret=1931, PC=0x0001c7fc, pc_index=29183
[EXEC] instret=1932, PC=0x0001c800, pc_index=29184
[EXEC] instret=1933, PC=0x0001c804, pc_index=29185
[EXEC] instret=1934, PC=0x0001c808, pc_index=29186
[EXEC] instret=1935, PC=0x0001c810, pc_index=29188
[EXEC] instret=1936, PC=0x0001c814, pc_index=29189
[EXEC] instret=1937, PC=0x0001c818, pc_index=29190
[EXEC] instret=1938, PC=0x0001c81c, pc_index=29191
[EXEC] instret=1939, PC=0x0001c820, pc_index=29192
[EXEC] instret=1940, PC=0x0001c824, pc_index=29193
[EXEC] instret=1941, PC=0x0001c828, pc_index=29194
[EXEC] instret=1942, PC=0x0001c82c, pc_index=29195
[EXEC] instret=1943, PC=0x0001c830, pc_index=29196
[EXEC] instret=1944, PC=0x0001c834, pc_index=29197
[EXEC] instret=1945, PC=0x0001c838, pc_index=29198
[EXEC] instret=1946, PC=0x0001c83c, pc_index=29199
[EXEC] instret=1947, PC=0x0001c840, pc_index=29200
[EXEC] instret=1948, PC=0x0001c844, pc_index=29201
[EXEC] instret=1949, PC=0x0001c848, pc_index=29202
[EXEC] instret=1950, PC=0x0001c84c, pc_index=29203
[EXEC] instret=1951, PC=0x0001c850, pc_index=29204
[EXEC] instret=1952, PC=0x0001c854, pc_index=29205
[EXEC] instret=1953, PC=0x0001c858, pc_index=29206
[EXEC] instret=1954, PC=0x0001c85c, pc_index=29207
[EXEC] instret=1955, PC=0x0001c860, pc_index=29208
[EXEC] instret=1956, PC=0x0001c864, pc_index=29209
[EXEC] instret=1957, PC=0x0001c868, pc_index=29210
[EXEC] instret=1958, PC=0x0001c86c, pc_index=29211
[EXEC] instret=1959, PC=0x0001c874, pc_index=29213
[EXEC] instret=1960, PC=0x0001acb4, pc_index=27437
[EXEC] instret=1961, PC=0x0001acb8, pc_index=27438
[EXEC] instret=1962, PC=0x0001acbc, pc_index=27439
[EXEC] instret=1963, PC=0x0001acc0, pc_index=27440
[EXEC] instret=1964, PC=0x0001acc4, pc_index=27441
[EXEC] instret=1965, PC=0x0001acc8, pc_index=27442
[EXEC] instret=1966, PC=0x0001accc, pc_index=27443
[EXEC] instret=1967, PC=0x0001acd0, pc_index=27444
[EXEC] instret=1968, PC=0x0001acd4, pc_index=27445
[EXEC] instret=1969, PC=0x0001acd8, pc_index=27446
[EXEC] instret=1970, PC=0x0001acdc, pc_index=27447
[EXEC] instret=1971, PC=0x0001ace0, pc_index=27448
[EXEC] instret=1972, PC=0x0001ace4, pc_index=27449
[EXEC] instret=1973, PC=0x0001ace8, pc_index=27450
[EXEC] instret=1974, PC=0x0001acec, pc_index=27451
[EXEC] instret=1975, PC=0x0001acf0, pc_index=27452
[EXEC] instret=1976, PC=0x0001acf4, pc_index=27453
[EXEC] instret=1977, PC=0x0001acf8, pc_index=27454
[EXEC] instret=1978, PC=0x0001acfc, pc_index=27455
[EXEC] instret=1979, PC=0x0001ad00, pc_index=27456
[EXEC] instret=1980, PC=0x0001ad04, pc_index=27457
[EXEC] instret=1981, PC=0x0001ddcc, pc_index=30579
[EXEC] instret=1982, PC=0x0001ddd0, pc_index=30580
[EXEC] instret=1983, PC=0x0001ddd4, pc_index=30581
[EXEC] instret=1984, PC=0x0001ddd8, pc_index=30582
[EXEC] instret=1985, PC=0x0001dddc, pc_index=30583
[EXEC] instret=1986, PC=0x0001dde0, pc_index=30584
[EXEC] instret=1987, PC=0x0001dde4, pc_index=30585
[EXEC] instret=1988, PC=0x0001dde8, pc_index=30586
[EXEC] instret=1989, PC=0x0001ddec, pc_index=30587
[EXEC] instret=1990, PC=0x0001ddf0, pc_index=30588
[EXEC] instret=1991, PC=0x0001ddf4, pc_index=30589
[EXEC] instret=1992, PC=0x0001ddf8, pc_index=30590
[EXEC] instret=1993, PC=0x0001ddfc, pc_index=30591
[EXEC] instret=1994, PC=0x0001de14, pc_index=30597
[EXEC] instret=1995, PC=0x0001de18, pc_index=30598
[EXEC] instret=1996, PC=0x0001de1c, pc_index=30599
[EXEC] instret=1997, PC=0x0001de6c, pc_index=30619
[EXEC] instret=1998, PC=0x0001de70, pc_index=30620
[EXEC] instret=1999, PC=0x0001de74, pc_index=30621
[EXEC] instret=2000, PC=0x0001dea4, pc_index=30633
[EXEC] instret=2001, PC=0x0001dea8, pc_index=30634
[EXEC] instret=2002, PC=0x0001ded8, pc_index=30646
[EXEC] instret=2003, PC=0x0001dedc, pc_index=30647
[EXEC] instret=2004, PC=0x0001deac, pc_index=30635
[EXEC] instret=2005, PC=0x0001deb0, pc_index=30636
[EXEC] instret=2006, PC=0x0001deb4, pc_index=30637
[EXEC] instret=2007, PC=0x0001deb8, pc_index=30638
[EXEC] instret=2008, PC=0x0001debc, pc_index=30639
[EXEC] instret=2009, PC=0x0001dec0, pc_index=30640
[EXEC] instret=2010, PC=0x0001dec4, pc_index=30641
[EXEC] instret=2011, PC=0x0001dec8, pc_index=30642
[EXEC] instret=2012, PC=0x0001decc, pc_index=30643
[EXEC] instret=2013, PC=0x0001ded0, pc_index=30644
[EXEC] instret=2014, PC=0x0001ded4, pc_index=30645
[EXEC] instret=2015, PC=0x00019520, pc_index=25928
[EXEC] instret=2016, PC=0x00019524, pc_index=25929
[EXEC] instret=2017, PC=0x00019528, pc_index=25930
[EXEC] instret=2018, PC=0x0001952c, pc_index=25931
[EXEC] instret=2019, PC=0x00019530, pc_index=25932
[EXEC] instret=2020, PC=0x00019534, pc_index=25933
[EXEC] instret=2021, PC=0x00019538, pc_index=25934
[EXEC] instret=2022, PC=0x0001953c, pc_index=25935
[EXEC] instret=2023, PC=0x00019540, pc_index=25936
[EXEC] instret=2024, PC=0x00019544, pc_index=25937
[EXEC] instret=2025, PC=0x00010998, pc_index=16998
[EXEC] instret=2026, PC=0x0001099c, pc_index=16999
[EXEC] instret=2027, PC=0x000109a0, pc_index=17000
[EXEC] instret=2028, PC=0x000109a4, pc_index=17001
[EXEC] instret=2029, PC=0x000109a8, pc_index=17002
[EXEC] instret=2030, PC=0x000109ac, pc_index=17003
[EXEC] instret=2031, PC=0x000109b0, pc_index=17004
[EXEC] instret=2032, PC=0x000109b4, pc_index=17005
[EXEC] instret=2033, PC=0x000109b8, pc_index=17006
[EXEC] instret=2034, PC=0x000109bc, pc_index=17007
[EXEC] instret=2035, PC=0x0001011c, pc_index=16455
[EXEC] instret=2036, PC=0x00010120, pc_index=16456
[EXEC] instret=2037, PC=0x00010124, pc_index=16457
[EXEC] instret=2038, PC=0x00010128, pc_index=16458
[EXEC] instret=2039, PC=0x0001012c, pc_index=16459
[EXEC] instret=2040, PC=0x00010130, pc_index=16460
[EXEC] instret=2041, PC=0x00010134, pc_index=16461
[FLW-ENTRY] PC=0x00010134, instret=2041, ENABLED=true
[FLW] PC=0x00010134, Reading x2 = 0x00080000, imm=0
[FLW] f0 <- mem[0x00080000] = 0x40000000 (2)
[FLW-EXIT] PC: 0x00010134 -> 0x00010138, instret=2042
[EXEC] instret=2042, PC=0x00010138, pc_index=16462
[FADD-ENTRY] PC=0x00010138, instret=2042, ENABLED=true
[FADD] Calling handler at 0x000108d4, instruction=0x580000d3
[FADD-EXIT] Jumped to handler: 0x000108d4, return_addr=0x0001013c
[EXEC] instret=2043, PC=0x000108d4, pc_index=16949
[EXEC] instret=2044, PC=0x000108d8, pc_index=16950
[EXEC] instret=2045, PC=0x000108dc, pc_index=16951
[EXEC] instret=2046, PC=0x000108e0, pc_index=16952
[EXEC] instret=2047, PC=0x000108e4, pc_index=16953
[EXEC] instret=2048, PC=0x000108e8, pc_index=16954
[EXEC] instret=2049, PC=0x000108ec, pc_index=16955
[EXEC] instret=2050, PC=0x000108f0, pc_index=16956
[EXEC] instret=2051, PC=0x000108f4, pc_index=16957
[EXEC] instret=2052, PC=0x000108f8, pc_index=16958
[EXEC] instret=2053, PC=0x000108fc, pc_index=16959
[EXEC] instret=2054, PC=0x00010900, pc_index=16960
[EXEC] instret=2055, PC=0x00010904, pc_index=16961
[EXEC] instret=2056, PC=0x00010908, pc_index=16962
[EXEC] instret=2057, PC=0x0001090c, pc_index=16963
[EXEC] instret=2058, PC=0x00010910, pc_index=16964
[EXEC] instret=2059, PC=0x00010914, pc_index=16965
[EXEC] instret=2060, PC=0x00010918, pc_index=16966
[EXEC] instret=2061, PC=0x000109c0, pc_index=17008
[EXEC] instret=2062, PC=0x000109c4, pc_index=17009
[EXEC] instret=2063, PC=0x000109c8, pc_index=17010
[EXEC] instret=2064, PC=0x00010928, pc_index=16970
[EXEC] instret=2065, PC=0x0001092c, pc_index=16971
[EXEC] instret=2066, PC=0x00010930, pc_index=16972
[EXEC] instret=2067, PC=0x00010934, pc_index=16973
[EXEC] instret=2068, PC=0x00010938, pc_index=16974
[EXEC] instret=2069, PC=0x0001093c, pc_index=16975
[EXEC] instret=2070, PC=0x00010940, pc_index=16976
[EXEC] instret=2071, PC=0x00010944, pc_index=16977
[EXEC] instret=2072, PC=0x00010948, pc_index=16978
[EXEC] instret=2073, PC=0x0001094c, pc_index=16979
[EXEC] instret=2074, PC=0x00010950, pc_index=16980
[EXEC] instret=2075, PC=0x00010954, pc_index=16981
[EXEC] instret=2076, PC=0x0001a664, pc_index=27033
[EXEC] instret=2077, PC=0x0001a668, pc_index=27034
[EXEC] instret=2078, PC=0x0001a66c, pc_index=27035
[EXEC] instret=2079, PC=0x0001a670, pc_index=27036
[EXEC] instret=2080, PC=0x0001a674, pc_index=27037
[EXEC] instret=2081, PC=0x0001a678, pc_index=27038
[EXEC] instret=2082, PC=0x0001a67c, pc_index=27039
[EXEC] instret=2083, PC=0x0001a680, pc_index=27040
[EXEC] instret=2084, PC=0x0001a684, pc_index=27041
[EXEC] instret=2085, PC=0x00010958, pc_index=16982
[EXEC] instret=2086, PC=0x0001095c, pc_index=16983
[EXEC] instret=2087, PC=0x00010960, pc_index=16984
[EXEC] instret=2088, PC=0x00010964, pc_index=16985
[EXEC] instret=2089, PC=0x00010968, pc_index=16986
[EXEC] instret=2090, PC=0x0001096c, pc_index=16987
[EXEC] instret=2091, PC=0x00010970, pc_index=16988
[EXEC] instret=2092, PC=0x00010974, pc_index=16989
[EXEC] instret=2093, PC=0x00010978, pc_index=16990
[EXEC] instret=2094, PC=0x0001097c, pc_index=16991
[EXEC] instret=2095, PC=0x00010980, pc_index=16992
[EXEC] instret=2096, PC=0x00010984, pc_index=16993
[EXEC] instret=2097, PC=0x000109fc, pc_index=17023
[EXEC] instret=2098, PC=0x00010a00, pc_index=17024
[EXEC] instret=2099, PC=0x00010a04, pc_index=17025
[EXEC] instret=2100, PC=0x00010a08, pc_index=17026
[EXEC] instret=2101, PC=0x00010a0c, pc_index=17027
[EXEC] instret=2102, PC=0x00010a10, pc_index=17028
[EXEC] instret=2103, PC=0x0001a664, pc_index=27033
[EXEC] instret=2104, PC=0x0001a668, pc_index=27034
[EXEC] instret=2105, PC=0x0001a66c, pc_index=27035
[EXEC] instret=2106, PC=0x0001a670, pc_index=27036
[EXEC] instret=2107, PC=0x0001a674, pc_index=27037
[EXEC] instret=2108, PC=0x0001a678, pc_index=27038
[EXEC] instret=2109, PC=0x0001a68c, pc_index=27043
[EXEC] instret=2110, PC=0x00010a14, pc_index=17029
[EXEC] instret=2111, PC=0x00010a18, pc_index=17030
[EXEC] instret=2112, PC=0x00010a1c, pc_index=17031
[EXEC] instret=2113, PC=0x00010a20, pc_index=17032
[EXEC] instret=2114, PC=0x00010a24, pc_index=17033
[EXEC] instret=2115, PC=0x00010a28, pc_index=17034
[EXEC] instret=2116, PC=0x00010a2c, pc_index=17035
[EXEC] instret=2117, PC=0x00010a30, pc_index=17036
[EXEC] instret=2118, PC=0x00010a34, pc_index=17037
[EXEC] instret=2119, PC=0x00012384, pc_index=18657
[EXEC] instret=2120, PC=0x00012388, pc_index=18658
[EXEC] instret=2121, PC=0x0001238c, pc_index=18659
[EXEC] instret=2122, PC=0x00012394, pc_index=18661
[EXEC] instret=2123, PC=0x00012398, pc_index=18662
[EXEC] instret=2124, PC=0x0001239c, pc_index=18663
[EXEC] instret=2125, PC=0x000123a0, pc_index=18664
[EXEC] instret=2126, PC=0x000123a4, pc_index=18665
[EXEC] instret=2127, PC=0x000123a8, pc_index=18666
[EXEC] instret=2128, PC=0x000123ac, pc_index=18667
[EXEC] instret=2129, PC=0x000123b0, pc_index=18668
[EXEC] instret=2130, PC=0x000123b4, pc_index=18669
[EXEC] instret=2131, PC=0x000123b8, pc_index=18670
[EXEC] instret=2132, PC=0x000123bc, pc_index=18671
[EXEC] instret=2133, PC=0x000123c0, pc_index=18672
[EXEC] instret=2134, PC=0x000123c8, pc_index=18674
[EXEC] instret=2135, PC=0x000123cc, pc_index=18675
[EXEC] instret=2136, PC=0x000123d0, pc_index=18676
[EXEC] instret=2137, PC=0x000123d4, pc_index=18677
[EXEC] instret=2138, PC=0x000123d8, pc_index=18678
[EXEC] instret=2139, PC=0x000123e0, pc_index=18680
[EXEC] instret=2140, PC=0x000123e4, pc_index=18681
[EXEC] instret=2141, PC=0x000123e8, pc_index=18682
[EXEC] instret=2142, PC=0x000123ec, pc_index=18683
[EXEC] instret=2143, PC=0x000123f0, pc_index=18684
[EXEC] instret=2144, PC=0x000123f8, pc_index=18686
[EXEC] instret=2145, PC=0x000123fc, pc_index=18687
[EXEC] instret=2146, PC=0x00012400, pc_index=18688
[EXEC] instret=2147, PC=0x00012404, pc_index=18689
[EXEC] instret=2148, PC=0x00012408, pc_index=18690
[EXEC] instret=2149, PC=0x0001240c, pc_index=18691
[EXEC] instret=2150, PC=0x00016ae8, pc_index=23226
[EXEC] instret=2151, PC=0x00016aec, pc_index=23227
[EXEC] instret=2152, PC=0x00016af0, pc_index=23228
[EXEC] instret=2153, PC=0x00016af4, pc_index=23229
[EXEC] instret=2154, PC=0x000194fc, pc_index=25919
[EXEC] instret=2155, PC=0x00019504, pc_index=25921
[EXEC] instret=2156, PC=0x00019508, pc_index=25922
[EXEC] instret=2157, PC=0x0001950c, pc_index=25923
[EXEC] instret=2158, PC=0x00019510, pc_index=25924
[EXEC] instret=2159, PC=0x00010804, pc_index=16897
[EXEC] instret=2160, PC=0x00010808, pc_index=16898
[EXEC] instret=2161, PC=0x0001080c, pc_index=16899
[EXEC] instret=2162, PC=0x00010810, pc_index=16900
[EXEC] instret=2163, PC=0x00010814, pc_index=16901
[EXEC] instret=2164, PC=0x00010818, pc_index=16902
[EXEC] instret=2165, PC=0x0001081c, pc_index=16903
[EXEC] instret=2166, PC=0x00010820, pc_index=16904
[EXEC] instret=2167, PC=0x00010824, pc_index=16905
[EXEC] instret=2168, PC=0x0001a664, pc_index=27033
[EXEC] instret=2169, PC=0x0001a668, pc_index=27034
[EXEC] instret=2170, PC=0x0001a66c, pc_index=27035
[EXEC] instret=2171, PC=0x0001a670, pc_index=27036
[EXEC] instret=2172, PC=0x0001a674, pc_index=27037
[EXEC] instret=2173, PC=0x0001a678, pc_index=27038
[EXEC] instret=2174, PC=0x0001a68c, pc_index=27043
[EXEC] instret=2175, PC=0x00010828, pc_index=16906
[EXEC] instret=2176, PC=0x0001082c, pc_index=16907
[EXEC] instret=2177, PC=0x00010830, pc_index=16908
[EXEC] instret=2178, PC=0x00010834, pc_index=16909
[EXEC] instret=2179, PC=0x00010838, pc_index=16910
[EXEC] instret=2180, PC=0x0001083c, pc_index=16911
[EXEC] instret=2181, PC=0x00010840, pc_index=16912
[EXEC] instret=2182, PC=0x00010844, pc_index=16913
[EXEC] instret=2183, PC=0x00010848, pc_index=16914
[EXEC] instret=2184, PC=0x00010884, pc_index=16929
[EXEC] instret=2185, PC=0x00010888, pc_index=16930
[EXEC] instret=2186, PC=0x0001088c, pc_index=16931
[EXEC] instret=2187, PC=0x00010890, pc_index=16932
[EXEC] instret=2188, PC=0x00010894, pc_index=16933
[EXEC] instret=2189, PC=0x00010898, pc_index=16934
[EXEC] instret=2190, PC=0x00019514, pc_index=25925
[EXEC] instret=2191, PC=0x00019518, pc_index=25926
[EXEC] instret=2192, PC=0x0001951c, pc_index=25927
[EXEC] instret=2193, PC=0x0001ac00, pc_index=27392
[EXEC] instret=2194, PC=0x0001ac04, pc_index=27393
[EXEC] instret=2195, PC=0x0001ac08, pc_index=27394
[EXEC] instret=2196, PC=0x0001ac0c, pc_index=27395
[EXEC] instret=2197, PC=0x0001ac10, pc_index=27396
[EXEC] instret=2198, PC=0x0001ac14, pc_index=27397
[EXEC] instret=2199, PC=0x0001ac18, pc_index=27398
[EXEC] instret=2200, PC=0x0001ac1c, pc_index=27399
[EXEC] instret=2201, PC=0x0001ac20, pc_index=27400
[EXEC] instret=2202, PC=0x0001ac24, pc_index=27401
[EXEC] instret=2203, PC=0x0001ac28, pc_index=27402
[EXEC] instret=2204, PC=0x0001ad08, pc_index=27458
[EXEC] instret=2205, PC=0x0001ad0c, pc_index=27459
[EXEC] instret=2206, PC=0x0001ad10, pc_index=27460
[EXEC] instret=2207, PC=0x0001ad14, pc_index=27461
[EXEC] instret=2208, PC=0x0001ac90, pc_index=27428
[EXEC] instret=2209, PC=0x0001ac94, pc_index=27429
[EXEC] instret=2210, PC=0x0001ac98, pc_index=27430
[EXEC] instret=2211, PC=0x0001ac9c, pc_index=27431
[EXEC] instret=2212, PC=0x0001aca0, pc_index=27432
[EXEC] instret=2213, PC=0x0001aca4, pc_index=27433
[EXEC] instret=2214, PC=0x0001aca8, pc_index=27434
[EXEC] instret=2215, PC=0x0001acac, pc_index=27435
[EXEC] instret=2216, PC=0x0001acb0, pc_index=27436
[EXEC] instret=2217, PC=0x0001c7b4, pc_index=29165
[EXEC] instret=2218, PC=0x0001c7b8, pc_index=29166
[EXEC] instret=2219, PC=0x0001c7bc, pc_index=29167
[EXEC] instret=2220, PC=0x0001c7c0, pc_index=29168
[EXEC] instret=2221, PC=0x0001c7c4, pc_index=29169
[EXEC] instret=2222, PC=0x0001c7c8, pc_index=29170
[EXEC] instret=2223, PC=0x0001c7cc, pc_index=29171
[EXEC] instret=2224, PC=0x0001c7d0, pc_index=29172
[EXEC] instret=2225, PC=0x0001c7d4, pc_index=29173
[EXEC] instret=2226, PC=0x0001c7d8, pc_index=29174
[EXEC] instret=2227, PC=0x0001c7dc, pc_index=29175
[EXEC] instret=2228, PC=0x0001c7e0, pc_index=29176
[EXEC] instret=2229, PC=0x0001c7e4, pc_index=29177
[EXEC] instret=2230, PC=0x0001c7e8, pc_index=29178
[EXEC] instret=2231, PC=0x0001c7ec, pc_index=29179
[EXEC] instret=2232, PC=0x0001c7f0, pc_index=29180
[EXEC] instret=2233, PC=0x0001c7f4, pc_index=29181
[EXEC] instret=2234, PC=0x0001c7f8, pc_index=29182
[EXEC] instret=2235, PC=0x0001c7fc, pc_index=29183
[EXEC] instret=2236, PC=0x0001c800, pc_index=29184
[EXEC] instret=2237, PC=0x0001c804, pc_index=29185
[EXEC] instret=2238, PC=0x0001c808, pc_index=29186
[EXEC] instret=2239, PC=0x0001c80c, pc_index=29187
[EXEC] instret=2240, PC=0x0001c810, pc_index=29188
[EXEC] instret=2241, PC=0x0001c814, pc_index=29189
[EXEC] instret=2242, PC=0x0001c818, pc_index=29190
[EXEC] instret=2243, PC=0x0001c81c, pc_index=29191
[EXEC] instret=2244, PC=0x0001c820, pc_index=29192
[EXEC] instret=2245, PC=0x0001c824, pc_index=29193
[EXEC] instret=2246, PC=0x0001c828, pc_index=29194
[EXEC] instret=2247, PC=0x0001c82c, pc_index=29195
[EXEC] instret=2248, PC=0x0001c830, pc_index=29196
[EXEC] instret=2249, PC=0x0001c834, pc_index=29197
[EXEC] instret=2250, PC=0x0001c838, pc_index=29198
[EXEC] instret=2251, PC=0x0001c83c, pc_index=29199
[EXEC] instret=2252, PC=0x0001c840, pc_index=29200
[EXEC] instret=2253, PC=0x0001c844, pc_index=29201
[EXEC] instret=2254, PC=0x0001c848, pc_index=29202
[EXEC] instret=2255, PC=0x0001c84c, pc_index=29203
[EXEC] instret=2256, PC=0x0001c850, pc_index=29204
[EXEC] instret=2257, PC=0x0001c854, pc_index=29205
[EXEC] instret=2258, PC=0x0001c858, pc_index=29206
[EXEC] instret=2259, PC=0x0001c85c, pc_index=29207
[EXEC] instret=2260, PC=0x0001c860, pc_index=29208
[EXEC] instret=2261, PC=0x0001c864, pc_index=29209
[EXEC] instret=2262, PC=0x0001c868, pc_index=29210
[EXEC] instret=2263, PC=0x0001c86c, pc_index=29211
[EXEC] instret=2264, PC=0x0001c874, pc_index=29213
[EXEC] instret=2265, PC=0x0001acb4, pc_index=27437
[EXEC] instret=2266, PC=0x0001acb8, pc_index=27438
[EXEC] instret=2267, PC=0x0001acbc, pc_index=27439
[EXEC] instret=2268, PC=0x0001acc4, pc_index=27441
[EXEC] instret=2269, PC=0x0001acc8, pc_index=27442
[EXEC] instret=2270, PC=0x0001accc, pc_index=27443
[EXEC] instret=2271, PC=0x0001ace8, pc_index=27450
[EXEC] instret=2272, PC=0x0001acec, pc_index=27451
[EXEC] instret=2273, PC=0x0001acf0, pc_index=27452
[EXEC] instret=2274, PC=0x0001acf4, pc_index=27453
[EXEC] instret=2275, PC=0x0001acf8, pc_index=27454
[EXEC] instret=2276, PC=0x0001acfc, pc_index=27455
[EXEC] instret=2277, PC=0x0001ad00, pc_index=27456
[EXEC] instret=2278, PC=0x0001ad04, pc_index=27457
[EXEC] instret=2279, PC=0x0001ddcc, pc_index=30579
[EXEC] instret=2280, PC=0x0001ddd0, pc_index=30580
[EXEC] instret=2281, PC=0x0001ddd4, pc_index=30581
[EXEC] instret=2282, PC=0x0001ddd8, pc_index=30582
[EXEC] instret=2283, PC=0x0001dddc, pc_index=30583
[EXEC] instret=2284, PC=0x0001dde0, pc_index=30584
[EXEC] instret=2285, PC=0x0001dde4, pc_index=30585
[EXEC] instret=2286, PC=0x0001dde8, pc_index=30586
[EXEC] instret=2287, PC=0x0001ddec, pc_index=30587
[EXEC] instret=2288, PC=0x0001ddf0, pc_index=30588
[EXEC] instret=2289, PC=0x0001ddf4, pc_index=30589
[EXEC] instret=2290, PC=0x0001ddf8, pc_index=30590
[EXEC] instret=2291, PC=0x0001ddfc, pc_index=30591
[EXEC] instret=2292, PC=0x0001de14, pc_index=30597
[EXEC] instret=2293, PC=0x0001de18, pc_index=30598
[EXEC] instret=2294, PC=0x0001de1c, pc_index=30599
[EXEC] instret=2295, PC=0x0001de6c, pc_index=30619
[EXEC] instret=2296, PC=0x0001de70, pc_index=30620
[EXEC] instret=2297, PC=0x0001de74, pc_index=30621
[EXEC] instret=2298, PC=0x0001de78, pc_index=30622
[EXEC] instret=2299, PC=0x0001de7c, pc_index=30623
[EXEC] instret=2300, PC=0x0001de80, pc_index=30624
[EXEC] instret=2301, PC=0x0001de84, pc_index=30625
[EXEC] instret=2302, PC=0x0001de88, pc_index=30626
[EXEC] instret=2303, PC=0x0001de8c, pc_index=30627
[EXEC] instret=2304, PC=0x0001de90, pc_index=30628
[EXEC] instret=2305, PC=0x0001de94, pc_index=30629
[EXEC] instret=2306, PC=0x0001de98, pc_index=30630
[EXEC] instret=2307, PC=0x0001de9c, pc_index=30631
[EXEC] instret=2308, PC=0x0001dea0, pc_index=30632
[EXEC] instret=2309, PC=0x0001dea4, pc_index=30633
[EXEC] instret=2310, PC=0x0001dea8, pc_index=30634
[EXEC] instret=2311, PC=0x0001ded8, pc_index=30646
[EXEC] instret=2312, PC=0x0001dedc, pc_index=30647
[EXEC] instret=2313, PC=0x0001deac, pc_index=30635
[EXEC] instret=2314, PC=0x0001deb0, pc_index=30636
[EXEC] instret=2315, PC=0x0001deb4, pc_index=30637
[EXEC] instret=2316, PC=0x0001deb8, pc_index=30638
[EXEC] instret=2317, PC=0x0001debc, pc_index=30639
[EXEC] instret=2318, PC=0x0001dec0, pc_index=30640
[EXEC] instret=2319, PC=0x0001dec4, pc_index=30641
[EXEC] instret=2320, PC=0x0001dec8, pc_index=30642
[EXEC] instret=2321, PC=0x0001decc, pc_index=30643
[EXEC] instret=2322, PC=0x0001ded0, pc_index=30644
[EXEC] instret=2323, PC=0x0001ded4, pc_index=30645
[EXEC] instret=2324, PC=0x00019520, pc_index=25928
[EXEC] instret=2325, PC=0x00019524, pc_index=25929
[EXEC] instret=2326, PC=0x00019528, pc_index=25930
[EXEC] instret=2327, PC=0x0001952c, pc_index=25931
[EXEC] instret=2328, PC=0x00019530, pc_index=25932
[EXEC] instret=2329, PC=0x00019534, pc_index=25933
[EXEC] instret=2330, PC=0x00019538, pc_index=25934
[EXEC] instret=2331, PC=0x0001953c, pc_index=25935
[EXEC] instret=2332, PC=0x00019540, pc_index=25936
[EXEC] instret=2333, PC=0x00019544, pc_index=25937
[EXEC] instret=2334, PC=0x00010998, pc_index=16998
[EXEC] instret=2335, PC=0x0001099c, pc_index=16999
[EXEC] instret=2336, PC=0x000109a0, pc_index=17000
[EXEC] instret=2337, PC=0x000109a4, pc_index=17001
[EXEC] instret=2338, PC=0x000109a8, pc_index=17002
[EXEC] instret=2339, PC=0x000109ac, pc_index=17003
[EXEC] instret=2340, PC=0x000109b0, pc_index=17004
[EXEC] instret=2341, PC=0x000109b4, pc_index=17005
[EXEC] instret=2342, PC=0x000109b8, pc_index=17006
[EXEC] instret=2343, PC=0x000109bc, pc_index=17007
[EXEC] instret=2344, PC=0x0001013c, pc_index=16463
[EXEC] instret=2345, PC=0x00010140, pc_index=16464
[EXEC] instret=2346, PC=0x00010144, pc_index=16465
[EXEC] instret=2347, PC=0x00010148, pc_index=16466
[EXEC] instret=2348, PC=0x0001014c, pc_index=16467
[EXEC] instret=2349, PC=0x00010150, pc_index=16468
[EXEC] instret=2350, PC=0x00010154, pc_index=16469
[EXEC] instret=2351, PC=0x00010158, pc_index=16470
[EXEC] instret=2352, PC=0x0001015c, pc_index=16471
[EXEC] instret=2353, PC=0x00010160, pc_index=16472
[FLW-ENTRY] PC=0x00010160, instret=2353, ENABLED=true
[FLW] PC=0x00010160, Reading x2 = 0x00080000, imm=0
[FLW] f0 <- mem[0x00080000] = 0x3f800000 (1)
[FLW-EXIT] PC: 0x00010160 -> 0x00010164, instret=2354
[EXEC] instret=2354, PC=0x00010164, pc_index=16473
[FLW-ENTRY] PC=0x00010164, instret=2354, ENABLED=true
[FLW] PC=0x00010164, Reading x2 = 0x00080000, imm=4
[FLW] f1 <- mem[0x00080004] = 0x40000000 (2)
[FLW-EXIT] PC: 0x00010164 -> 0x00010168, instret=2355
[EXEC] instret=2355, PC=0x00010168, pc_index=16474
[FADD-ENTRY] PC=0x00010168, instret=2355, ENABLED=true
[FADD] Calling handler at 0x000108d4, instruction=0x28100153
[FADD-EXIT] Jumped to handler: 0x000108d4, return_addr=0x0001016c
[EXEC] instret=2356, PC=0x000108d4, pc_index=16949
[EXEC] instret=2357, PC=0x000108d8, pc_index=16950
[EXEC] instret=2358, PC=0x000108dc, pc_index=16951
[EXEC] instret=2359, PC=0x000108e0, pc_index=16952
[EXEC] instret=2360, PC=0x000108e4, pc_index=16953
[EXEC] instret=2361, PC=0x000108e8, pc_index=16954
[EXEC] instret=2362, PC=0x000108ec, pc_index=16955
[EXEC] instret=2363, PC=0x000108f0, pc_index=16956
[EXEC] instret=2364, PC=0x000108f4, pc_index=16957
[EXEC] instret=2365, PC=0x000108f8, pc_index=16958
[EXEC] instret=2366, PC=0x000108fc, pc_index=16959
[EXEC] instret=2367, PC=0x00010900, pc_index=16960
[EXEC] instret=2368, PC=0x00010904, pc_index=16961
[EXEC] instret=2369, PC=0x00010908, pc_index=16962
[EXEC] instret=2370, PC=0x0001090c, pc_index=16963
[EXEC] instret=2371, PC=0x00010910, pc_index=16964
[EXEC] instret=2372, PC=0x00010914, pc_index=16965
[EXEC] instret=2373, PC=0x00010918, pc_index=16966
[EXEC] instret=2374, PC=0x000109c0, pc_index=17008
[EXEC] instret=2375, PC=0x000109c4, pc_index=17009
[EXEC] instret=2376, PC=0x000109c8, pc_index=17010
[EXEC] instret=2377, PC=0x00010928, pc_index=16970
[EXEC] instret=2378, PC=0x0001092c, pc_index=16971
[EXEC] instret=2379, PC=0x00010930, pc_index=16972
[EXEC] instret=2380, PC=0x00010934, pc_index=16973
[EXEC] instret=2381, PC=0x00010938, pc_index=16974
[EXEC] instret=2382, PC=0x0001093c, pc_index=16975
[EXEC] instret=2383, PC=0x00010940, pc_index=16976
[EXEC] instret=2384, PC=0x00010944, pc_index=16977
[EXEC] instret=2385, PC=0x00010948, pc_index=16978
[EXEC] instret=2386, PC=0x0001094c, pc_index=16979
[EXEC] instret=2387, PC=0x00010950, pc_index=16980
[EXEC] instret=2388, PC=0x00010954, pc_index=16981
[EXEC] instret=2389, PC=0x0001a664, pc_index=27033
[EXEC] instret=2390, PC=0x0001a668, pc_index=27034
[EXEC] instret=2391, PC=0x0001a66c, pc_index=27035
[EXEC] instret=2392, PC=0x0001a670, pc_index=27036
[EXEC] instret=2393, PC=0x0001a674, pc_index=27037
[EXEC] instret=2394, PC=0x0001a678, pc_index=27038
[EXEC] instret=2395, PC=0x0001a67c, pc_index=27039
[EXEC] instret=2396, PC=0x0001a680, pc_index=27040
[EXEC] instret=2397, PC=0x0001a684, pc_index=27041
[EXEC] instret=2398, PC=0x00010958, pc_index=16982
[EXEC] instret=2399, PC=0x0001095c, pc_index=16983
[EXEC] instret=2400, PC=0x00010960, pc_index=16984
[EXEC] instret=2401, PC=0x00010964, pc_index=16985
[EXEC] instret=2402, PC=0x00010968, pc_index=16986
[EXEC] instret=2403, PC=0x0001096c, pc_index=16987
[EXEC] instret=2404, PC=0x00010970, pc_index=16988
[EXEC] instret=2405, PC=0x00010974, pc_index=16989
[EXEC] instret=2406, PC=0x00010978, pc_index=16990
[EXEC] instret=2407, PC=0x0001097c, pc_index=16991
[EXEC] instret=2408, PC=0x00010980, pc_index=16992
[EXEC] instret=2409, PC=0x00010984, pc_index=16993
[EXEC] instret=2410, PC=0x000109fc, pc_index=17023
[EXEC] instret=2411, PC=0x00010a00, pc_index=17024
[EXEC] instret=2412, PC=0x00010a04, pc_index=17025
[EXEC] instret=2413, PC=0x00010a08, pc_index=17026
[EXEC] instret=2414, PC=0x00010a0c, pc_index=17027
[EXEC] instret=2415, PC=0x00010a10, pc_index=17028
[EXEC] instret=2416, PC=0x0001a664, pc_index=27033
[EXEC] instret=2417, PC=0x0001a668, pc_index=27034
[EXEC] instret=2418, PC=0x0001a66c, pc_index=27035
[EXEC] instret=2419, PC=0x0001a670, pc_index=27036
[EXEC] instret=2420, PC=0x0001a674, pc_index=27037
[EXEC] instret=2421, PC=0x0001a678, pc_index=27038
[EXEC] instret=2422, PC=0x0001a68c, pc_index=27043
[EXEC] instret=2423, PC=0x00010a14, pc_index=17029
[EXEC] instret=2424, PC=0x00010a18, pc_index=17030
[EXEC] instret=2425, PC=0x00010a1c, pc_index=17031
[EXEC] instret=2426, PC=0x00010a20, pc_index=17032
[EXEC] instret=2427, PC=0x00010a24, pc_index=17033
[EXEC] instret=2428, PC=0x00010a28, pc_index=17034
[EXEC] instret=2429, PC=0x00010a2c, pc_index=17035
[EXEC] instret=2430, PC=0x00010a30, pc_index=17036
[EXEC] instret=2431, PC=0x00010a34, pc_index=17037
[EXEC] instret=2432, PC=0x000135a0, pc_index=19816
[EXEC] instret=2433, PC=0x000135a4, pc_index=19817
[EXEC] instret=2434, PC=0x000135a8, pc_index=19818
[EXEC] instret=2435, PC=0x000135ac, pc_index=19819
[EXEC] instret=2436, PC=0x000160e8, pc_index=22586
[EXEC] instret=2437, PC=0x000160ec, pc_index=22587
[EXEC] instret=2438, PC=0x000160f0, pc_index=22588
[EXEC] instret=2439, PC=0x000160f4, pc_index=22589
[EXEC] instret=2440, PC=0x000160f8, pc_index=22590
[EXEC] instret=2441, PC=0x000160fc, pc_index=22591
[EXEC] instret=2442, PC=0x00016100, pc_index=22592
[EXEC] instret=2443, PC=0x00016104, pc_index=22593
[EXEC] instret=2444, PC=0x00016108, pc_index=22594
[EXEC] instret=2445, PC=0x0001610c, pc_index=22595
[EXEC] instret=2446, PC=0x00016110, pc_index=22596
[EXEC] instret=2447, PC=0x00016114, pc_index=22597
[EXEC] instret=2448, PC=0x00016118, pc_index=22598
[EXEC] instret=2449, PC=0x0001611c, pc_index=22599
[EXEC] instret=2450, PC=0x00016120, pc_index=22600
[EXEC] instret=2451, PC=0x000161b4, pc_index=22637
[EXEC] instret=2452, PC=0x000161b8, pc_index=22638
[EXEC] instret=2453, PC=0x000161bc, pc_index=22639
[EXEC] instret=2454, PC=0x000161c0, pc_index=22640
[EXEC] instret=2455, PC=0x000161c4, pc_index=22641
[EXEC] instret=2456, PC=0x0001621c, pc_index=22663
[EXEC] instret=2457, PC=0x00016220, pc_index=22664
[EXEC] instret=2458, PC=0x00016224, pc_index=22665
[EXEC] instret=2459, PC=0x00016228, pc_index=22666
[EXEC] instret=2460, PC=0x0001622c, pc_index=22667
[EXEC] instret=2461, PC=0x00016234, pc_index=22669
[EXEC] instret=2462, PC=0x00016238, pc_index=22670
[EXEC] instret=2463, PC=0x0001623c, pc_index=22671
[EXEC] instret=2464, PC=0x00016240, pc_index=22672
[EXEC] instret=2465, PC=0x00016244, pc_index=22673
[EXEC] instret=2466, PC=0x0001624c, pc_index=22675
[EXEC] instret=2467, PC=0x00016250, pc_index=22676
[EXEC] instret=2468, PC=0x00016254, pc_index=22677
[EXEC] instret=2469, PC=0x00016258, pc_index=22678
[EXEC] instret=2470, PC=0x0001625c, pc_index=22679
[EXEC] instret=2471, PC=0x00016260, pc_index=22680
[EXEC] instret=2472, PC=0x000181ec, pc_index=24699
[EXEC] instret=2473, PC=0x000181f0, pc_index=24700
[EXEC] instret=2474, PC=0x000181f4, pc_index=24701
[EXEC] instret=2475, PC=0x000181f8, pc_index=24702
[EXEC] instret=2476, PC=0x000181fc, pc_index=24703
[EXEC] instret=2477, PC=0x00018200, pc_index=24704
[EXEC] instret=2478, PC=0x0001a9e0, pc_index=27256
[EXEC] instret=2479, PC=0x0001a9e4, pc_index=27257
[EXEC] instret=2480, PC=0x0001a9e8, pc_index=27258
[EXEC] instret=2481, PC=0x0001a9ec, pc_index=27259
[EXEC] instret=2482, PC=0x0001a9f0, pc_index=27260
[EXEC] instret=2483, PC=0x0001a9fc, pc_index=27263
[EXEC] instret=2484, PC=0x0001aa00, pc_index=27264
[EXEC] instret=2485, PC=0x0001aa04, pc_index=27265
[EXEC] instret=2486, PC=0x0001aa08, pc_index=27266
[EXEC] instret=2487, PC=0x0001aa14, pc_index=27269
[EXEC] instret=2488, PC=0x0001aa18, pc_index=27270
[EXEC] instret=2489, PC=0x0001aa1c, pc_index=27271
[EXEC] instret=2490, PC=0x0001aa20, pc_index=27272
[EXEC] instret=2491, PC=0x0001aa24, pc_index=27273
[EXEC] instret=2492, PC=0x0001aa28, pc_index=27274
[EXEC] instret=2493, PC=0x0001aa2c, pc_index=27275
[EXEC] instret=2494, PC=0x0001aa30, pc_index=27276
[EXEC] instret=2495, PC=0x00018204, pc_index=24705
[EXEC] instret=2496, PC=0x0001820c, pc_index=24707
[EXEC] instret=2497, PC=0x00018210, pc_index=24708
[EXEC] instret=2498, PC=0x00018214, pc_index=24709
[EXEC] instret=2499, PC=0x00018218, pc_index=24710
[EXEC] instret=2500, PC=0x0001821c, pc_index=24711
[EXEC] instret=2501, PC=0x00018220, pc_index=24712
[EXEC] instret=2502, PC=0x00018224, pc_index=24713
[EXEC] instret=2503, PC=0x0001619c, pc_index=22631
[EXEC] instret=2504, PC=0x000161a0, pc_index=22632
[EXEC] instret=2505, PC=0x000161a4, pc_index=22633
[EXEC] instret=2506, PC=0x000161a8, pc_index=22634
[EXEC] instret=2507, PC=0x000161ac, pc_index=22635
[EXEC] instret=2508, PC=0x000161b0, pc_index=22636
[EXEC] instret=2509, PC=0x00010998, pc_index=16998
[EXEC] instret=2510, PC=0x0001099c, pc_index=16999
[EXEC] instret=2511, PC=0x000109a0, pc_index=17000
[EXEC] instret=2512, PC=0x000109a4, pc_index=17001
[EXEC] instret=2513, PC=0x000109a8, pc_index=17002
[EXEC] instret=2514, PC=0x000109ac, pc_index=17003
[EXEC] instret=2515, PC=0x000109b0, pc_index=17004
[EXEC] instret=2516, PC=0x000109b4, pc_index=17005
[EXEC] instret=2517, PC=0x000109b8, pc_index=17006
[EXEC] instret=2518, PC=0x000109bc, pc_index=17007
[EXEC] instret=2519, PC=0x0001016c, pc_index=16475
[EXEC] instret=2520, PC=0x00010170, pc_index=16476
[EXEC] instret=2521, PC=0x00010174, pc_index=16477
[EXEC] instret=2522, PC=0x00010178, pc_index=16478
[EXEC] instret=2523, PC=0x0001017c, pc_index=16479
[EXEC] instret=2524, PC=0x00010180, pc_index=16480
[EXEC] instret=2525, PC=0x00010184, pc_index=16481
[EXEC] instret=2526, PC=0x00010188, pc_index=16482
[EXEC] instret=2527, PC=0x0001018c, pc_index=16483
[FLW-ENTRY] PC=0x0001018c, instret=2527, ENABLED=true
[FLW] PC=0x0001018c, Reading x2 = 0x00080000, imm=0
[FLW] f0 <- mem[0x00080000] = 0x80000000 (-0)
[FLW-EXIT] PC: 0x0001018c -> 0x00010190, instret=2528
[EXEC] instret=2528, PC=0x00010190, pc_index=16484
[FLW-ENTRY] PC=0x00010190, instret=2528, ENABLED=true
[FLW] PC=0x00010190, Reading x2 = 0x00080000, imm=4
[FLW] f1 <- mem[0x00080004] = 0x00000000 (0)
[FLW-EXIT] PC: 0x00010190 -> 0x00010194, instret=2529
[EXEC] instret=2529, PC=0x00010194, pc_index=16485
[FADD-ENTRY] PC=0x00010194, instret=2529, ENABLED=true
[FADD] Calling handler at 0x000108d4, instruction=0x28100153
[FADD-EXIT] Jumped to handler: 0x000108d4, return_addr=0x00010198
[EXEC] instret=2530, PC=0x000108d4, pc_index=16949
[EXEC] instret=2531, PC=0x000108d8, pc_index=16950
[EXEC] instret=2532, PC=0x000108dc, pc_index=16951
[EXEC] instret=2533, PC=0x000108e0, pc_index=16952
[EXEC] instret=2534, PC=0x000108e4, pc_index=16953
[EXEC] instret=2535, PC=0x000108e8, pc_index=16954
[EXEC] instret=2536, PC=0x000108ec, pc_index=16955
[EXEC] instret=2537, PC=0x000108f0, pc_index=16956
[EXEC] instret=2538, PC=0x000108f4, pc_index=16957
[EXEC] instret=2539, PC=0x000108f8, pc_index=16958
[EXEC] instret=2540, PC=0x000108fc, pc_index=16959
[EXEC] instret=2541, PC=0x00010900, pc_index=16960
[EXEC] instret=2542, PC=0x00010904, pc_index=16961
[EXEC] instret=2543, PC=0x00010908, pc_index=16962
[EXEC] instret=2544, PC=0x0001090c, pc_index=16963
[EXEC] instret=2545, PC=0x00010910, pc_index=16964
[EXEC] instret=2546, PC=0x00010914, pc_index=16965
[EXEC] instret=2547, PC=0x00010918, pc_index=16966
[EXEC] instret=2548, PC=0x000109c0, pc_index=17008
[EXEC] instret=2549, PC=0x000109c4, pc_index=17009
[EXEC] instret=2550, PC=0x000109c8, pc_index=17010
[EXEC] instret=2551, PC=0x00010928, pc_index=16970
[EXEC] instret=2552, PC=0x0001092c, pc_index=16971
[EXEC] instret=2553, PC=0x00010930, pc_index=16972
[EXEC] instret=2554, PC=0x00010934, pc_index=16973
[EXEC] instret=2555, PC=0x00010938, pc_index=16974
[EXEC] instret=2556, PC=0x0001093c, pc_index=16975
[EXEC] instret=2557, PC=0x00010940, pc_index=16976
[EXEC] instret=2558, PC=0x00010944, pc_index=16977
[EXEC] instret=2559, PC=0x00010948, pc_index=16978
[EXEC] instret=2560, PC=0x0001094c, pc_index=16979
[EXEC] instret=2561, PC=0x00010950, pc_index=16980
[EXEC] instret=2562, PC=0x00010954, pc_index=16981
[EXEC] instret=2563, PC=0x0001a664, pc_index=27033
[EXEC] instret=2564, PC=0x0001a668, pc_index=27034
[EXEC] instret=2565, PC=0x0001a66c, pc_index=27035
[EXEC] instret=2566, PC=0x0001a670, pc_index=27036
[EXEC] instret=2567, PC=0x0001a674, pc_index=27037
[EXEC] instret=2568, PC=0x0001a678, pc_index=27038
[EXEC] instret=2569, PC=0x0001a67c, pc_index=27039
[EXEC] instret=2570, PC=0x0001a680, pc_index=27040
[EXEC] instret=2571, PC=0x0001a684, pc_index=27041
[EXEC] instret=2572, PC=0x00010958, pc_index=16982
[EXEC] instret=2573, PC=0x0001095c, pc_index=16983
[EXEC] instret=2574, PC=0x00010960, pc_index=16984
[EXEC] instret=2575, PC=0x00010964, pc_index=16985
[EXEC] instret=2576, PC=0x00010968, pc_index=16986
[EXEC] instret=2577, PC=0x0001096c, pc_index=16987
[EXEC] instret=2578, PC=0x00010970, pc_index=16988
[EXEC] instret=2579, PC=0x00010974, pc_index=16989
[EXEC] instret=2580, PC=0x00010978, pc_index=16990
[EXEC] instret=2581, PC=0x0001097c, pc_index=16991
[EXEC] instret=2582, PC=0x00010980, pc_index=16992
[EXEC] instret=2583, PC=0x00010984, pc_index=16993
[EXEC] instret=2584, PC=0x000109fc, pc_index=17023
[EXEC] instret=2585, PC=0x00010a00, pc_index=17024
[EXEC] instret=2586, PC=0x00010a04, pc_index=17025
[EXEC] instret=2587, PC=0x00010a08, pc_index=17026
[EXEC] instret=2588, PC=0x00010a0c, pc_index=17027
[EXEC] instret=2589, PC=0x00010a10, pc_index=17028
[EXEC] instret=2590, PC=0x0001a664, pc_index=27033
[EXEC] instret=2591, PC=0x0001a668, pc_index=27034
[EXEC] instret=2592, PC=0x0001a66c, pc_index=27035
[EXEC] instret=2593, PC=0x0001a670, pc_index=27036
[EXEC] instret=2594, PC=0x0001a674, pc_index=27037
[EXEC] instret=2595, PC=0x0001a678, pc_index=27038
[EXEC] instret=2596, PC=0x0001a68c, pc_index=27043
[EXEC] instret=2597, PC=0x00010a14, pc_index=17029
[EXEC] instret=2598, PC=0x00010a18, pc_index=17030
[EXEC] instret=2599, PC=0x00010a1c, pc_index=17031
[EXEC] instret=2600, PC=0x00010a20, pc_index=17032
[EXEC] instret=2601, PC=0x00010a24, pc_index=17033
[EXEC] instret=2602, PC=0x00010a28, pc_index=17034
[EXEC] instret=2603, PC=0x00010a2c, pc_index=17035
[EXEC] instret=2604, PC=0x00010a30, pc_index=17036
[EXEC] instret=2605, PC=0x00010a34, pc_index=17037
[EXEC] instret=2606, PC=0x000135a0, pc_index=19816
[EXEC] instret=2607, PC=0x000135a4, pc_index=19817
[EXEC] instret=2608, PC=0x000135a8, pc_index=19818
[EXEC] instret=2609, PC=0x000135ac, pc_index=19819
[EXEC] instret=2610, PC=0x000160e8, pc_index=22586
[EXEC] instret=2611, PC=0x000160ec, pc_index=22587
[EXEC] instret=2612, PC=0x000160f0, pc_index=22588
[EXEC] instret=2613, PC=0x000160f4, pc_index=22589
[EXEC] instret=2614, PC=0x000160f8, pc_index=22590
[EXEC] instret=2615, PC=0x000160fc, pc_index=22591
[EXEC] instret=2616, PC=0x00016100, pc_index=22592
[EXEC] instret=2617, PC=0x00016104, pc_index=22593
[EXEC] instret=2618, PC=0x00016108, pc_index=22594
[EXEC] instret=2619, PC=0x0001610c, pc_index=22595
[EXEC] instret=2620, PC=0x00016110, pc_index=22596
[EXEC] instret=2621, PC=0x00016114, pc_index=22597
[EXEC] instret=2622, PC=0x00016118, pc_index=22598
[EXEC] instret=2623, PC=0x0001611c, pc_index=22599
[EXEC] instret=2624, PC=0x00016120, pc_index=22600
[EXEC] instret=2625, PC=0x00016124, pc_index=22601
[EXEC] instret=2626, PC=0x00016128, pc_index=22602
[EXEC] instret=2627, PC=0x0001612c, pc_index=22603
[EXEC] instret=2628, PC=0x00016130, pc_index=22604
[EXEC] instret=2629, PC=0x00016134, pc_index=22605
[EXEC] instret=2630, PC=0x00016138, pc_index=22606
[EXEC] instret=2631, PC=0x0001613c, pc_index=22607
[EXEC] instret=2632, PC=0x00016140, pc_index=22608
[EXEC] instret=2633, PC=0x00016144, pc_index=22609
[EXEC] instret=2634, PC=0x00016148, pc_index=22610
[EXEC] instret=2635, PC=0x0001614c, pc_index=22611
[EXEC] instret=2636, PC=0x00016150, pc_index=22612
[EXEC] instret=2637, PC=0x000161b4, pc_index=22637
[EXEC] instret=2638, PC=0x000161b8, pc_index=22638
[EXEC] instret=2639, PC=0x000161bc, pc_index=22639
[EXEC] instret=2640, PC=0x000161c0, pc_index=22640
[EXEC] instret=2641, PC=0x000161c4, pc_index=22641
[EXEC] instret=2642, PC=0x000161c8, pc_index=22642
[EXEC] instret=2643, PC=0x000161cc, pc_index=22643
[EXEC] instret=2644, PC=0x000161d0, pc_index=22644
[EXEC] instret=2645, PC=0x000161d4, pc_index=22645
[EXEC] instret=2646, PC=0x000161d8, pc_index=22646
[EXEC] instret=2647, PC=0x000161dc, pc_index=22647
[EXEC] instret=2648, PC=0x000161e0, pc_index=22648
[EXEC] instret=2649, PC=0x000161e4, pc_index=22649
[EXEC] instret=2650, PC=0x000161e8, pc_index=22650
[EXEC] instret=2651, PC=0x000161ec, pc_index=22651
[EXEC] instret=2652, PC=0x000161f0, pc_index=22652
[EXEC] instret=2653, PC=0x000161f4, pc_index=22653
[EXEC] instret=2654, PC=0x000161f8, pc_index=22654
[EXEC] instret=2655, PC=0x000161fc, pc_index=22655
[EXEC] instret=2656, PC=0x00016200, pc_index=22656
[EXEC] instret=2657, PC=0x00016204, pc_index=22657
[EXEC] instret=2658, PC=0x00016208, pc_index=22658
[EXEC] instret=2659, PC=0x0001620c, pc_index=22659
[EXEC] instret=2660, PC=0x00016210, pc_index=22660
[EXEC] instret=2661, PC=0x00016214, pc_index=22661
[EXEC] instret=2662, PC=0x00016218, pc_index=22662
[EXEC] instret=2663, PC=0x00016184, pc_index=22625
[EXEC] instret=2664, PC=0x00016188, pc_index=22626
[EXEC] instret=2665, PC=0x0001618c, pc_index=22627
[EXEC] instret=2666, PC=0x00016190, pc_index=22628
[EXEC] instret=2667, PC=0x00016194, pc_index=22629
[EXEC] instret=2668, PC=0x00016198, pc_index=22630
[EXEC] instret=2669, PC=0x0001619c, pc_index=22631
[EXEC] instret=2670, PC=0x000161a0, pc_index=22632
[EXEC] instret=2671, PC=0x000161a4, pc_index=22633
[EXEC] instret=2672, PC=0x000161a8, pc_index=22634
[EXEC] instret=2673, PC=0x000161ac, pc_index=22635
[EXEC] instret=2674, PC=0x000161b0, pc_index=22636
[EXEC] instret=2675, PC=0x00010998, pc_index=16998
[EXEC] instret=2676, PC=0x0001099c, pc_index=16999
[EXEC] instret=2677, PC=0x000109a0, pc_index=17000
[EXEC] instret=2678, PC=0x000109a4, pc_index=17001
[EXEC] instret=2679, PC=0x000109a8, pc_index=17002
[EXEC] instret=2680, PC=0x000109ac, pc_index=17003
[EXEC] instret=2681, PC=0x000109b0, pc_index=17004
[EXEC] instret=2682, PC=0x000109b4, pc_index=17005
[EXEC] instret=2683, PC=0x000109b8, pc_index=17006
[EXEC] instret=2684, PC=0x000109bc, pc_index=17007
[EXEC] instret=2685, PC=0x00010198, pc_index=16486
[EXEC] instret=2686, PC=0x0001019c, pc_index=16487
[EXEC] instret=2687, PC=0x000101a0, pc_index=16488
[EXEC] instret=2688, PC=0x000101a4, pc_index=16489
[EXEC] instret=2689, PC=0x000101a8, pc_index=16490
[EXEC] instret=2690, PC=0x000101ac, pc_index=16491
[EXEC] instret=2691, PC=0x000101b0, pc_index=16492
[EXEC] instret=2692, PC=0x000101b4, pc_index=16493
[EXEC] instret=2693, PC=0x000101b8, pc_index=16494
[FLW-ENTRY] PC=0x000101b8, instret=2693, ENABLED=true
[FLW] PC=0x000101b8, Reading x2 = 0x00080000, imm=0
[FLW] f0 <- mem[0x00080000] = 0x3f800000 (1)
[FLW-EXIT] PC: 0x000101b8 -> 0x000101bc, instret=2694
[EXEC] instret=2694, PC=0x000101bc, pc_index=16495
[FLW-ENTRY] PC=0x000101bc, instret=2694, ENABLED=true
[FLW] PC=0x000101bc, Reading x2 = 0x00080000, imm=4
[FLW] f1 <- mem[0x00080004] = 0x40000000 (2)
[FLW-EXIT] PC: 0x000101bc -> 0x000101c0, instret=2695
[EXEC] instret=2695, PC=0x000101c0, pc_index=16496
[FADD-ENTRY] PC=0x000101c0, instret=2695, ENABLED=true
[FADD] Calling handler at 0x000108d4, instruction=0x28101153
[FADD-EXIT] Jumped to handler: 0x000108d4, return_addr=0x000101c4
[EXEC] instret=2696, PC=0x000108d4, pc_index=16949
[EXEC] instret=2697, PC=0x000108d8, pc_index=16950
[EXEC] instret=2698, PC=0x000108dc, pc_index=16951
[EXEC] instret=2699, PC=0x000108e0, pc_index=16952
[EXEC] instret=2700, PC=0x000108e4, pc_index=16953
[EXEC] instret=2701, PC=0x000108e8, pc_index=16954
[EXEC] instret=2702, PC=0x000108ec, pc_index=16955
[EXEC] instret=2703, PC=0x000108f0, pc_index=16956
[EXEC] instret=2704, PC=0x000108f4, pc_index=16957
[EXEC] instret=2705, PC=0x000108f8, pc_index=16958
[EXEC] instret=2706, PC=0x000108fc, pc_index=16959
[EXEC] instret=2707, PC=0x00010900, pc_index=16960
[EXEC] instret=2708, PC=0x00010904, pc_index=16961
[EXEC] instret=2709, PC=0x00010908, pc_index=16962
[EXEC] instret=2710, PC=0x0001090c, pc_index=16963
[EXEC] instret=2711, PC=0x00010910, pc_index=16964
[EXEC] instret=2712, PC=0x00010914, pc_index=16965
[EXEC] instret=2713, PC=0x00010918, pc_index=16966
[EXEC] instret=2714, PC=0x000109c0, pc_index=17008
[EXEC] instret=2715, PC=0x000109c4, pc_index=17009
[EXEC] instret=2716, PC=0x000109c8, pc_index=17010
[EXEC] instret=2717, PC=0x00010928, pc_index=16970
[EXEC] instret=2718, PC=0x0001092c, pc_index=16971
[EXEC] instret=2719, PC=0x00010930, pc_index=16972
[EXEC] instret=2720, PC=0x00010934, pc_index=16973
[EXEC] instret=2721, PC=0x00010938, pc_index=16974
[EXEC] instret=2722, PC=0x0001093c, pc_index=16975
[EXEC] instret=2723, PC=0x00010940, pc_index=16976
[EXEC] instret=2724, PC=0x00010944, pc_index=16977
[EXEC] instret=2725, PC=0x00010948, pc_index=16978
[EXEC] instret=2726, PC=0x0001094c, pc_index=16979
[EXEC] instret=2727, PC=0x00010950, pc_index=16980
[EXEC] instret=2728, PC=0x00010954, pc_index=16981
[EXEC] instret=2729, PC=0x0001a664, pc_index=27033
[EXEC] instret=2730, PC=0x0001a668, pc_index=27034
[EXEC] instret=2731, PC=0x0001a66c, pc_index=27035
[EXEC] instret=2732, PC=0x0001a670, pc_index=27036
[EXEC] instret=2733, PC=0x0001a674, pc_index=27037
[EXEC] instret=2734, PC=0x0001a678, pc_index=27038
[EXEC] instret=2735, PC=0x0001a67c, pc_index=27039
[EXEC] instret=2736, PC=0x0001a680, pc_index=27040
[EXEC] instret=2737, PC=0x0001a684, pc_index=27041
[EXEC] instret=2738, PC=0x00010958, pc_index=16982
[EXEC] instret=2739, PC=0x0001095c, pc_index=16983
[EXEC] instret=2740, PC=0x00010960, pc_index=16984
[EXEC] instret=2741, PC=0x00010964, pc_index=16985
[EXEC] instret=2742, PC=0x00010968, pc_index=16986
[EXEC] instret=2743, PC=0x0001096c, pc_index=16987
[EXEC] instret=2744, PC=0x00010970, pc_index=16988
[EXEC] instret=2745, PC=0x00010974, pc_index=16989
[EXEC] instret=2746, PC=0x00010978, pc_index=16990
[EXEC] instret=2747, PC=0x0001097c, pc_index=16991
[EXEC] instret=2748, PC=0x00010980, pc_index=16992
[EXEC] instret=2749, PC=0x00010984, pc_index=16993
[EXEC] instret=2750, PC=0x000109fc, pc_index=17023
[EXEC] instret=2751, PC=0x00010a00, pc_index=17024
[EXEC] instret=2752, PC=0x00010a04, pc_index=17025
[EXEC] instret=2753, PC=0x00010a08, pc_index=17026
[EXEC] instret=2754, PC=0x00010a0c, pc_index=17027
[EXEC] instret=2755, PC=0x00010a10, pc_index=17028
[EXEC] instret=2756, PC=0x0001a664, pc_index=27033
[EXEC] instret=2757, PC=0x0001a668, pc_index=27034
[EXEC] instret=2758, PC=0x0001a66c, pc_index=27035
[EXEC] instret=2759, PC=0x0001a670, pc_index=27036
[EXEC] instret=2760, PC=0x0001a674, pc_index=27037
[EXEC] instret=2761, PC=0x0001a678, pc_index=27038
[EXEC] instret=2762, PC=0x0001a68c, pc_index=27043
[EXEC] instret=2763, PC=0x00010a14, pc_index=17029
[EXEC] instret=2764, PC=0x00010a18, pc_index=17030
[EXEC] instret=2765, PC=0x00010a1c, pc_index=17031
[EXEC] instret=2766, PC=0x00010a20, pc_index=17032
[EXEC] instret=2767, PC=0x00010a24, pc_index=17033
[EXEC] instret=2768, PC=0x00010a28, pc_index=17034
[EXEC] instret=2769, PC=0x00010a2c, pc_index=17035
[EXEC] instret=2770, PC=0x00010a30, pc_index=17036
[EXEC] instret=2771, PC=0x00010a34, pc_index=17037
[EXEC] instret=2772, PC=0x000135a0, pc_index=19816
[EXEC] instret=2773, PC=0x000135a4, pc_index=19817
[EXEC] instret=2774, PC=0x000135a8, pc_index=19818
[EXEC] instret=2775, PC=0x000135b0, pc_index=19820
[EXEC] instret=2776, PC=0x000135b4, pc_index=19821
[EXEC] instret=2777, PC=0x000135bc, pc_index=19823
[EXEC] instret=2778, PC=0x000135c0, pc_index=19824
[EXEC] instret=2779, PC=0x000135c4, pc_index=19825
[EXEC] instret=2780, PC=0x000135c8, pc_index=19826
[EXEC] instret=2781, PC=0x000135cc, pc_index=19827
[EXEC] instret=2782, PC=0x000135d0, pc_index=19828
[EXEC] instret=2783, PC=0x000135d4, pc_index=19829
[EXEC] instret=2784, PC=0x000135d8, pc_index=19830
[EXEC] instret=2785, PC=0x000135dc, pc_index=19831
[EXEC] instret=2786, PC=0x000135e0, pc_index=19832
[EXEC] instret=2787, PC=0x000135e4, pc_index=19833
[EXEC] instret=2788, PC=0x000135e8, pc_index=19834
[EXEC] instret=2789, PC=0x000135ec, pc_index=19835
[EXEC] instret=2790, PC=0x000135f0, pc_index=19836
[EXEC] instret=2791, PC=0x000135f4, pc_index=19837
[EXEC] instret=2792, PC=0x000135f8, pc_index=19838
[EXEC] instret=2793, PC=0x00016784, pc_index=23009
[EXEC] instret=2794, PC=0x00016788, pc_index=23010
[EXEC] instret=2795, PC=0x0001678c, pc_index=23011
[EXEC] instret=2796, PC=0x00016790, pc_index=23012
[EXEC] instret=2797, PC=0x00016794, pc_index=23013
[EXEC] instret=2798, PC=0x000167f0, pc_index=23036
[EXEC] instret=2799, PC=0x000167f4, pc_index=23037
[EXEC] instret=2800, PC=0x000167f8, pc_index=23038
[EXEC] instret=2801, PC=0x000167fc, pc_index=23039
[EXEC] instret=2802, PC=0x00016800, pc_index=23040
[EXEC] instret=2803, PC=0x00016808, pc_index=23042
[EXEC] instret=2804, PC=0x0001680c, pc_index=23043
[EXEC] instret=2805, PC=0x00016810, pc_index=23044
[EXEC] instret=2806, PC=0x00016814, pc_index=23045
[EXEC] instret=2807, PC=0x00016818, pc_index=23046
[EXEC] instret=2808, PC=0x00016820, pc_index=23048
[EXEC] instret=2809, PC=0x00016824, pc_index=23049
[EXEC] instret=2810, PC=0x00016828, pc_index=23050
[EXEC] instret=2811, PC=0x0001682c, pc_index=23051
[EXEC] instret=2812, PC=0x00016830, pc_index=23052
[EXEC] instret=2813, PC=0x00016834, pc_index=23053
[EXEC] instret=2814, PC=0x00017d64, pc_index=24409
[EXEC] instret=2815, PC=0x00017d68, pc_index=24410
[EXEC] instret=2816, PC=0x00017d6c, pc_index=24411
[EXEC] instret=2817, PC=0x00017d70, pc_index=24412
[EXEC] instret=2818, PC=0x00017d74, pc_index=24413
[EXEC] instret=2819, PC=0x00017d78, pc_index=24414
[EXEC] instret=2820, PC=0x0001a9e0, pc_index=27256
[EXEC] instret=2821, PC=0x0001a9e4, pc_index=27257
[EXEC] instret=2822, PC=0x0001a9e8, pc_index=27258
[EXEC] instret=2823, PC=0x0001a9ec, pc_index=27259
[EXEC] instret=2824, PC=0x0001a9f0, pc_index=27260
[EXEC] instret=2825, PC=0x0001a9fc, pc_index=27263
[EXEC] instret=2826, PC=0x0001aa00, pc_index=27264
[EXEC] instret=2827, PC=0x0001aa04, pc_index=27265
[EXEC] instret=2828, PC=0x0001aa08, pc_index=27266
[EXEC] instret=2829, PC=0x0001aa14, pc_index=27269
[EXEC] instret=2830, PC=0x0001aa18, pc_index=27270
[EXEC] instret=2831, PC=0x0001aa1c, pc_index=27271
[EXEC] instret=2832, PC=0x0001aa20, pc_index=27272
[EXEC] instret=2833, PC=0x0001aa24, pc_index=27273
[EXEC] instret=2834, PC=0x0001aa28, pc_index=27274
[EXEC] instret=2835, PC=0x0001aa2c, pc_index=27275
[EXEC] instret=2836, PC=0x0001aa30, pc_index=27276
[EXEC] instret=2837, PC=0x00017d7c, pc_index=24415
[EXEC] instret=2838, PC=0x00017d84, pc_index=24417
[EXEC] instret=2839, PC=0x00017d88, pc_index=24418
[EXEC] instret=2840, PC=0x00017d8c, pc_index=24419
[EXEC] instret=2841, PC=0x00017d90, pc_index=24420
[EXEC] instret=2842, PC=0x00017d94, pc_index=24421
[EXEC] instret=2843, PC=0x00017d98, pc_index=24422
[EXEC] instret=2844, PC=0x00017d9c, pc_index=24423
[EXEC] instret=2845, PC=0x0001368c, pc_index=19875
[EXEC] instret=2846, PC=0x00013690, pc_index=19876
[EXEC] instret=2847, PC=0x00013694, pc_index=19877
[EXEC] instret=2848, PC=0x00013698, pc_index=19878
[EXEC] instret=2849, PC=0x0001369c, pc_index=19879
[EXEC] instret=2850, PC=0x000136a0, pc_index=19880
[EXEC] instret=2851, PC=0x00010998, pc_index=16998
[EXEC] instret=2852, PC=0x0001099c, pc_index=16999
[EXEC] instret=2853, PC=0x000109a0, pc_index=17000
[EXEC] instret=2854, PC=0x000109a4, pc_index=17001
[EXEC] instret=2855, PC=0x000109a8, pc_index=17002
[EXEC] instret=2856, PC=0x000109ac, pc_index=17003
[EXEC] instret=2857, PC=0x000109b0, pc_index=17004
[EXEC] instret=2858, PC=0x000109b4, pc_index=17005
[EXEC] instret=2859, PC=0x000109b8, pc_index=17006
[EXEC] instret=2860, PC=0x000109bc, pc_index=17007
[EXEC] instret=2861, PC=0x000101c4, pc_index=16497
[EXEC] instret=2862, PC=0x000101c8, pc_index=16498
[EXEC] instret=2863, PC=0x000101cc, pc_index=16499
[EXEC] instret=2864, PC=0x000101d0, pc_index=16500
[EXEC] instret=2865, PC=0x000101d4, pc_index=16501
[EXEC] instret=2866, PC=0x000101d8, pc_index=16502
[EXEC] instret=2867, PC=0x000101dc, pc_index=16503
[EXEC] instret=2868, PC=0x000101e0, pc_index=16504
[EXEC] instret=2869, PC=0x000101e4, pc_index=16505
[FLW-ENTRY] PC=0x000101e4, instret=2869, ENABLED=true
[FLW] PC=0x000101e4, Reading x2 = 0x00080000, imm=0
[FLW] f0 <- mem[0x00080000] = 0x80000000 (-0)
[FLW-EXIT] PC: 0x000101e4 -> 0x000101e8, instret=2870
[EXEC] instret=2870, PC=0x000101e8, pc_index=16506
[FLW-ENTRY] PC=0x000101e8, instret=2870, ENABLED=true
[FLW] PC=0x000101e8, Reading x2 = 0x00080000, imm=4
[FLW] f1 <- mem[0x00080004] = 0x00000000 (0)
[FLW-EXIT] PC: 0x000101e8 -> 0x000101ec, instret=2871
[EXEC] instret=2871, PC=0x000101ec, pc_index=16507
[FADD-ENTRY] PC=0x000101ec, instret=2871, ENABLED=true
[FADD] Calling handler at 0x000108d4, instruction=0x28101153
[FADD-EXIT] Jumped to handler: 0x000108d4, return_addr=0x000101f0
[EXEC] instret=2872, PC=0x000108d4, pc_index=16949
[EXEC] instret=2873, PC=0x000108d8, pc_index=16950
[EXEC] instret=2874, PC=0x000108dc, pc_index=16951
[EXEC] instret=2875, PC=0x000108e0, pc_index=16952
[EXEC] instret=2876, PC=0x000108e4, pc_index=16953
[EXEC] instret=2877, PC=0x000108e8, pc_index=16954
[EXEC] instret=2878, PC=0x000108ec, pc_index=16955
[EXEC] instret=2879, PC=0x000108f0, pc_index=16956
[EXEC] instret=2880, PC=0x000108f4, pc_index=16957
[EXEC] instret=2881, PC=0x000108f8, pc_index=16958
[EXEC] instret=2882, PC=0x000108fc, pc_index=16959
[EXEC] instret=2883, PC=0x00010900, pc_index=16960
[EXEC] instret=2884, PC=0x00010904, pc_index=16961
[EXEC] instret=2885, PC=0x00010908, pc_index=16962
[EXEC] instret=2886, PC=0x0001090c, pc_index=16963
[EXEC] instret=2887, PC=0x00010910, pc_index=16964
[EXEC] instret=2888, PC=0x00010914, pc_index=16965
[EXEC] instret=2889, PC=0x00010918, pc_index=16966
[EXEC] instret=2890, PC=0x000109c0, pc_index=17008
[EXEC] instret=2891, PC=0x000109c4, pc_index=17009
[EXEC] instret=2892, PC=0x000109c8, pc_index=17010
[EXEC] instret=2893, PC=0x00010928, pc_index=16970
[EXEC] instret=2894, PC=0x0001092c, pc_index=16971
[EXEC] instret=2895, PC=0x00010930, pc_index=16972
[EXEC] instret=2896, PC=0x00010934, pc_index=16973
[EXEC] instret=2897, PC=0x00010938, pc_index=16974
[EXEC] instret=2898, PC=0x0001093c, pc_index=16975
[EXEC] instret=2899, PC=0x00010940, pc_index=16976
[EXEC] instret=2900, PC=0x00010944, pc_index=16977
[EXEC] instret=2901, PC=0x00010948, pc_index=16978
[EXEC] instret=2902, PC=0x0001094c, pc_index=16979
[EXEC] instret=2903, PC=0x00010950, pc_index=16980
[EXEC] instret=2904, PC=0x00010954, pc_index=16981
[EXEC] instret=2905, PC=0x0001a664, pc_index=27033
[EXEC] instret=2906, PC=0x0001a668, pc_index=27034
[EXEC] instret=2907, PC=0x0001a66c, pc_index=27035
[EXEC] instret=2908, PC=0x0001a670, pc_index=27036
[EXEC] instret=2909, PC=0x0001a674, pc_index=27037
[EXEC] instret=2910, PC=0x0001a678, pc_index=27038
[EXEC] instret=2911, PC=0x0001a67c, pc_index=27039
[EXEC] instret=2912, PC=0x0001a680, pc_index=27040
[EXEC] instret=2913, PC=0x0001a684, pc_index=27041
[EXEC] instret=2914, PC=0x00010958, pc_index=16982
[EXEC] instret=2915, PC=0x0001095c, pc_index=16983
[EXEC] instret=2916, PC=0x00010960, pc_index=16984
[EXEC] instret=2917, PC=0x00010964, pc_index=16985
[EXEC] instret=2918, PC=0x00010968, pc_index=16986
[EXEC] instret=2919, PC=0x0001096c, pc_index=16987
[EXEC] instret=2920, PC=0x00010970, pc_index=16988
[EXEC] instret=2921, PC=0x00010974, pc_index=16989
[EXEC] instret=2922, PC=0x00010978, pc_index=16990
[EXEC] instret=2923, PC=0x0001097c, pc_index=16991
[EXEC] instret=2924, PC=0x00010980, pc_index=16992
[EXEC] instret=2925, PC=0x00010984, pc_index=16993
[EXEC] instret=2926, PC=0x000109fc, pc_index=17023
[EXEC] instret=2927, PC=0x00010a00, pc_index=17024
[EXEC] instret=2928, PC=0x00010a04, pc_index=17025
[EXEC] instret=2929, PC=0x00010a08, pc_index=17026
[EXEC] instret=2930, PC=0x00010a0c, pc_index=17027
[EXEC] instret=2931, PC=0x00010a10, pc_index=17028
[EXEC] instret=2932, PC=0x0001a664, pc_index=27033
[EXEC] instret=2933, PC=0x0001a668, pc_index=27034
[EXEC] instret=2934, PC=0x0001a66c, pc_index=27035
[EXEC] instret=2935, PC=0x0001a670, pc_index=27036
[EXEC] instret=2936, PC=0x0001a674, pc_index=27037
[EXEC] instret=2937, PC=0x0001a678, pc_index=27038
[EXEC] instret=2938, PC=0x0001a68c, pc_index=27043
[EXEC] instret=2939, PC=0x00010a14, pc_index=17029
[EXEC] instret=2940, PC=0x00010a18, pc_index=17030
[EXEC] instret=2941, PC=0x00010a1c, pc_index=17031
[EXEC] instret=2942, PC=0x00010a20, pc_index=17032
[EXEC] instret=2943, PC=0x00010a24, pc_index=17033
[EXEC] instret=2944, PC=0x00010a28, pc_index=17034
[EXEC] instret=2945, PC=0x00010a2c, pc_index=17035
[EXEC] instret=2946, PC=0x00010a30, pc_index=17036
[EXEC] instret=2947, PC=0x00010a34, pc_index=17037
[EXEC] instret=2948, PC=0x000135a0, pc_index=19816
[EXEC] instret=2949, PC=0x000135a4, pc_index=19817
[EXEC] instret=2950, PC=0x000135a8, pc_index=19818
[EXEC] instret=2951, PC=0x000135b0, pc_index=19820
[EXEC] instret=2952, PC=0x000135b4, pc_index=19821
[EXEC] instret=2953, PC=0x000135bc, pc_index=19823
[EXEC] instret=2954, PC=0x000135c0, pc_index=19824
[EXEC] instret=2955, PC=0x000135c4, pc_index=19825
[EXEC] instret=2956, PC=0x000135c8, pc_index=19826
[EXEC] instret=2957, PC=0x000135cc, pc_index=19827
[EXEC] instret=2958, PC=0x000135d0, pc_index=19828
[EXEC] instret=2959, PC=0x000135d4, pc_index=19829
[EXEC] instret=2960, PC=0x000135d8, pc_index=19830
[EXEC] instret=2961, PC=0x000135dc, pc_index=19831
[EXEC] instret=2962, PC=0x000135e0, pc_index=19832
[EXEC] instret=2963, PC=0x000135e4, pc_index=19833
[EXEC] instret=2964, PC=0x000135e8, pc_index=19834
[EXEC] instret=2965, PC=0x000135ec, pc_index=19835
[EXEC] instret=2966, PC=0x000135f0, pc_index=19836
[EXEC] instret=2967, PC=0x000135f4, pc_index=19837
[EXEC] instret=2968, PC=0x000135fc, pc_index=19839
[EXEC] instret=2969, PC=0x00013600, pc_index=19840
[EXEC] instret=2970, PC=0x00013604, pc_index=19841
[EXEC] instret=2971, PC=0x00013608, pc_index=19842
[EXEC] instret=2972, PC=0x0001360c, pc_index=19843
[EXEC] instret=2973, PC=0x00013610, pc_index=19844
[EXEC] instret=2974, PC=0x00013618, pc_index=19846
[EXEC] instret=2975, PC=0x0001361c, pc_index=19847
[EXEC] instret=2976, PC=0x00013620, pc_index=19848
[EXEC] instret=2977, PC=0x00013628, pc_index=19850
[EXEC] instret=2978, PC=0x0001362c, pc_index=19851
[EXEC] instret=2979, PC=0x00013630, pc_index=19852
[EXEC] instret=2980, PC=0x00013634, pc_index=19853
[EXEC] instret=2981, PC=0x00016784, pc_index=23009
[EXEC] instret=2982, PC=0x00016788, pc_index=23010
[EXEC] instret=2983, PC=0x0001678c, pc_index=23011
[EXEC] instret=2984, PC=0x00016790, pc_index=23012
[EXEC] instret=2985, PC=0x00016794, pc_index=23013
[EXEC] instret=2986, PC=0x00016798, pc_index=23014
[EXEC] instret=2987, PC=0x0001679c, pc_index=23015
[EXEC] instret=2988, PC=0x000167a0, pc_index=23016
[EXEC] instret=2989, PC=0x000167a4, pc_index=23017
[EXEC] instret=2990, PC=0x000167a8, pc_index=23018
[EXEC] instret=2991, PC=0x000167ac, pc_index=23019
[EXEC] instret=2992, PC=0x000167b0, pc_index=23020
[EXEC] instret=2993, PC=0x000167b4, pc_index=23021
[EXEC] instret=2994, PC=0x000167b8, pc_index=23022
[EXEC] instret=2995, PC=0x000167bc, pc_index=23023
[EXEC] instret=2996, PC=0x000167c0, pc_index=23024
[EXEC] instret=2997, PC=0x000167c4, pc_index=23025
[EXEC] instret=2998, PC=0x000167c8, pc_index=23026
[EXEC] instret=2999, PC=0x000167cc, pc_index=23027
[EXEC] instret=3000, PC=0x000167d0, pc_index=23028
[EXEC] instret=3001, PC=0x000167d4, pc_index=23029
[EXEC] instret=3002, PC=0x000167d8, pc_index=23030
[EXEC] instret=3003, PC=0x000167dc, pc_index=23031
[EXEC] instret=3004, PC=0x000167e0, pc_index=23032
[EXEC] instret=3005, PC=0x000167e4, pc_index=23033
[EXEC] instret=3006, PC=0x000167e8, pc_index=23034
[EXEC] instret=3007, PC=0x000167ec, pc_index=23035
[EXEC] instret=3008, PC=0x00013674, pc_index=19869
[EXEC] instret=3009, PC=0x00013678, pc_index=19870
[EXEC] instret=3010, PC=0x0001367c, pc_index=19871
[EXEC] instret=3011, PC=0x00013680, pc_index=19872
[EXEC] instret=3012, PC=0x00013684, pc_index=19873
[EXEC] instret=3013, PC=0x00013688, pc_index=19874
[EXEC] instret=3014, PC=0x0001368c, pc_index=19875
[EXEC] instret=3015, PC=0x00013690, pc_index=19876
[EXEC] instret=3016, PC=0x00013694, pc_index=19877
[EXEC] instret=3017, PC=0x00013698, pc_index=19878
[EXEC] instret=3018, PC=0x0001369c, pc_index=19879
[EXEC] instret=3019, PC=0x000136a0, pc_index=19880
[EXEC] instret=3020, PC=0x00010998, pc_index=16998
[EXEC] instret=3021, PC=0x0001099c, pc_index=16999
[EXEC] instret=3022, PC=0x000109a0, pc_index=17000
[EXEC] instret=3023, PC=0x000109a4, pc_index=17001
[EXEC] instret=3024, PC=0x000109a8, pc_index=17002
[EXEC] instret=3025, PC=0x000109ac, pc_index=17003
[EXEC] instret=3026, PC=0x000109b0, pc_index=17004
[EXEC] instret=3027, PC=0x000109b4, pc_index=17005
[EXEC] instret=3028, PC=0x000109b8, pc_index=17006
[EXEC] instret=3029, PC=0x000109bc, pc_index=17007
[EXEC] instret=3030, PC=0x000101f0, pc_index=16508
[EXEC] instret=3031, PC=0x000101f4, pc_index=16509
[EXEC] instret=3032, PC=0x000101f8, pc_index=16510
[EXEC] instret=3033, PC=0x000101fc, pc_index=16511
[EXEC] instret=3034, PC=0x00010200, pc_index=16512
[EXEC] instret=3035, PC=0x00010204, pc_index=16513
[EXEC] instret=3036, PC=0x00010208, pc_index=16514
[EXEC] instret=3037, PC=0x0001020c, pc_index=16515
[EXEC] instret=3038, PC=0x00010210, pc_index=16516
[FLW-ENTRY] PC=0x00010210, instret=3038, ENABLED=true
[FLW] PC=0x00010210, Reading x2 = 0x00080000, imm=0
[FLW] f0 <- mem[0x00080000] = 0x3fc00000 (1.5)
[FLW-EXIT] PC: 0x00010210 -> 0x00010214, instret=3039
[EXEC] instret=3039, PC=0x00010214, pc_index=16517
[FLW-ENTRY] PC=0x00010214, instret=3039, ENABLED=true
[FLW] PC=0x00010214, Reading x2 = 0x00080000, imm=4
[FLW] f1 <- mem[0x00080004] = 0xc0000000 (-2)
[FLW-EXIT] PC: 0x00010214 -> 0x00010218, instret=3040
[EXEC] instret=3040, PC=0x00010218, pc_index=16518
[FADD-ENTRY] PC=0x00010218, instret=3040, ENABLED=true
[FADD] Calling handler at 0x000108d4, instruction=0x20100153
[FADD-EXIT] Jumped to handler: 0x000108d4, return_addr=0x0001021c
[EXEC] instret=3041, PC=0x000108d4, pc_index=16949
[EXEC] instret=3042, PC=0x000108d8, pc_index=16950
[EXEC] instret=3043, PC=0x000108dc, pc_index=16951
[EXEC] instret=3044, PC=0x000108e0, pc_index=16952
[EXEC] instret=3045, PC=0x000108e4, pc_index=16953
[EXEC] instret=3046, PC=0x000108e8, pc_index=16954
[EXEC] instret=3047, PC=0x000108ec, pc_index=16955
[EXEC] instret=3048, PC=0x000108f0, pc_index=16956
[EXEC] instret=3049, PC=0x000108f4, pc_index=16957
[EXEC] instret=3050, PC=0x000108f8, pc_index=16958
[EXEC] instret=3051, PC=0x000108fc, pc_index=16959
[EXEC] instret=3052, PC=0x00010900, pc_index=16960
[EXEC] instret=3053, PC=0x00010904, pc_index=16961
[EXEC] instret=3054, PC=0x00010908, pc_index=16962
[EXEC] instret=3055, PC=0x0001090c, pc_index=16963
[EXEC] instret=3056, PC=0x00010910, pc_index=16964
[EXEC] instret=3057, PC=0x00010914, pc_index=16965
[EXEC] instret=3058, PC=0x00010918, pc_index=16966
[EXEC] instret=3059, PC=0x000109c0, pc_index=17008
[EXEC] instret=3060, PC=0x000109c4, pc_index=17009
[EXEC] instret=3061, PC=0x000109c8, pc_index=17010
[EXEC] instret=3062, PC=0x00010928, pc_index=16970
[EXEC] instret=3063, PC=0x0001092c, pc_index=16971
[EXEC] instret=3064, PC=0x00010930, pc_index=16972
[EXEC] instret=3065, PC=0x00010934, pc_index=16973
[EXEC] instret=3066, PC=0x00010938, pc_index=16974
[EXEC] instret=3067, PC=0x0001093c, pc_index=16975
[EXEC] instret=3068, PC=0x00010940, pc_index=16976
[EXEC] instret=3069, PC=0x00010944, pc_index=16977
[EXEC] instret=3070, PC=0x00010948, pc_index=16978
[EXEC] instret=3071, PC=0x0001094c, pc_index=16979
[EXEC] instret=3072, PC=0x00010950, pc_index=16980
[EXEC] instret=3073, PC=0x00010954, pc_index=16981
[EXEC] instret=3074, PC=0x0001a664, pc_index=27033
[EXEC] instret=3075, PC=0x0001a668, pc_index=27034
[EXEC] instret=3076, PC=0x0001a66c, pc_index=27035
[EXEC] instret=3077, PC=0x0001a670, pc_index=27036
[EXEC] instret=3078, PC=0x0001a674, pc_index=27037
[EXEC] instret=3079, PC=0x0001a678, pc_index=27038
[EXEC] instret=3080, PC=0x0001a67c, pc_index=27039
[EXEC] instret=3081, PC=0x0001a680, pc_index=27040
[EXEC] instret=3082, PC=0x0001a684, pc_index=27041
[EXEC] instret=3083, PC=0x00010958, pc_index=16982
[EXEC] instret=3084, PC=0x0001095c, pc_index=16983
[EXEC] instret=3085, PC=0x00010960, pc_index=16984
[EXEC] instret=3086, PC=0x00010964, pc_index=16985
[EXEC] instret=3087, PC=0x00010968, pc_index=16986
[EXEC] instret=3088, PC=0x0001096c, pc_index=16987
[EXEC] instret=3089, PC=0x00010970, pc_index=16988
[EXEC] instret=3090, PC=0x00010974, pc_index=16989
[EXEC] instret=3091, PC=0x00010978, pc_index=16990
[EXEC] instret=3092, PC=0x0001097c, pc_index=16991
[EXEC] instret=3093, PC=0x00010980, pc_index=16992
[EXEC] instret=3094, PC=0x00010984, pc_index=16993
[EXEC] instret=3095, PC=0x000109fc, pc_index=17023
[EXEC] instret=3096, PC=0x00010a00, pc_index=17024
[EXEC] instret=3097, PC=0x00010a04, pc_index=17025
[EXEC] instret=3098, PC=0x00010a08, pc_index=17026
[EXEC] instret=3099, PC=0x00010a0c, pc_index=17027
[EXEC] instret=3100, PC=0x00010a10, pc_index=17028
[EXEC] instret=3101, PC=0x0001a664, pc_index=27033
[EXEC] instret=3102, PC=0x0001a668, pc_index=27034
[EXEC] instret=3103, PC=0x0001a66c, pc_index=27035
[EXEC] instret=3104, PC=0x0001a670, pc_index=27036
[EXEC] instret=3105, PC=0x0001a674, pc_index=27037
[EXEC] instret=3106, PC=0x0001a678, pc_index=27038
[EXEC] instret=3107, PC=0x0001a68c, pc_index=27043
[EXEC] instret=3108, PC=0x00010a14, pc_index=17029
[EXEC] instret=3109, PC=0x00010a18, pc_index=17030
[EXEC] instret=3110, PC=0x00010a1c, pc_index=17031
[EXEC] instret=3111, PC=0x00010a20, pc_index=17032
[EXEC] instret=3112, PC=0x00010a24, pc_index=17033
[EXEC] instret=3113, PC=0x00010a28, pc_index=17034
[EXEC] instret=3114, PC=0x00010a2c, pc_index=17035
[EXEC] instret=3115, PC=0x00010a30, pc_index=17036
[EXEC] instret=3116, PC=0x00010a34, pc_index=17037
[EXEC] instret=3117, PC=0x0001398c, pc_index=20067
[EXEC] instret=3118, PC=0x00013990, pc_index=20068
[EXEC] instret=3119, PC=0x00013994, pc_index=20069
[EXEC] instret=3120, PC=0x00013998, pc_index=20070
[EXEC] instret=3121, PC=0x000139a0, pc_index=20072
[EXEC] instret=3122, PC=0x000139a4, pc_index=20073
[EXEC] instret=3123, PC=0x000139ac, pc_index=20075
[EXEC] instret=3124, PC=0x000139b4, pc_index=20077
[EXEC] instret=3125, PC=0x000139b8, pc_index=20078
[EXEC] instret=3126, PC=0x000139bc, pc_index=20079
[EXEC] instret=3127, PC=0x000139c0, pc_index=20080
[EXEC] instret=3128, PC=0x000139c4, pc_index=20081
[EXEC] instret=3129, PC=0x000139c8, pc_index=20082
[EXEC] instret=3130, PC=0x000139cc, pc_index=20083
[EXEC] instret=3131, PC=0x000139d0, pc_index=20084
[EXEC] instret=3132, PC=0x000139d4, pc_index=20085
[EXEC] instret=3133, PC=0x000139d8, pc_index=20086
[EXEC] instret=3134, PC=0x000139dc, pc_index=20087
[EXEC] instret=3135, PC=0x000139e0, pc_index=20088
[EXEC] instret=3136, PC=0x000139e4, pc_index=20089
[EXEC] instret=3137, PC=0x000139e8, pc_index=20090
[EXEC] instret=3138, PC=0x000139ec, pc_index=20091
[EXEC] instret=3139, PC=0x000139f0, pc_index=20092
[EXEC] instret=3140, PC=0x000139f8, pc_index=20094
[EXEC] instret=3141, PC=0x000139fc, pc_index=20095
[EXEC] instret=3142, PC=0x00013a00, pc_index=20096
[EXEC] instret=3143, PC=0x00013a04, pc_index=20097
[EXEC] instret=3144, PC=0x00013a08, pc_index=20098
[EXEC] instret=3145, PC=0x00013a0c, pc_index=20099
[EXEC] instret=3146, PC=0x000120c8, pc_index=18482
[EXEC] instret=3147, PC=0x000120cc, pc_index=18483
[EXEC] instret=3148, PC=0x000120d0, pc_index=18484
[EXEC] instret=3149, PC=0x000120d4, pc_index=18485
[EXEC] instret=3150, PC=0x000120d8, pc_index=18486
[EXEC] instret=3151, PC=0x000120dc, pc_index=18487
[EXEC] instret=3152, PC=0x00010994, pc_index=16997
[EXEC] instret=3153, PC=0x00010998, pc_index=16998
[EXEC] instret=3154, PC=0x0001099c, pc_index=16999
[EXEC] instret=3155, PC=0x000109a0, pc_index=17000
[EXEC] instret=3156, PC=0x000109a4, pc_index=17001
[EXEC] instret=3157, PC=0x000109a8, pc_index=17002
[EXEC] instret=3158, PC=0x000109ac, pc_index=17003
[EXEC] instret=3159, PC=0x000109b0, pc_index=17004
[EXEC] instret=3160, PC=0x000109b4, pc_index=17005
[EXEC] instret=3161, PC=0x000109b8, pc_index=17006
[EXEC] instret=3162, PC=0x000109bc, pc_index=17007
[EXEC] instret=3163, PC=0x0001021c, pc_index=16519
[EXEC] instret=3164, PC=0x00010220, pc_index=16520
[EXEC] instret=3165, PC=0x00010224, pc_index=16521
[EXEC] instret=3166, PC=0x00010228, pc_index=16522
[EXEC] instret=3167, PC=0x0001022c, pc_index=16523
[EXEC] instret=3168, PC=0x00010230, pc_index=16524
[EXEC] instret=3169, PC=0x00010234, pc_index=16525
[EXEC] instret=3170, PC=0x00010238, pc_index=16526
[EXEC] instret=3171, PC=0x0001023c, pc_index=16527
[FLW-ENTRY] PC=0x0001023c, instret=3171, ENABLED=true
[FLW] PC=0x0001023c, Reading x2 = 0x00080000, imm=0
[FLW] f0 <- mem[0x00080000] = 0x3fc00000 (1.5)
[FLW-EXIT] PC: 0x0001023c -> 0x00010240, instret=3172
[EXEC] instret=3172, PC=0x00010240, pc_index=16528
[FLW-ENTRY] PC=0x00010240, instret=3172, ENABLED=true
[FLW] PC=0x00010240, Reading x2 = 0x00080000, imm=4
[FLW] f1 <- mem[0x00080004] = 0xc0000000 (-2)
[FLW-EXIT] PC: 0x00010240 -> 0x00010244, instret=3173
[EXEC] instret=3173, PC=0x00010244, pc_index=16529
[FADD-ENTRY] PC=0x00010244, instret=3173, ENABLED=true
[FADD] Calling handler at 0x000108d4, instruction=0x20101153
[FADD-EXIT] Jumped to handler: 0x000108d4, return_addr=0x00010248
[EXEC] instret=3174, PC=0x000108d4, pc_index=16949
[EXEC] instret=3175, PC=0x000108d8, pc_index=16950
[EXEC] instret=3176, PC=0x000108dc, pc_index=16951
[EXEC] instret=3177, PC=0x000108e0, pc_index=16952
[EXEC] instret=3178, PC=0x000108e4, pc_index=16953
[EXEC] instret=3179, PC=0x000108e8, pc_index=16954
[EXEC] instret=3180, PC=0x000108ec, pc_index=16955
[EXEC] instret=3181, PC=0x000108f0, pc_index=16956
[EXEC] instret=3182, PC=0x000108f4, pc_index=16957
[EXEC] instret=3183, PC=0x000108f8, pc_index=16958
[EXEC] instret=3184, PC=0x000108fc, pc_index=16959
[EXEC] instret=3185, PC=0x00010900, pc_index=16960
[EXEC] instret=3186, PC=0x00010904, pc_index=16961
[EXEC] instret=3187, PC=0x00010908, pc_index=16962
[EXEC] instret=3188, PC=0x0001090c, pc_index=16963
[EXEC] instret=3189, PC=0x00010910, pc_index=16964
[EXEC] instret=3190, PC=0x00010914, pc_index=16965
[EXEC] instret=3191, PC=0x00010918, pc_index=16966
[EXEC] instret=3192, PC=0x000109c0, pc_index=17008
[EXEC] instret=3193, PC=0x000109c4, pc_index=17009
[EXEC] instret=3194, PC=0x000109c8, pc_index=17010
[EXEC] instret=3195, PC=0x00010928, pc_index=16970
[EXEC] instret=3196, PC=0x0001092c, pc_index=16971
[EXEC] instret=3197, PC=0x00010930, pc_index=16972
[EXEC] instret=3198, PC=0x00010934, pc_index=16973
[EXEC] instret=3199, PC=0x00010938, pc_index=16974
[EXEC] instret=3200, PC=0x0001093c, pc_index=16975
[EXEC] instret=3201, PC=0x00010940, pc_index=16976
[EXEC] instret=3202, PC=0x00010944, pc_index=16977
[EXEC] instret=3203, PC=0x00010948, pc_index=16978
[EXEC] instret=3204, PC=0x0001094c, pc_index=16979
[EXEC] instret=3205, PC=0x00010950, pc_index=16980
[EXEC] instret=3206, PC=0x00010954, pc_index=16981
[EXEC] instret=3207, PC=0x0001a664, pc_index=27033
[EXEC] instret=3208, PC=0x0001a668, pc_index=27034
[EXEC] instret=3209, PC=0x0001a66c, pc_index=27035
[EXEC] instret=3210, PC=0x0001a670, pc_index=27036
[EXEC] instret=3211, PC=0x0001a674, pc_index=27037
[EXEC] instret=3212, PC=0x0001a678, pc_index=27038
[EXEC] instret=3213, PC=0x0001a67c, pc_index=27039
[EXEC] instret=3214, PC=0x0001a680, pc_index=27040
[EXEC] instret=3215, PC=0x0001a684, pc_index=27041
[EXEC] instret=3216, PC=0x00010958, pc_index=16982
[EXEC] instret=3217, PC=0x0001095c, pc_index=16983
[EXEC] instret=3218, PC=0x00010960, pc_index=16984
[EXEC] instret=3219, PC=0x00010964, pc_index=16985
[EXEC] instret=3220, PC=0x00010968, pc_index=16986
[EXEC] instret=3221, PC=0x0001096c, pc_index=16987
[EXEC] instret=3222, PC=0x00010970, pc_index=16988
[EXEC] instret=3223, PC=0x00010974, pc_index=16989
[EXEC] instret=3224, PC=0x00010978, pc_index=16990
[EXEC] instret=3225, PC=0x0001097c, pc_index=16991
[EXEC] instret=3226, PC=0x00010980, pc_index=16992
[EXEC] instret=3227, PC=0x00010984, pc_index=16993
[EXEC] instret=3228, PC=0x000109fc, pc_index=17023
[EXEC] instret=3229, PC=0x00010a00, pc_index=17024
[EXEC] instret=3230, PC=0x00010a04, pc_index=17025
[EXEC] instret=3231, PC=0x00010a08, pc_index=17026
[EXEC] instret=3232, PC=0x00010a0c, pc_index=17027
[EXEC] instret=3233, PC=0x00010a10, pc_index=17028
[EXEC] instret=3234, PC=0x0001a664, pc_index=27033
[EXEC] instret=3235, PC=0x0001a668, pc_index=27034
[EXEC] instret=3236, PC=0x0001a66c, pc_index=27035
[EXEC] instret=3237, PC=0x0001a670, pc_index=27036
[EXEC] instret=3238, PC=0x0001a674, pc_index=27037
[EXEC] instret=3239, PC=0x0001a678, pc_index=27038
[EXEC] instret=3240, PC=0x0001a68c, pc_index=27043
[EXEC] instret=3241, PC=0x00010a14, pc_index=17029
[EXEC] instret=3242, PC=0x00010a18, pc_index=17030
[EXEC] instret=3243, PC=0x00010a1c, pc_index=17031
[EXEC] instret=3244, PC=0x00010a20, pc_index=17032
[EXEC] instret=3245, PC=0x00010a24, pc_index=17033
[EXEC] instret=3246, PC=0x00010a28, pc_index=17034
[EXEC] instret=3247, PC=0x00010a2c, pc_index=17035
[EXEC] instret=3248, PC=0x00010a30, pc_index=17036
[EXEC] instret=3249, PC=0x00010a34, pc_index=17037
[EXEC] instret=3250, PC=0x0001398c, pc_index=20067
[EXEC] instret=3251, PC=0x00013990, pc_index=20068
[EXEC] instret=3252, PC=0x00013994, pc_index=20069
[EXEC] instret=3253, PC=0x00013998, pc_index=20070
[EXEC] instret=3254, PC=0x0001399c, pc_index=20071
[EXEC] instret=3255, PC=0x00017278, pc_index=23710
[EXEC] instret=3256, PC=0x0001727c, pc_index=23711
[EXEC] instret=3257, PC=0x00017280, pc_index=23712
[EXEC] instret=3258, PC=0x00017284, pc_index=23713
[EXEC] instret=3259, PC=0x00017288, pc_index=23714
[EXEC] instret=3260, PC=0x0001728c, pc_index=23715
[EXEC] instret=3261, PC=0x00017290, pc_index=23716
[EXEC] instret=3262, PC=0x00017294, pc_index=23717
[EXEC] instret=3263, PC=0x00017298, pc_index=23718
[EXEC] instret=3264, PC=0x0001729c, pc_index=23719
[EXEC] instret=3265, PC=0x000172a0, pc_index=23720
[EXEC] instret=3266, PC=0x000172a4, pc_index=23721
[EXEC] instret=3267, PC=0x000172a8, pc_index=23722
[EXEC] instret=3268, PC=0x000172ac, pc_index=23723
[EXEC] instret=3269, PC=0x00018bb8, pc_index=25326
[EXEC] instret=3270, PC=0x00018bbc, pc_index=25327
[EXEC] instret=3271, PC=0x00018bc0, pc_index=25328
[EXEC] instret=3272, PC=0x000172b0, pc_index=23724
[EXEC] instret=3273, PC=0x000172b4, pc_index=23725
[EXEC] instret=3274, PC=0x000172b8, pc_index=23726
[EXEC] instret=3275, PC=0x000172bc, pc_index=23727
[EXEC] instret=3276, PC=0x000172c0, pc_index=23728
[EXEC] instret=3277, PC=0x000172c4, pc_index=23729
[EXEC] instret=3278, PC=0x000120c8, pc_index=18482
[EXEC] instret=3279, PC=0x000120cc, pc_index=18483
[EXEC] instret=3280, PC=0x000120d0, pc_index=18484
[EXEC] instret=3281, PC=0x000120d4, pc_index=18485
[EXEC] instret=3282, PC=0x000120d8, pc_index=18486
[EXEC] instret=3283, PC=0x000120dc, pc_index=18487
[EXEC] instret=3284, PC=0x00010994, pc_index=16997
[EXEC] instret=3285, PC=0x00010998, pc_index=16998
[EXEC] instret=3286, PC=0x0001099c, pc_index=16999
[EXEC] instret=3287, PC=0x000109a0, pc_index=17000
[EXEC] instret=3288, PC=0x000109a4, pc_index=17001
[EXEC] instret=3289, PC=0x000109a8, pc_index=17002
[EXEC] instret=3290, PC=0x000109ac, pc_index=17003
[EXEC] instret=3291, PC=0x000109b0, pc_index=17004
[EXEC] instret=3292, PC=0x000109b4, pc_index=17005
[EXEC] instret=3293, PC=0x000109b8, pc_index=17006
[EXEC] instret=3294, PC=0x000109bc, pc_index=17007
[EXEC] instret=3295, PC=0x00010248, pc_index=16530
[EXEC] instret=3296, PC=0x0001024c, pc_index=16531
[EXEC] instret=3297, PC=0x00010250, pc_index=16532
[EXEC] instret=3298, PC=0x00010254, pc_index=16533
[EXEC] instret=3299, PC=0x00010258, pc_index=16534
[EXEC] instret=3300, PC=0x0001025c, pc_index=16535
[EXEC] instret=3301, PC=0x00010260, pc_index=16536
[EXEC] instret=3302, PC=0x00010264, pc_index=16537
[EXEC] instret=3303, PC=0x00010268, pc_index=16538
[FLW-ENTRY] PC=0x00010268, instret=3303, ENABLED=true
[FLW] PC=0x00010268, Reading x2 = 0x00080000, imm=0
[FLW] f0 <- mem[0x00080000] = 0x3fc00000 (1.5)
[FLW-EXIT] PC: 0x00010268 -> 0x0001026c, instret=3304
[EXEC] instret=3304, PC=0x0001026c, pc_index=16539
[FLW-ENTRY] PC=0x0001026c, instret=3304, ENABLED=true
[FLW] PC=0x0001026c, Reading x2 = 0x00080000, imm=4
[FLW] f1 <- mem[0x00080004] = 0xc0000000 (-2)
[FLW-EXIT] PC: 0x0001026c -> 0x00010270, instret=3305
[EXEC] instret=3305, PC=0x00010270, pc_index=16540
[FADD-ENTRY] PC=0x00010270, instret=3305, ENABLED=true
[FADD] Calling handler at 0x000108d4, instruction=0x20102153
[FADD-EXIT] Jumped to handler: 0x000108d4, return_addr=0x00010274
[EXEC] instret=3306, PC=0x000108d4, pc_index=16949
[EXEC] instret=3307, PC=0x000108d8, pc_index=16950
[EXEC] instret=3308, PC=0x000108dc, pc_index=16951
[EXEC] instret=3309, PC=0x000108e0, pc_index=16952
[EXEC] instret=3310, PC=0x000108e4, pc_index=16953
[EXEC] instret=3311, PC=0x000108e8, pc_index=16954
[EXEC] instret=3312, PC=0x000108ec, pc_index=16955
[EXEC] instret=3313, PC=0x000108f0, pc_index=16956
[EXEC] instret=3314, PC=0x000108f4, pc_index=16957
[EXEC] instret=3315, PC=0x000108f8, pc_index=16958
[EXEC] instret=3316, PC=0x000108fc, pc_index=16959
[EXEC] instret=3317, PC=0x00010900, pc_index=16960
[EXEC] instret=3318, PC=0x00010904, pc_index=16961
[EXEC] instret=3319, PC=0x00010908, pc_index=16962
[EXEC] instret=3320, PC=0x0001090c, pc_index=16963
[EXEC] instret=3321, PC=0x00010910, pc_index=16964
[EXEC] instret=3322, PC=0x00010914, pc_index=16965
[EXEC] instret=3323, PC=0x00010918, pc_index=16966
[EXEC] instret=3324, PC=0x000109c0, pc_index=17008
[EXEC] instret=3325, PC=0x000109c4, pc_index=17009
[EXEC] instret=3326, PC=0x000109c8, pc_index=17010
[EXEC] instret=3327, PC=0x00010928, pc_index=16970
[EXEC] instret=3328, PC=0x0001092c, pc_index=16971
[EXEC] instret=3329, PC=0x00010930, pc_index=16972
[EXEC] instret=3330, PC=0x00010934, pc_index=16973
[EXEC] instret=3331, PC=0x00010938, pc_index=16974
[EXEC] instret=3332, PC=0x0001093c, pc_index=16975
[EXEC] instret=3333, PC=0x00010940, pc_index=16976
[EXEC] instret=3334, PC=0x00010944, pc_index=16977
[EXEC] instret=3335, PC=0x00010948, pc_index=16978
[EXEC] instret=3336, PC=0x0001094c, pc_index=16979
[EXEC] instret=3337, PC=0x00010950, pc_index=16980
[EXEC] instret=3338, PC=0x00010954, pc_index=16981
[EXEC] instret=3339, PC=0x0001a664, pc_index=27033
[EXEC] instret=3340, PC=0x0001a668, pc_index=27034
[EXEC] instret=3341, PC=0x0001a66c, pc_index=27035
[EXEC] instret=3342, PC=0x0001a670, pc_index=27036
[EXEC] instret=3343, PC=0x0001a674, pc_index=27037
[EXEC] instret=3344, PC=0x0001a678, pc_index=27038
[EXEC] instret=3345, PC=0x0001a67c, pc_index=27039
[EXEC] instret=3346, PC=0x0001a680, pc_index=27040
[EXEC] instret=3347, PC=0x0001a684, pc_index=27041
[EXEC] instret=3348, PC=0x00010958, pc_index=16982
[EXEC] instret=3349, PC=0x0001095c, pc_index=16983
[EXEC] instret=3350, PC=0x00010960, pc_index=16984
[EXEC] instret=3351, PC=0x00010964, pc_index=16985
[EXEC] instret=3352, PC=0x00010968, pc_index=16986
[EXEC] instret=3353, PC=0x0001096c, pc_index=16987
[EXEC] instret=3354, PC=0x00010970, pc_index=16988
[EXEC] instret=3355, PC=0x00010974, pc_index=16989
[EXEC] instret=3356, PC=0x00010978, pc_index=16990
[EXEC] instret=3357, PC=0x0001097c, pc_index=16991
[EXEC] instret=3358, PC=0x00010980, pc_index=16992
[EXEC] instret=3359, PC=0x00010984, pc_index=16993
[EXEC] instret=3360, PC=0x000109fc, pc_index=17023
[EXEC] instret=3361, PC=0x00010a00, pc_index=17024
[EXEC] instret=3362, PC=0x00010a04, pc_index=17025
[EXEC] instret=3363, PC=0x00010a08, pc_index=17026
[EXEC] instret=3364, PC=0x00010a0c, pc_index=17027
[EXEC] instret=3365, PC=0x00010a10, pc_index=17028
[EXEC] instret=3366, PC=0x0001a664, pc_index=27033
[EXEC] instret=3367, PC=0x0001a668, pc_index=27034
[EXEC] instret=3368, PC=0x0001a66c, pc_index=27035
[EXEC] instret=3369, PC=0x0001a670, pc_index=27036
[EXEC] instret=3370, PC=0x0001a674, pc_index=27037
[EXEC] instret=3371, PC=0x0001a678, pc_index=27038
[EXEC] instret=3372, PC=0x0001a68c, pc_index=27043
[EXEC] instret=3373, PC=0x00010a14, pc_index=17029
[EXEC] instret=3374, PC=0x00010a18, pc_index=17030
[EXEC] instret=3375, PC=0x00010a1c, pc_index=17031
[EXEC] instret=3376, PC=0x00010a20, pc_index=17032
[EXEC] instret=3377, PC=0x00010a24, pc_index=17033
[EXEC] instret=3378, PC=0x00010a28, pc_index=17034
[EXEC] instret=3379, PC=0x00010a2c, pc_index=17035
[EXEC] instret=3380, PC=0x00010a30, pc_index=17036
[EXEC] instret=3381, PC=0x00010a34, pc_index=17037
[EXEC] instret=3382, PC=0x0001398c, pc_index=20067
[EXEC] instret=3383, PC=0x00013990, pc_index=20068
[EXEC] instret=3384, PC=0x00013994, pc_index=20069
[EXEC] instret=3385, PC=0x00013998, pc_index=20070
[EXEC] instret=3386, PC=0x000139a0, pc_index=20072
[EXEC] instret=3387, PC=0x000139a4, pc_index=20073
[EXEC] instret=3388, PC=0x000139a8, pc_index=20074
[EXEC] instret=3389, PC=0x0001721c, pc_index=23687
[EXEC] instret=3390, PC=0x00017220, pc_index=23688
[EXEC] instret=3391, PC=0x00017224, pc_index=23689
[EXEC] instret=3392, PC=0x00017228, pc_index=23690
[EXEC] instret=3393, PC=0x0001722c, pc_index=23691
[EXEC] instret=3394, PC=0x00017230, pc_index=23692
[EXEC] instret=3395, PC=0x00017234, pc_index=23693
[EXEC] instret=3396, PC=0x00017238, pc_index=23694
[EXEC] instret=3397, PC=0x0001723c, pc_index=23695
[EXEC] instret=3398, PC=0x00017240, pc_index=23696
[EXEC] instret=3399, PC=0x00017244, pc_index=23697
[EXEC] instret=3400, PC=0x00017248, pc_index=23698
[EXEC] instret=3401, PC=0x0001724c, pc_index=23699
[EXEC] instret=3402, PC=0x00017250, pc_index=23700
[EXEC] instret=3403, PC=0x00017254, pc_index=23701
[EXEC] instret=3404, PC=0x00017258, pc_index=23702
[EXEC] instret=3405, PC=0x0001725c, pc_index=23703
[EXEC] instret=3406, PC=0x00017260, pc_index=23704
[EXEC] instret=3407, PC=0x00017264, pc_index=23705
[EXEC] instret=3408, PC=0x00017268, pc_index=23706
[EXEC] instret=3409, PC=0x000120c8, pc_index=18482
[EXEC] instret=3410, PC=0x000120cc, pc_index=18483
[EXEC] instret=3411, PC=0x000120d0, pc_index=18484
[EXEC] instret=3412, PC=0x000120d4, pc_index=18485
[EXEC] instret=3413, PC=0x000120d8, pc_index=18486
[EXEC] instret=3414, PC=0x000120dc, pc_index=18487
[EXEC] instret=3415, PC=0x00010994, pc_index=16997
[EXEC] instret=3416, PC=0x00010998, pc_index=16998
[EXEC] instret=3417, PC=0x0001099c, pc_index=16999
[EXEC] instret=3418, PC=0x000109a0, pc_index=17000
[EXEC] instret=3419, PC=0x000109a4, pc_index=17001
[EXEC] instret=3420, PC=0x000109a8, pc_index=17002
[EXEC] instret=3421, PC=0x000109ac, pc_index=17003
[EXEC] instret=3422, PC=0x000109b0, pc_index=17004
[EXEC] instret=3423, PC=0x000109b4, pc_index=17005
[EXEC] instret=3424, PC=0x000109b8, pc_index=17006
[EXEC] instret=3425, PC=0x000109bc, pc_index=17007
[EXEC] instret=3426, PC=0x00010274, pc_index=16541
[EXEC] instret=3427, PC=0x00010278, pc_index=16542
[EXEC] instret=3428, PC=0x0001027c, pc_index=16543
[EXEC] instret=3429, PC=0x00010280, pc_index=16544
[EXEC] instret=3430, PC=0x00010284, pc_index=16545
[EXEC] instret=3431, PC=0x00010288, pc_index=16546
[EXEC] instret=3432, PC=0x0001028c, pc_index=16547
[EXEC] instret=3433, PC=0x00010290, pc_index=16548
[EXEC] instret=3434, PC=0x00010294, pc_index=16549
[FLW-ENTRY] PC=0x00010294, instret=3434, ENABLED=true
[FLW] PC=0x00010294, Reading x2 = 0x00080000, imm=0
[FLW] f0 <- mem[0x00080000] = 0x3fc00000 (1.5)
[FLW-EXIT] PC: 0x00010294 -> 0x00010298, instret=3435
[EXEC] instret=3435, PC=0x00010298, pc_index=16550
[FLW-ENTRY] PC=0x00010298, instret=3435, ENABLED=true
[FLW] PC=0x00010298, Reading x2 = 0x00080000, imm=4
[FLW] f1 <- mem[0x00080004] = 0x40000000 (2)
[FLW-EXIT] PC: 0x00010298 -> 0x0001029c, instret=3436
[EXEC] instret=3436, PC=0x0001029c, pc_index=16551
[FADD-ENTRY] PC=0x0001029c, instret=3436, ENABLED=true
[FADD] Calling handler at 0x000108d4, instruction=0x20102153
[FADD-EXIT] Jumped to handler: 0x000108d4, return_addr=0x000102a0
[EXEC] instret=3437, PC=0x000108d4, pc_index=16949
[EXEC] instret=3438, PC=0x000108d8, pc_index=16950
[EXEC] instret=3439, PC=0x000108dc, pc_index=16951
[EXEC] instret=3440, PC=0x000108e0, pc_index=16952
[EXEC] instret=3441, PC=0x000108e4, pc_index=16953
[EXEC] instret=3442, PC=0x000108e8, pc_index=16954
[EXEC] instret=3443, PC=0x000108ec, pc_index=16955
[EXEC] instret=3444, PC=0x000108f0, pc_index=16956
[EXEC] instret=3445, PC=0x000108f4, pc_index=16957
[EXEC] instret=3446, PC=0x000108f8, pc_index=16958
[EXEC] instret=3447, PC=0x000108fc, pc_index=16959
[EXEC] instret=3448, PC=0x00010900, pc_index=16960
[EXEC] instret=3449, PC=0x00010904, pc_index=16961
[EXEC] instret=3450, PC=0x00010908, pc_index=16962
[EXEC] instret=3451, PC=0x0001090c, pc_index=16963
[EXEC] instret=3452, PC=0x00010910, pc_index=16964
[EXEC] instret=3453, PC=0x00010914, pc_index=16965
[EXEC] instret=3454, PC=0x00010918, pc_index=16966
[EXEC] instret=3455, PC=0x000109c0, pc_index=17008
[EXEC] instret=3456, PC=0x000109c4, pc_index=17009
[EXEC] instret=3457, PC=0x000109c8, pc_index=17010
[EXEC] instret=3458, PC=0x00010928, pc_index=16970
[EXEC] instret=3459, PC=0x0001092c, pc_index=16971
[EXEC] instret=3460, PC=0x00010930, pc_index=16972
[EXEC] instret=3461, PC=0x00010934, pc_index=16973
[EXEC] instret=3462, PC=0x00010938, pc_index=16974
[EXEC] instret=3463, PC=0x0001093c, pc_index=16975
[EXEC] instret=3464, PC=0x00010940, pc_index=16976
[EXEC] instret=3465, PC=0x00010944, pc_index=16977
[EXEC] instret=3466, PC=0x00010948, pc_index=16978
[EXEC] instret=3467, PC=0x0001094c, pc_index=16979
[EXEC] instret=3468, PC=0x00010950, pc_index=16980
[EXEC] instret=3469, PC=0x00010954, pc_index=16981
[EXEC] instret=3470, PC=0x0001a664, pc_index=27033
[EXEC] instret=3471, PC=0x0001a668, pc_index=27034
[EXEC] instret=3472, PC=0x0001a66c, pc_index=27035
[EXEC] instret=3473, PC=0x0001a670, pc_index=27036
[EXEC] instret=3474, PC=0x0001a674, pc_index=27037
[EXEC] instret=3475, PC=0x0001a678, pc_index=27038
[EXEC] instret=3476, PC=0x0001a67c, pc_index=27039
[EXEC] instret=3477, PC=0x0001a680, pc_index=27040
[EXEC] instret=3478, PC=0x0001a684, pc_index=27041
[EXEC] instret=3479, PC=0x00010958, pc_index=16982
[EXEC] instret=3480, PC=0x0001095c, pc_index=16983
[EXEC] instret=3481, PC=0x00010960, pc_index=16984
[EXEC] instret=3482, PC=0x00010964, pc_index=16985
[EXEC] instret=3483, PC=0x00010968, pc_index=16986
[EXEC] instret=3484, PC=0x0001096c, pc_index=16987
[EXEC] instret=3485, PC=0x00010970, pc_index=16988
[EXEC] instret=3486, PC=0x00010974, pc_index=16989
[EXEC] instret=3487, PC=0x00010978, pc_index=16990
[EXEC] instret=3488, PC=0x0001097c, pc_index=16991
[EXEC] instret=3489, PC=0x00010980, pc_index=16992
[EXEC] instret=3490, PC=0x00010984, pc_index=16993
[EXEC] instret=3491, PC=0x000109fc, pc_index=17023
[EXEC] instret=3492, PC=0x00010a00, pc_index=17024
[EXEC] instret=3493, PC=0x00010a04, pc_index=17025
[EXEC] instret=3494, PC=0x00010a08, pc_index=17026
[EXEC] instret=3495, PC=0x00010a0c, pc_index=17027
[EXEC] instret=3496, PC=0x00010a10, pc_index=17028
[EXEC] instret=3497, PC=0x0001a664, pc_index=27033
[EXEC] instret=3498, PC=0x0001a668, pc_index=27034
[EXEC] instret=3499, PC=0x0001a66c, pc_index=27035
[EXEC] instret=3500, PC=0x0001a670, pc_index=27036
[EXEC] instret=3501, PC=0x0001a674, pc_index=27037
[EXEC] instret=3502, PC=0x0001a678, pc_index=27038
[EXEC] instret=3503, PC=0x0001a68c, pc_index=27043
[EXEC] instret=3504, PC=0x00010a14, pc_index=17029
[EXEC] instret=3505, PC=0x00010a18, pc_index=17030
[EXEC] instret=3506, PC=0x00010a1c, pc_index=17031
[EXEC] instret=3507, PC=0x00010a20, pc_index=17032
[EXEC] instret=3508, PC=0x00010a24, pc_index=17033
[EXEC] instret=3509, PC=0x00010a28, pc_index=17034
[EXEC] instret=3510, PC=0x00010a2c, pc_index=17035
[EXEC] instret=3511, PC=0x00010a30, pc_index=17036
[EXEC] instret=3512, PC=0x00010a34, pc_index=17037
[EXEC] instret=3513, PC=0x0001398c, pc_index=20067
[EXEC] instret=3514, PC=0x00013990, pc_index=20068
[EXEC] instret=3515, PC=0x00013994, pc_index=20069
[EXEC] instret=3516, PC=0x00013998, pc_index=20070
[EXEC] instret=3517, PC=0x000139a0, pc_index=20072
[EXEC] instret=3518, PC=0x000139a4, pc_index=20073
[EXEC] instret=3519, PC=0x000139a8, pc_index=20074
[EXEC] instret=3520, PC=0x0001721c, pc_index=23687
[EXEC] instret=3521, PC=0x00017220, pc_index=23688
[EXEC] instret=3522, PC=0x00017224, pc_index=23689
[EXEC] instret=3523, PC=0x00017228, pc_index=23690
[EXEC] instret=3524, PC=0x0001722c, pc_index=23691
[EXEC] instret=3525, PC=0x00017230, pc_index=23692
[EXEC] instret=3526, PC=0x00017234, pc_index=23693
[EXEC] instret=3527, PC=0x00017238, pc_index=23694
[EXEC] instret=3528, PC=0x0001723c, pc_index=23695
[EXEC] instret=3529, PC=0x00017240, pc_index=23696
[EXEC] instret=3530, PC=0x00017244, pc_index=23697
[EXEC] instret=3531, PC=0x00017248, pc_index=23698
[EXEC] instret=3532, PC=0x0001724c, pc_index=23699
[EXEC] instret=3533, PC=0x00017250, pc_index=23700
[EXEC] instret=3534, PC=0x0001726c, pc_index=23707
[EXEC] instret=3535, PC=0x00017270, pc_index=23708
[EXEC] instret=3536, PC=0x00017274, pc_index=23709
[EXEC] instret=3537, PC=0x000120c8, pc_index=18482
[EXEC] instret=3538, PC=0x000120cc, pc_index=18483
[EXEC] instret=3539, PC=0x000120d0, pc_index=18484
[EXEC] instret=3540, PC=0x000120d4, pc_index=18485
[EXEC] instret=3541, PC=0x000120d8, pc_index=18486
[EXEC] instret=3542, PC=0x000120dc, pc_index=18487
[EXEC] instret=3543, PC=0x00010994, pc_index=16997
[EXEC] instret=3544, PC=0x00010998, pc_index=16998
[EXEC] instret=3545, PC=0x0001099c, pc_index=16999
[EXEC] instret=3546, PC=0x000109a0, pc_index=17000
[EXEC] instret=3547, PC=0x000109a4, pc_index=17001
[EXEC] instret=3548, PC=0x000109a8, pc_index=17002
[EXEC] instret=3549, PC=0x000109ac, pc_index=17003
[EXEC] instret=3550, PC=0x000109b0, pc_index=17004
[EXEC] instret=3551, PC=0x000109b4, pc_index=17005
[EXEC] instret=3552, PC=0x000109b8, pc_index=17006
[EXEC] instret=3553, PC=0x000109bc, pc_index=17007
[EXEC] instret=3554, PC=0x000102a0, pc_index=16552
[EXEC] instret=3555, PC=0x000102a4, pc_index=16553
[EXEC] instret=3556, PC=0x000102a8, pc_index=16554
[EXEC] instret=3557, PC=0x000102ac, pc_index=16555
[EXEC] instret=3558, PC=0x000102b0, pc_index=16556
[EXEC] instret=3559, PC=0x000102b4, pc_index=16557
[EXEC] instret=3560, PC=0x000102b8, pc_index=16558
[FLW-ENTRY] PC=0x000102b8, instret=3560, ENABLED=true
[FLW] PC=0x000102b8, Reading x5 = 0x0001f448, imm=0
[FLW] f5 <- mem[0x0001f448] = 0x406ccccd (3.7)
[FLW-EXIT] PC: 0x000102b8 -> 0x000102bc, instret=3561
[EXEC] instret=3561, PC=0x000102bc, pc_index=16559
[FCVT-ENTRY] PC=0x000102bc, instret=3561, direction=0, unsigned=0, rm=1, ENABLED=true
[FCVT.W.S] f5 (3.7=0x406ccccd, rm=1) -> x10 (3)  [rounded=3]
[EXEC] instret=3562, PC=0x000102c0, pc_index=16560
[EXEC] instret=3563, PC=0x000102c4, pc_index=16561
[EXEC] instret=3564, PC=0x000102c8, pc_index=16562
[EXEC] instret=3565, PC=0x000102cc, pc_index=16563
[EXEC] instret=3566, PC=0x000102d0, pc_index=16564
[FLW-ENTRY] PC=0x000102d0, instret=3566, ENABLED=true
[FLW] PC=0x000102d0, Reading x5 = 0x0001f440, imm=0
[FLW] f5 <- mem[0x0001f440] = 0x3f800000 (1)
[FLW-EXIT] PC: 0x000102d0 -> 0x000102d4, instret=3567
[EXEC] instret=3567, PC=0x000102d4, pc_index=16565
[FCVT-ENTRY] PC=0x000102d4, instret=3567, direction=0, unsigned=0, rm=1, ENABLED=true
[FCVT.W.S] f5 (1=0x3f800000, rm=1) -> x11 (1)  [rounded=1]
[EXEC] instret=3568, PC=0x000102d8, pc_index=16566
[EXEC] instret=3569, PC=0x000102dc, pc_index=16567
[EXEC] instret=3570, PC=0x000102e0, pc_index=16568
[EXEC] instret=3571, PC=0x000102e4, pc_index=16569
[EXEC] instret=3572, PC=0x000102e8, pc_index=16570
[FLW-ENTRY] PC=0x000102e8, instret=3572, ENABLED=true
[FLW] PC=0x000102e8, Reading x5 = 0x0001f448, imm=0
[FLW] f6 <- mem[0x0001f448] = 0x406ccccd (3.7)
[FLW-EXIT] PC: 0x000102e8 -> 0x000102ec, instret=3573
[EXEC] instret=3573, PC=0x000102ec, pc_index=16571
[FCVT-ENTRY] PC=0x000102ec, instret=3573, direction=0, unsigned=1, rm=1, ENABLED=true
[FCVT.WU.S] f6 (3.7=0x406ccccd, rm=1) -> x12 (3)  [rounded=3]
[EXEC] instret=3574, PC=0x000102f0, pc_index=16572
[EXEC] instret=3575, PC=0x000102f4, pc_index=16573
[EXEC] instret=3576, PC=0x000102f8, pc_index=16574
[EXEC] instret=3577, PC=0x000102fc, pc_index=16575
[EXEC] instret=3578, PC=0x00010300, pc_index=16576
[FLW-ENTRY] PC=0x00010300, instret=3578, ENABLED=true
[FLW] PC=0x00010300, Reading x5 = 0x0001f450, imm=0
[FLW] f6 <- mem[0x0001f450] = 0x42c80000 (100)
[FLW-EXIT] PC: 0x00010300 -> 0x00010304, instret=3579
[EXEC] instret=3579, PC=0x00010304, pc_index=16577
[FCVT-ENTRY] PC=0x00010304, instret=3579, direction=0, unsigned=1, rm=1, ENABLED=true
[FCVT.WU.S] f6 (100=0x42c80000, rm=1) -> x13 (100)  [rounded=100]
[EXEC] instret=3580, PC=0x00010308, pc_index=16578
[EXEC] instret=3581, PC=0x0001030c, pc_index=16579
[EXEC] instret=3582, PC=0x00010310, pc_index=16580
[EXEC] instret=3583, PC=0x00010314, pc_index=16581
[FCVT-ENTRY] PC=0x00010314, instret=3583, direction=1, unsigned=0, rm=7, ENABLED=true
[FCVT.S.W] x14 (42) -> f7 (42=0x42280000)
[EXEC] instret=3584, PC=0x00010318, pc_index=16582
[EXEC] instret=3585, PC=0x0001031c, pc_index=16583
[EXEC] instret=3586, PC=0x00010320, pc_index=16584
[EXEC] instret=3587, PC=0x00010324, pc_index=16585
[EXEC] instret=3588, PC=0x00010328, pc_index=16586
[EXEC] instret=3589, PC=0x0001032c, pc_index=16587
[FCVT-ENTRY] PC=0x0001032c, instret=3589, direction=1, unsigned=1, rm=7, ENABLED=true
[FCVT.S.WU] x16 (100) -> f9 (100=0x42c80000)
[EXEC] instret=3590, PC=0x00010330, pc_index=16588
[EXEC] instret=3591, PC=0x00010334, pc_index=16589
[EXEC] instret=3592, PC=0x00010338, pc_index=16590
[EXEC] instret=3593, PC=0x0001033c, pc_index=16591
[EXEC] instret=3594, PC=0x00010340, pc_index=16592
[EXEC] instret=3595, PC=0x00010344, pc_index=16593
[EXEC] instret=3596, PC=0x00010348, pc_index=16594
[FLW-ENTRY] PC=0x00010348, instret=3596, ENABLED=true
[FLW] PC=0x00010348, Reading x5 = 0x0001f440, imm=0
[FLW] f10 <- mem[0x0001f440] = 0x3f800000 (1)
[FLW-EXIT] PC: 0x00010348 -> 0x0001034c, instret=3597
[EXEC] instret=3597, PC=0x0001034c, pc_index=16595
[FLW-ENTRY] PC=0x0001034c, instret=3597, ENABLED=true
[FLW] PC=0x0001034c, Reading x5 = 0x0001f440, imm=0
[FLW] f11 <- mem[0x0001f440] = 0x3f800000 (1)
[FLW-EXIT] PC: 0x0001034c -> 0x00010350, instret=3598
[EXEC] instret=3598, PC=0x00010350, pc_index=16596
[FCOMPARE-ENTRY] PC=0x00010350, instret=3598, comp_type=2, ENABLED=true
[FEQ.S] f10 (1) == f11 (1) -> x17 (1)
[EXEC] instret=3599, PC=0x00010354, pc_index=16597
[EXEC] instret=3600, PC=0x00010358, pc_index=16598
[EXEC] instret=3601, PC=0x0001035c, pc_index=16599
[EXEC] instret=3602, PC=0x00010360, pc_index=16600
[EXEC] instret=3603, PC=0x00010364, pc_index=16601
[FLW-ENTRY] PC=0x00010364, instret=3603, ENABLED=true
[FLW] PC=0x00010364, Reading x5 = 0x0001f440, imm=0
[FLW] f10 <- mem[0x0001f440] = 0x3f800000 (1)
[FLW-EXIT] PC: 0x00010364 -> 0x00010368, instret=3604
[EXEC] instret=3604, PC=0x00010368, pc_index=16602
[EXEC] instret=3605, PC=0x0001036c, pc_index=16603
[EXEC] instret=3606, PC=0x00010370, pc_index=16604
[FLW-ENTRY] PC=0x00010370, instret=3606, ENABLED=true
[FLW] PC=0x00010370, Reading x5 = 0x0001f444, imm=0
[FLW] f11 <- mem[0x0001f444] = 0x40000000 (2)
[FLW-EXIT] PC: 0x00010370 -> 0x00010374, instret=3607
[EXEC] instret=3607, PC=0x00010374, pc_index=16605
[FCOMPARE-ENTRY] PC=0x00010374, instret=3607, comp_type=2, ENABLED=true
[FEQ.S] f10 (1) == f11 (2) -> x18 (0)
[EXEC] instret=3608, PC=0x00010378, pc_index=16606
[EXEC] instret=3609, PC=0x0001037c, pc_index=16607
[EXEC] instret=3610, PC=0x00010380, pc_index=16608
[EXEC] instret=3611, PC=0x00010384, pc_index=16609
[EXEC] instret=3612, PC=0x00010388, pc_index=16610
[FLW-ENTRY] PC=0x00010388, instret=3612, ENABLED=true
[FLW] PC=0x00010388, Reading x5 = 0x0001f440, imm=0
[FLW] f12 <- mem[0x0001f440] = 0x3f800000 (1)
[FLW-EXIT] PC: 0x00010388 -> 0x0001038c, instret=3613
[EXEC] instret=3613, PC=0x0001038c, pc_index=16611
[EXEC] instret=3614, PC=0x00010390, pc_index=16612
[EXEC] instret=3615, PC=0x00010394, pc_index=16613
[FLW-ENTRY] PC=0x00010394, instret=3615, ENABLED=true
[FLW] PC=0x00010394, Reading x5 = 0x0001f444, imm=0
[FLW] f13 <- mem[0x0001f444] = 0x40000000 (2)
[FLW-EXIT] PC: 0x00010394 -> 0x00010398, instret=3616
[EXEC] instret=3616, PC=0x00010398, pc_index=16614
[FCOMPARE-ENTRY] PC=0x00010398, instret=3616, comp_type=1, ENABLED=true
[FLT.S] f12 (1) < f13 (2) -> x20 (1)
[EXEC] instret=3617, PC=0x0001039c, pc_index=16615
[EXEC] instret=3618, PC=0x000103a0, pc_index=16616
[EXEC] instret=3619, PC=0x000103a4, pc_index=16617
[EXEC] instret=3620, PC=0x000103a8, pc_index=16618
[EXEC] instret=3621, PC=0x000103ac, pc_index=16619
[FLW-ENTRY] PC=0x000103ac, instret=3621, ENABLED=true
[FLW] PC=0x000103ac, Reading x5 = 0x0001f444, imm=0
[FLW] f12 <- mem[0x0001f444] = 0x40000000 (2)
[FLW-EXIT] PC: 0x000103ac -> 0x000103b0, instret=3622
[EXEC] instret=3622, PC=0x000103b0, pc_index=16620
[EXEC] instret=3623, PC=0x000103b4, pc_index=16621
[EXEC] instret=3624, PC=0x000103b8, pc_index=16622
[FLW-ENTRY] PC=0x000103b8, instret=3624, ENABLED=true
[FLW] PC=0x000103b8, Reading x5 = 0x0001f440, imm=0
[FLW] f13 <- mem[0x0001f440] = 0x3f800000 (1)
[FLW-EXIT] PC: 0x000103b8 -> 0x000103bc, instret=3625
[EXEC] instret=3625, PC=0x000103bc, pc_index=16623
[FCOMPARE-ENTRY] PC=0x000103bc, instret=3625, comp_type=1, ENABLED=true
[FLT.S] f12 (2) < f13 (1) -> x21 (0)
[EXEC] instret=3626, PC=0x000103c0, pc_index=16624
[EXEC] instret=3627, PC=0x000103c4, pc_index=16625
[EXEC] instret=3628, PC=0x000103c8, pc_index=16626
[EXEC] instret=3629, PC=0x000103cc, pc_index=16627
[EXEC] instret=3630, PC=0x000103d0, pc_index=16628
[FLW-ENTRY] PC=0x000103d0, instret=3630, ENABLED=true
[FLW] PC=0x000103d0, Reading x5 = 0x0001f440, imm=0
[FLW] f14 <- mem[0x0001f440] = 0x3f800000 (1)
[FLW-EXIT] PC: 0x000103d0 -> 0x000103d4, instret=3631
[EXEC] instret=3631, PC=0x000103d4, pc_index=16629
[FLW-ENTRY] PC=0x000103d4, instret=3631, ENABLED=true
[FLW] PC=0x000103d4, Reading x5 = 0x0001f440, imm=0
[FLW] f15 <- mem[0x0001f440] = 0x3f800000 (1)
[FLW-EXIT] PC: 0x000103d4 -> 0x000103d8, instret=3632
[EXEC] instret=3632, PC=0x000103d8, pc_index=16630
[FCOMPARE-ENTRY] PC=0x000103d8, instret=3632, comp_type=0, ENABLED=true
[FLE.S] f14 (1) <= f15 (1) -> x23 (1)
[EXEC] instret=3633, PC=0x000103dc, pc_index=16631
[EXEC] instret=3634, PC=0x000103e0, pc_index=16632
[EXEC] instret=3635, PC=0x000103e4, pc_index=16633
[EXEC] instret=3636, PC=0x000103e8, pc_index=16634
[EXEC] instret=3637, PC=0x000103ec, pc_index=16635
[FLW-ENTRY] PC=0x000103ec, instret=3637, ENABLED=true
[FLW] PC=0x000103ec, Reading x5 = 0x0001f44c, imm=0
[FLW] f16 <- mem[0x0001f44c] = 0x40490fdb (3.1415927)
[FLW-EXIT] PC: 0x000103ec -> 0x000103f0, instret=3638
[EXEC] instret=3638, PC=0x000103f0, pc_index=16636
[FMOVE-ENTRY] PC=0x000103f0, instret=3638, direction=0, ENABLED=true
[FMV.X.W] f16 (0x40490fdb) -> x26
[EXEC] instret=3639, PC=0x000103f4, pc_index=16637
[EXEC] instret=3640, PC=0x000103f8, pc_index=16638
[EXEC] instret=3641, PC=0x000103fc, pc_index=16639
[EXEC] instret=3642, PC=0x00010400, pc_index=16640
[EXEC] instret=3643, PC=0x00010404, pc_index=16641
[FMOVE-ENTRY] PC=0x00010404, instret=3643, direction=1, ENABLED=true
[FMV.W.X] x28 (0x42c80000) -> f17
[EXEC] instret=3644, PC=0x00010408, pc_index=16642
[EXEC] instret=3645, PC=0x0001040c, pc_index=16643
[EXEC] instret=3646, PC=0x00010410, pc_index=16644
[EXEC] instret=3647, PC=0x00010414, pc_index=16645
[EXEC] instret=3648, PC=0x00010418, pc_index=16646
[EXEC] instret=3649, PC=0x0001041c, pc_index=16647
[EXEC] instret=3650, PC=0x00010420, pc_index=16648
[FLW-ENTRY] PC=0x00010420, instret=3650, ENABLED=true
[FLW] PC=0x00010420, Reading x5 = 0x0001f454, imm=0
[FLW] f19 <- mem[0x0001f454] = 0x00000000 (0)
[FLW-EXIT] PC: 0x00010420 -> 0x00010424, instret=3651
[EXEC] instret=3651, PC=0x00010424, pc_index=16649
[FCLASS-ENTRY] PC=0x00010424, instret=3651, ENABLED=true
[FCLASS.S] f19 (val=0, bits=0x00000000) -> x30 (class=0x10)
[EXEC] instret=3652, PC=0x00010428, pc_index=16650
[EXEC] instret=3653, PC=0x0001042c, pc_index=16651
[EXEC] instret=3654, PC=0x00010430, pc_index=16652
[EXEC] instret=3655, PC=0x00010434, pc_index=16653
[EXEC] instret=3656, PC=0x00010438, pc_index=16654
[FLW-ENTRY] PC=0x00010438, instret=3656, ENABLED=true
[FLW] PC=0x00010438, Reading x5 = 0x0001f458, imm=0
[FLW] f20 <- mem[0x0001f458] = 0x80000000 (-0)
[FLW-EXIT] PC: 0x00010438 -> 0x0001043c, instret=3657
[EXEC] instret=3657, PC=0x0001043c, pc_index=16655
[FCLASS-ENTRY] PC=0x0001043c, instret=3657, ENABLED=true
[FCLASS.S] f20 (val=-0, bits=0x80000000) -> x31 (class=0x8)
[EXEC] instret=3658, PC=0x00010440, pc_index=16656
[EXEC] instret=3659, PC=0x00010444, pc_index=16657
[EXEC] instret=3660, PC=0x00010448, pc_index=16658
[EXEC] instret=3661, PC=0x0001044c, pc_index=16659
[EXEC] instret=3662, PC=0x00010450, pc_index=16660
[FLW-ENTRY] PC=0x00010450, instret=3662, ENABLED=true
[FLW] PC=0x00010450, Reading x5 = 0x0001f440, imm=0
[FLW] f21 <- mem[0x0001f440] = 0x3f800000 (1)
[FLW-EXIT] PC: 0x00010450 -> 0x00010454, instret=3663
[EXEC] instret=3663, PC=0x00010454, pc_index=16661
[FCLASS-ENTRY] PC=0x00010454, instret=3663, ENABLED=true
[FCLASS.S] f21 (val=1, bits=0x3f800000) -> x7 (class=0x40)
[EXEC] instret=3664, PC=0x00010458, pc_index=16662
[EXEC] instret=3665, PC=0x0001045c, pc_index=16663
[EXEC] instret=3666, PC=0x00010460, pc_index=16664
[EXEC] instret=3667, PC=0x00010464, pc_index=16665
[EXEC] instret=3668, PC=0x00010468, pc_index=16666
[FLW-ENTRY] PC=0x00010468, instret=3668, ENABLED=true
[FLW] PC=0x00010468, Reading x5 = 0x0001f45c, imm=0
[FLW] f22 <- mem[0x0001f45c] = 0x7f800000 (inf)
[FLW-EXIT] PC: 0x00010468 -> 0x0001046c, instret=3669
[EXEC] instret=3669, PC=0x0001046c, pc_index=16667
[FCLASS-ENTRY] PC=0x0001046c, instret=3669, ENABLED=true
[FCLASS.S] f22 (val=inf, bits=0x7f800000) -> x7 (class=0x80)
[EXEC] instret=3670, PC=0x00010470, pc_index=16668
[EXEC] instret=3671, PC=0x00010474, pc_index=16669
[EXEC] instret=3672, PC=0x00010478, pc_index=16670
[EXEC] instret=3673, PC=0x0001047c, pc_index=16671
[EXEC] instret=3674, PC=0x00010480, pc_index=16672
[FLW-ENTRY] PC=0x00010480, instret=3674, ENABLED=true
[FLW] PC=0x00010480, Reading x5 = 0x0001f460, imm=0
[FLW] f23 <- mem[0x0001f460] = 0xff800000 (-inf)
[FLW-EXIT] PC: 0x00010480 -> 0x00010484, instret=3675
[EXEC] instret=3675, PC=0x00010484, pc_index=16673
[FCLASS-ENTRY] PC=0x00010484, instret=3675, ENABLED=true
[FCLASS.S] f23 (val=-inf, bits=0xff800000) -> x7 (class=0x1)
[EXEC] instret=3676, PC=0x00010488, pc_index=16674
[EXEC] instret=3677, PC=0x0001048c, pc_index=16675
[EXEC] instret=3678, PC=0x00010490, pc_index=16676
[EXEC] instret=3679, PC=0x00010494, pc_index=16677
[EXEC] instret=3680, PC=0x00010498, pc_index=16678
[FLW-ENTRY] PC=0x00010498, instret=3680, ENABLED=true
[FLW] PC=0x00010498, Reading x5 = 0x0001f464, imm=0
[FLW] f24 <- mem[0x0001f464] = 0x7fc00000 (NaN)
[FLW-EXIT] PC: 0x00010498 -> 0x0001049c, instret=3681
[EXEC] instret=3681, PC=0x0001049c, pc_index=16679
[FCLASS-ENTRY] PC=0x0001049c, instret=3681, ENABLED=true
[FCLASS.S] f24 (val=NaN, bits=0x7fc00000) -> x7 (class=0x200)
[EXEC] instret=3682, PC=0x000104a0, pc_index=16680
[EXEC] instret=3683, PC=0x000104a4, pc_index=16681
[EXEC] instret=3684, PC=0x000104a8, pc_index=16682
[EXEC] instret=3685, PC=0x000104ac, pc_index=16683
[EXEC] instret=3686, PC=0x000104b0, pc_index=16684
[FLW-ENTRY] PC=0x000104b0, instret=3686, ENABLED=true
[FLW] PC=0x000104b0, Reading x5 = 0x0001f464, imm=0
[FLW] f25 <- mem[0x0001f464] = 0x7fc00000 (NaN)
[FLW-EXIT] PC: 0x000104b0 -> 0x000104b4, instret=3687
[EXEC] instret=3687, PC=0x000104b4, pc_index=16685
[EXEC] instret=3688, PC=0x000104b8, pc_index=16686
[EXEC] instret=3689, PC=0x000104bc, pc_index=16687
[FLW-ENTRY] PC=0x000104bc, instret=3689, ENABLED=true
[FLW] PC=0x000104bc, Reading x5 = 0x0001f440, imm=0
[FLW] f26 <- mem[0x0001f440] = 0x3f800000 (1)
[FLW-EXIT] PC: 0x000104bc -> 0x000104c0, instret=3690
[EXEC] instret=3690, PC=0x000104c0, pc_index=16688
[FADD-ENTRY] PC=0x000104c0, instret=3690, ENABLED=true
[FADD] Calling handler at 0x000108d4, instruction=0x01ac8dd3
[FADD-EXIT] Jumped to handler: 0x000108d4, return_addr=0x000104c4
[EXEC] instret=3691, PC=0x000108d4, pc_index=16949
[EXEC] instret=3692, PC=0x000108d8, pc_index=16950
[EXEC] instret=3693, PC=0x000108dc, pc_index=16951
[EXEC] instret=3694, PC=0x000108e0, pc_index=16952
[EXEC] instret=3695, PC=0x000108e4, pc_index=16953
[EXEC] instret=3696, PC=0x000108e8, pc_index=16954
[EXEC] instret=3697, PC=0x000108ec, pc_index=16955
[EXEC] instret=3698, PC=0x000108f0, pc_index=16956
[EXEC] instret=3699, PC=0x000108f4, pc_index=16957
[EXEC] instret=3700, PC=0x000108f8, pc_index=16958
[EXEC] instret=3701, PC=0x000108fc, pc_index=16959
[EXEC] instret=3702, PC=0x00010900, pc_index=16960
[EXEC] instret=3703, PC=0x00010904, pc_index=16961
[EXEC] instret=3704, PC=0x00010908, pc_index=16962
[EXEC] instret=3705, PC=0x0001090c, pc_index=16963
[EXEC] instret=3706, PC=0x00010910, pc_index=16964
[EXEC] instret=3707, PC=0x00010914, pc_index=16965
[EXEC] instret=3708, PC=0x00010918, pc_index=16966
[EXEC] instret=3709, PC=0x000109c0, pc_index=17008
[EXEC] instret=3710, PC=0x000109c4, pc_index=17009
[EXEC] instret=3711, PC=0x000109c8, pc_index=17010
[EXEC] instret=3712, PC=0x00010928, pc_index=16970
[EXEC] instret=3713, PC=0x0001092c, pc_index=16971
[EXEC] instret=3714, PC=0x00010930, pc_index=16972
[EXEC] instret=3715, PC=0x00010934, pc_index=16973
[EXEC] instret=3716, PC=0x00010938, pc_index=16974
[EXEC] instret=3717, PC=0x0001093c, pc_index=16975
[EXEC] instret=3718, PC=0x00010940, pc_index=16976
[EXEC] instret=3719, PC=0x00010944, pc_index=16977
[EXEC] instret=3720, PC=0x00010948, pc_index=16978
[EXEC] instret=3721, PC=0x0001094c, pc_index=16979
[EXEC] instret=3722, PC=0x00010950, pc_index=16980
[EXEC] instret=3723, PC=0x00010954, pc_index=16981
[EXEC] instret=3724, PC=0x0001a664, pc_index=27033
[EXEC] instret=3725, PC=0x0001a668, pc_index=27034
[EXEC] instret=3726, PC=0x0001a66c, pc_index=27035
[EXEC] instret=3727, PC=0x0001a670, pc_index=27036
[EXEC] instret=3728, PC=0x0001a674, pc_index=27037
[EXEC] instret=3729, PC=0x0001a678, pc_index=27038
[EXEC] instret=3730, PC=0x0001a67c, pc_index=27039
[EXEC] instret=3731, PC=0x0001a680, pc_index=27040
[EXEC] instret=3732, PC=0x0001a684, pc_index=27041
[EXEC] instret=3733, PC=0x00010958, pc_index=16982
[EXEC] instret=3734, PC=0x0001095c, pc_index=16983
[EXEC] instret=3735, PC=0x00010960, pc_index=16984
[EXEC] instret=3736, PC=0x00010964, pc_index=16985
[EXEC] instret=3737, PC=0x00010968, pc_index=16986
[EXEC] instret=3738, PC=0x0001096c, pc_index=16987
[EXEC] instret=3739, PC=0x00010970, pc_index=16988
[EXEC] instret=3740, PC=0x00010974, pc_index=16989
[EXEC] instret=3741, PC=0x00010978, pc_index=16990
[EXEC] instret=3742, PC=0x0001097c, pc_index=16991
[EXEC] instret=3743, PC=0x00010980, pc_index=16992
[EXEC] instret=3744, PC=0x00010984, pc_index=16993
[EXEC] instret=3745, PC=0x000109fc, pc_index=17023
[EXEC] instret=3746, PC=0x00010a00, pc_index=17024
[EXEC] instret=3747, PC=0x00010a04, pc_index=17025
[EXEC] instret=3748, PC=0x00010a08, pc_index=17026
[EXEC] instret=3749, PC=0x00010a0c, pc_index=17027
[EXEC] instret=3750, PC=0x00010a10, pc_index=17028
[EXEC] instret=3751, PC=0x0001a664, pc_index=27033
[EXEC] instret=3752, PC=0x0001a668, pc_index=27034
[EXEC] instret=3753, PC=0x0001a66c, pc_index=27035
[EXEC] instret=3754, PC=0x0001a670, pc_index=27036
[EXEC] instret=3755, PC=0x0001a674, pc_index=27037
[EXEC] instret=3756, PC=0x0001a678, pc_index=27038
[EXEC] instret=3757, PC=0x0001a68c, pc_index=27043
[EXEC] instret=3758, PC=0x00010a14, pc_index=17029
[EXEC] instret=3759, PC=0x00010a18, pc_index=17030
[EXEC] instret=3760, PC=0x00010a1c, pc_index=17031
[EXEC] instret=3761, PC=0x00010a20, pc_index=17032
[EXEC] instret=3762, PC=0x00010a24, pc_index=17033
[EXEC] instret=3763, PC=0x00010a28, pc_index=17034
[EXEC] instret=3764, PC=0x00010a2c, pc_index=17035
[EXEC] instret=3765, PC=0x00010a30, pc_index=17036
[EXEC] instret=3766, PC=0x00010a34, pc_index=17037
[EXEC] instret=3767, PC=0x00012e54, pc_index=19349
[EXEC] instret=3768, PC=0x00012e58, pc_index=19350
[EXEC] instret=3769, PC=0x00012e5c, pc_index=19351
[EXEC] instret=3770, PC=0x00012e60, pc_index=19352
[EXEC] instret=3771, PC=0x00012e64, pc_index=19353
[EXEC] instret=3772, PC=0x00012e68, pc_index=19354
[EXEC] instret=3773, PC=0x00012e6c, pc_index=19355
[EXEC] instret=3774, PC=0x00012e70, pc_index=19356
[EXEC] instret=3775, PC=0x00012e74, pc_index=19357
[EXEC] instret=3776, PC=0x00012e78, pc_index=19358
[EXEC] instret=3777, PC=0x00012e7c, pc_index=19359
[EXEC] instret=3778, PC=0x00012e80, pc_index=19360
[EXEC] instret=3779, PC=0x00012e84, pc_index=19361
[EXEC] instret=3780, PC=0x00012e88, pc_index=19362
[EXEC] instret=3781, PC=0x00015f20, pc_index=22472
[EXEC] instret=3782, PC=0x00015f24, pc_index=22473
[EXEC] instret=3783, PC=0x00015f28, pc_index=22474
[EXEC] instret=3784, PC=0x00015f2c, pc_index=22475
[EXEC] instret=3785, PC=0x00015f34, pc_index=22477
[EXEC] instret=3786, PC=0x00015f38, pc_index=22478
[EXEC] instret=3787, PC=0x00015f3c, pc_index=22479
[EXEC] instret=3788, PC=0x00015f40, pc_index=22480
[EXEC] instret=3789, PC=0x00015f44, pc_index=22481
[EXEC] instret=3790, PC=0x00015f48, pc_index=22482
[EXEC] instret=3791, PC=0x00018bd8, pc_index=25334
[EXEC] instret=3792, PC=0x00018bdc, pc_index=25335
[EXEC] instret=3793, PC=0x00018be0, pc_index=25336
[EXEC] instret=3794, PC=0x00018be4, pc_index=25337
[EXEC] instret=3795, PC=0x00018bec, pc_index=25339
[EXEC] instret=3796, PC=0x00018bf0, pc_index=25340
[EXEC] instret=3797, PC=0x00018bf4, pc_index=25341
[EXEC] instret=3798, PC=0x00018bf8, pc_index=25342
[EXEC] instret=3799, PC=0x00018bfc, pc_index=25343
[EXEC] instret=3800, PC=0x00018c00, pc_index=25344
[EXEC] instret=3801, PC=0x00015f4c, pc_index=22483
[EXEC] instret=3802, PC=0x00015f50, pc_index=22484
[EXEC] instret=3803, PC=0x00015f54, pc_index=22485
[EXEC] instret=3804, PC=0x00015f58, pc_index=22486
[EXEC] instret=3805, PC=0x00015f5c, pc_index=22487
[EXEC] instret=3806, PC=0x00015f60, pc_index=22488
[EXEC] instret=3807, PC=0x00015f64, pc_index=22489
[EXEC] instret=3808, PC=0x00015f68, pc_index=22490
[EXEC] instret=3809, PC=0x00015f6c, pc_index=22491
[EXEC] instret=3810, PC=0x00015f74, pc_index=22493
[EXEC] instret=3811, PC=0x00015f78, pc_index=22494
[EXEC] instret=3812, PC=0x00015f7c, pc_index=22495
[EXEC] instret=3813, PC=0x00015f80, pc_index=22496
[EXEC] instret=3814, PC=0x00015f84, pc_index=22497
[EXEC] instret=3815, PC=0x00015f88, pc_index=22498
[EXEC] instret=3816, PC=0x00015f8c, pc_index=22499
[EXEC] instret=3817, PC=0x00015f90, pc_index=22500
[EXEC] instret=3818, PC=0x00015f94, pc_index=22501
[EXEC] instret=3819, PC=0x00015f98, pc_index=22502
[EXEC] instret=3820, PC=0x00015f9c, pc_index=22503
[EXEC] instret=3821, PC=0x00010998, pc_index=16998
[EXEC] instret=3822, PC=0x0001099c, pc_index=16999
[EXEC] instret=3823, PC=0x000109a0, pc_index=17000
[EXEC] instret=3824, PC=0x000109a4, pc_index=17001
[EXEC] instret=3825, PC=0x000109a8, pc_index=17002
[EXEC] instret=3826, PC=0x000109ac, pc_index=17003
[EXEC] instret=3827, PC=0x000109b0, pc_index=17004
[EXEC] instret=3828, PC=0x000109b4, pc_index=17005
[EXEC] instret=3829, PC=0x000109b8, pc_index=17006
[EXEC] instret=3830, PC=0x000109bc, pc_index=17007
[EXEC] instret=3831, PC=0x000104c4, pc_index=16689
[EXEC] instret=3832, PC=0x000104c8, pc_index=16690
[EXEC] instret=3833, PC=0x000104cc, pc_index=16691
[EXEC] instret=3834, PC=0x000104d0, pc_index=16692
[EXEC] instret=3835, PC=0x000104d4, pc_index=16693
[EXEC] instret=3836, PC=0x000104d8, pc_index=16694
[EXEC] instret=3837, PC=0x000104dc, pc_index=16695
[EXEC] instret=3838, PC=0x000104e0, pc_index=16696
[EXEC] instret=3839, PC=0x000104e4, pc_index=16697
[EXEC] instret=3840, PC=0x000104e8, pc_index=16698
[EXEC] instret=3841, PC=0x000104ec, pc_index=16699
[EXEC] instret=3842, PC=0x000104f0, pc_index=16700
[FLW-ENTRY] PC=0x000104f0, instret=3842, ENABLED=true
[FLW] PC=0x000104f0, Reading x2 = 0x00080000, imm=0
[FLW] f25 <- mem[0x00080000] = 0xbf800000 (-1)
[FLW-EXIT] PC: 0x000104f0 -> 0x000104f4, instret=3843
[EXEC] instret=3843, PC=0x000104f4, pc_index=16701
[FADD-ENTRY] PC=0x000104f4, instret=3843, ENABLED=true
[FADD] Calling handler at 0x000108d4, instruction=0x580c8d53
[FADD-EXIT] Jumped to handler: 0x000108d4, return_addr=0x000104f8
[EXEC] instret=3844, PC=0x000108d4, pc_index=16949
[EXEC] instret=3845, PC=0x000108d8, pc_index=16950
[EXEC] instret=3846, PC=0x000108dc, pc_index=16951
[EXEC] instret=3847, PC=0x000108e0, pc_index=16952
[EXEC] instret=3848, PC=0x000108e4, pc_index=16953
[EXEC] instret=3849, PC=0x000108e8, pc_index=16954
[EXEC] instret=3850, PC=0x000108ec, pc_index=16955
[EXEC] instret=3851, PC=0x000108f0, pc_index=16956
[EXEC] instret=3852, PC=0x000108f4, pc_index=16957
[EXEC] instret=3853, PC=0x000108f8, pc_index=16958
[EXEC] instret=3854, PC=0x000108fc, pc_index=16959
[EXEC] instret=3855, PC=0x00010900, pc_index=16960
[EXEC] instret=3856, PC=0x00010904, pc_index=16961
[EXEC] instret=3857, PC=0x00010908, pc_index=16962
[EXEC] instret=3858, PC=0x0001090c, pc_index=16963
[EXEC] instret=3859, PC=0x00010910, pc_index=16964
[EXEC] instret=3860, PC=0x00010914, pc_index=16965
[EXEC] instret=3861, PC=0x00010918, pc_index=16966
[EXEC] instret=3862, PC=0x000109c0, pc_index=17008
[EXEC] instret=3863, PC=0x000109c4, pc_index=17009
[EXEC] instret=3864, PC=0x000109c8, pc_index=17010
[EXEC] instret=3865, PC=0x00010928, pc_index=16970
[EXEC] instret=3866, PC=0x0001092c, pc_index=16971
[EXEC] instret=3867, PC=0x00010930, pc_index=16972
[EXEC] instret=3868, PC=0x00010934, pc_index=16973
[EXEC] instret=3869, PC=0x00010938, pc_index=16974
[EXEC] instret=3870, PC=0x0001093c, pc_index=16975
[EXEC] instret=3871, PC=0x00010940, pc_index=16976
[EXEC] instret=3872, PC=0x00010944, pc_index=16977
[EXEC] instret=3873, PC=0x00010948, pc_index=16978
[EXEC] instret=3874, PC=0x0001094c, pc_index=16979
[EXEC] instret=3875, PC=0x00010950, pc_index=16980
[EXEC] instret=3876, PC=0x00010954, pc_index=16981
[EXEC] instret=3877, PC=0x0001a664, pc_index=27033
[EXEC] instret=3878, PC=0x0001a668, pc_index=27034
[EXEC] instret=3879, PC=0x0001a66c, pc_index=27035
[EXEC] instret=3880, PC=0x0001a670, pc_index=27036
[EXEC] instret=3881, PC=0x0001a674, pc_index=27037
[EXEC] instret=3882, PC=0x0001a678, pc_index=27038
[EXEC] instret=3883, PC=0x0001a67c, pc_index=27039
[EXEC] instret=3884, PC=0x0001a680, pc_index=27040
[EXEC] instret=3885, PC=0x0001a684, pc_index=27041
[EXEC] instret=3886, PC=0x00010958, pc_index=16982
[EXEC] instret=3887, PC=0x0001095c, pc_index=16983
[EXEC] instret=3888, PC=0x00010960, pc_index=16984
[EXEC] instret=3889, PC=0x00010964, pc_index=16985
[EXEC] instret=3890, PC=0x00010968, pc_index=16986
[EXEC] instret=3891, PC=0x0001096c, pc_index=16987
[EXEC] instret=3892, PC=0x00010970, pc_index=16988
[EXEC] instret=3893, PC=0x00010974, pc_index=16989
[EXEC] instret=3894, PC=0x00010978, pc_index=16990
[EXEC] instret=3895, PC=0x0001097c, pc_index=16991
[EXEC] instret=3896, PC=0x00010980, pc_index=16992
[EXEC] instret=3897, PC=0x00010984, pc_index=16993
[EXEC] instret=3898, PC=0x000109fc, pc_index=17023
[EXEC] instret=3899, PC=0x00010a00, pc_index=17024
[EXEC] instret=3900, PC=0x00010a04, pc_index=17025
[EXEC] instret=3901, PC=0x00010a08, pc_index=17026
[EXEC] instret=3902, PC=0x00010a0c, pc_index=17027
[EXEC] instret=3903, PC=0x00010a10, pc_index=17028
[EXEC] instret=3904, PC=0x0001a664, pc_index=27033
[EXEC] instret=3905, PC=0x0001a668, pc_index=27034
[EXEC] instret=3906, PC=0x0001a66c, pc_index=27035
[EXEC] instret=3907, PC=0x0001a670, pc_index=27036
[EXEC] instret=3908, PC=0x0001a674, pc_index=27037
[EXEC] instret=3909, PC=0x0001a678, pc_index=27038
[EXEC] instret=3910, PC=0x0001a68c, pc_index=27043
[EXEC] instret=3911, PC=0x00010a14, pc_index=17029
[EXEC] instret=3912, PC=0x00010a18, pc_index=17030
[EXEC] instret=3913, PC=0x00010a1c, pc_index=17031
[EXEC] instret=3914, PC=0x00010a20, pc_index=17032
[EXEC] instret=3915, PC=0x00010a24, pc_index=17033
[EXEC] instret=3916, PC=0x00010a28, pc_index=17034
[EXEC] instret=3917, PC=0x00010a2c, pc_index=17035
[EXEC] instret=3918, PC=0x00010a30, pc_index=17036
[EXEC] instret=3919, PC=0x00010a34, pc_index=17037
[EXEC] instret=3920, PC=0x00012384, pc_index=18657
[EXEC] instret=3921, PC=0x00012388, pc_index=18658
[EXEC] instret=3922, PC=0x0001238c, pc_index=18659
[EXEC] instret=3923, PC=0x00012394, pc_index=18661
[EXEC] instret=3924, PC=0x00012398, pc_index=18662
[EXEC] instret=3925, PC=0x0001239c, pc_index=18663
[EXEC] instret=3926, PC=0x000123a0, pc_index=18664
[EXEC] instret=3927, PC=0x000123a4, pc_index=18665
[EXEC] instret=3928, PC=0x000123a8, pc_index=18666
[EXEC] instret=3929, PC=0x000123ac, pc_index=18667
[EXEC] instret=3930, PC=0x000123b0, pc_index=18668
[EXEC] instret=3931, PC=0x000123b4, pc_index=18669
[EXEC] instret=3932, PC=0x000123b8, pc_index=18670
[EXEC] instret=3933, PC=0x000123bc, pc_index=18671
[EXEC] instret=3934, PC=0x000123c0, pc_index=18672
[EXEC] instret=3935, PC=0x000123c8, pc_index=18674
[EXEC] instret=3936, PC=0x000123cc, pc_index=18675
[EXEC] instret=3937, PC=0x000123d0, pc_index=18676
[EXEC] instret=3938, PC=0x000123d4, pc_index=18677
[EXEC] instret=3939, PC=0x000123d8, pc_index=18678
[EXEC] instret=3940, PC=0x000123e0, pc_index=18680
[EXEC] instret=3941, PC=0x000123e4, pc_index=18681
[EXEC] instret=3942, PC=0x000123e8, pc_index=18682
[EXEC] instret=3943, PC=0x000123ec, pc_index=18683
[EXEC] instret=3944, PC=0x000123f0, pc_index=18684
[EXEC] instret=3945, PC=0x000123f8, pc_index=18686
[EXEC] instret=3946, PC=0x000123fc, pc_index=18687
[EXEC] instret=3947, PC=0x00012400, pc_index=18688
[EXEC] instret=3948, PC=0x00012404, pc_index=18689
[EXEC] instret=3949, PC=0x00012408, pc_index=18690
[EXEC] instret=3950, PC=0x0001240c, pc_index=18691
[EXEC] instret=3951, PC=0x00016ae8, pc_index=23226
[EXEC] instret=3952, PC=0x00016aec, pc_index=23227
[EXEC] instret=3953, PC=0x00016af0, pc_index=23228
[EXEC] instret=3954, PC=0x00016af4, pc_index=23229
[EXEC] instret=3955, PC=0x000194fc, pc_index=25919
[EXEC] instret=3956, PC=0x00019500, pc_index=25920
[EXEC] instret=3957, PC=0x00016af8, pc_index=23230
[EXEC] instret=3958, PC=0x00016afc, pc_index=23231
[EXEC] instret=3959, PC=0x00016b00, pc_index=23232
[EXEC] instret=3960, PC=0x00016b04, pc_index=23233
[EXEC] instret=3961, PC=0x00016b08, pc_index=23234
[EXEC] instret=3962, PC=0x00016b0c, pc_index=23235
[EXEC] instret=3963, PC=0x00016b10, pc_index=23236
[EXEC] instret=3964, PC=0x00016b14, pc_index=23237
[EXEC] instret=3965, PC=0x00016b18, pc_index=23238
[EXEC] instret=3966, PC=0x00016b1c, pc_index=23239
[EXEC] instret=3967, PC=0x00016b20, pc_index=23240
[EXEC] instret=3968, PC=0x00016b24, pc_index=23241
[EXEC] instret=3969, PC=0x00010998, pc_index=16998
[EXEC] instret=3970, PC=0x0001099c, pc_index=16999
[EXEC] instret=3971, PC=0x000109a0, pc_index=17000
[EXEC] instret=3972, PC=0x000109a4, pc_index=17001
[EXEC] instret=3973, PC=0x000109a8, pc_index=17002
[EXEC] instret=3974, PC=0x000109ac, pc_index=17003
[EXEC] instret=3975, PC=0x000109b0, pc_index=17004
[EXEC] instret=3976, PC=0x000109b4, pc_index=17005
[EXEC] instret=3977, PC=0x000109b8, pc_index=17006
[EXEC] instret=3978, PC=0x000109bc, pc_index=17007
[EXEC] instret=3979, PC=0x000104f8, pc_index=16702
[EXEC] instret=3980, PC=0x000104fc, pc_index=16703
[EXEC] instret=3981, PC=0x00010500, pc_index=16704
[EXEC] instret=3982, PC=0x00010504, pc_index=16705
[EXEC] instret=3983, PC=0x00010508, pc_index=16706
[EXEC] instret=3984, PC=0x0001050c, pc_index=16707
[EXEC] instret=3985, PC=0x00010510, pc_index=16708
[EXEC] instret=3986, PC=0x00010514, pc_index=16709
[EXEC] instret=3987, PC=0x00010518, pc_index=16710
[EXEC] instret=3988, PC=0x0001051c, pc_index=16711
[EXEC] instret=3989, PC=0x00010520, pc_index=16712
[EXEC] instret=3990, PC=0x00010524, pc_index=16713
[FLW-ENTRY] PC=0x00010524, instret=3990, ENABLED=true
[FLW] PC=0x00010524, Reading x5 = 0x0001f454, imm=0
[FLW] f25 <- mem[0x0001f454] = 0x00000000 (0)
[FLW-EXIT] PC: 0x00010524 -> 0x00010528, instret=3991
[EXEC] instret=3991, PC=0x00010528, pc_index=16714
[FLW-ENTRY] PC=0x00010528, instret=3991, ENABLED=true
[FLW] PC=0x00010528, Reading x5 = 0x0001f454, imm=0
[FLW] f26 <- mem[0x0001f454] = 0x00000000 (0)
[FLW-EXIT] PC: 0x00010528 -> 0x0001052c, instret=3992
[EXEC] instret=3992, PC=0x0001052c, pc_index=16715
[FADD-ENTRY] PC=0x0001052c, instret=3992, ENABLED=true
[FADD] Calling handler at 0x000108d4, instruction=0x19ac8dd3
[FADD-EXIT] Jumped to handler: 0x000108d4, return_addr=0x00010530
[EXEC] instret=3993, PC=0x000108d4, pc_index=16949
[EXEC] instret=3994, PC=0x000108d8, pc_index=16950
[EXEC] instret=3995, PC=0x000108dc, pc_index=16951
[EXEC] instret=3996, PC=0x000108e0, pc_index=16952
[EXEC] instret=3997, PC=0x000108e4, pc_index=16953
[EXEC] instret=3998, PC=0x000108e8, pc_index=16954
[EXEC] instret=3999, PC=0x000108ec, pc_index=16955
[EXEC] instret=4000, PC=0x000108f0, pc_index=16956
[EXEC] instret=4001, PC=0x000108f4, pc_index=16957
[EXEC] instret=4002, PC=0x000108f8, pc_index=16958
[EXEC] instret=4003, PC=0x000108fc, pc_index=16959
[EXEC] instret=4004, PC=0x00010900, pc_index=16960
[EXEC] instret=4005, PC=0x00010904, pc_index=16961
[EXEC] instret=4006, PC=0x00010908, pc_index=16962
[EXEC] instret=4007, PC=0x0001090c, pc_index=16963
[EXEC] instret=4008, PC=0x00010910, pc_index=16964
[EXEC] instret=4009, PC=0x00010914, pc_index=16965
[EXEC] instret=4010, PC=0x00010918, pc_index=16966
[EXEC] instret=4011, PC=0x000109c0, pc_index=17008
[EXEC] instret=4012, PC=0x000109c4, pc_index=17009
[EXEC] instret=4013, PC=0x000109c8, pc_index=17010
[EXEC] instret=4014, PC=0x00010928, pc_index=16970
[EXEC] instret=4015, PC=0x0001092c, pc_index=16971
[EXEC] instret=4016, PC=0x00010930, pc_index=16972
[EXEC] instret=4017, PC=0x00010934, pc_index=16973
[EXEC] instret=4018, PC=0x00010938, pc_index=16974
[EXEC] instret=4019, PC=0x0001093c, pc_index=16975
[EXEC] instret=4020, PC=0x00010940, pc_index=16976
[EXEC] instret=4021, PC=0x00010944, pc_index=16977
[EXEC] instret=4022, PC=0x00010948, pc_index=16978
[EXEC] instret=4023, PC=0x0001094c, pc_index=16979
[EXEC] instret=4024, PC=0x00010950, pc_index=16980
[EXEC] instret=4025, PC=0x00010954, pc_index=16981
[EXEC] instret=4026, PC=0x0001a664, pc_index=27033
[EXEC] instret=4027, PC=0x0001a668, pc_index=27034
[EXEC] instret=4028, PC=0x0001a66c, pc_index=27035
[EXEC] instret=4029, PC=0x0001a670, pc_index=27036
[EXEC] instret=4030, PC=0x0001a674, pc_index=27037
[EXEC] instret=4031, PC=0x0001a678, pc_index=27038
[EXEC] instret=4032, PC=0x0001a67c, pc_index=27039
[EXEC] instret=4033, PC=0x0001a680, pc_index=27040
[EXEC] instret=4034, PC=0x0001a684, pc_index=27041
[EXEC] instret=4035, PC=0x00010958, pc_index=16982
[EXEC] instret=4036, PC=0x0001095c, pc_index=16983
[EXEC] instret=4037, PC=0x00010960, pc_index=16984
[EXEC] instret=4038, PC=0x00010964, pc_index=16985
[EXEC] instret=4039, PC=0x00010968, pc_index=16986
[EXEC] instret=4040, PC=0x0001096c, pc_index=16987
[EXEC] instret=4041, PC=0x00010970, pc_index=16988
[EXEC] instret=4042, PC=0x00010974, pc_index=16989
[EXEC] instret=4043, PC=0x00010978, pc_index=16990
[EXEC] instret=4044, PC=0x0001097c, pc_index=16991
[EXEC] instret=4045, PC=0x00010980, pc_index=16992
[EXEC] instret=4046, PC=0x00010984, pc_index=16993
[EXEC] instret=4047, PC=0x000109fc, pc_index=17023
[EXEC] instret=4048, PC=0x00010a00, pc_index=17024
[EXEC] instret=4049, PC=0x00010a04, pc_index=17025
[EXEC] instret=4050, PC=0x00010a08, pc_index=17026
[EXEC] instret=4051, PC=0x00010a0c, pc_index=17027
[EXEC] instret=4052, PC=0x00010a10, pc_index=17028
[EXEC] instret=4053, PC=0x0001a664, pc_index=27033
[EXEC] instret=4054, PC=0x0001a668, pc_index=27034
[EXEC] instret=4055, PC=0x0001a66c, pc_index=27035
[EXEC] instret=4056, PC=0x0001a670, pc_index=27036
[EXEC] instret=4057, PC=0x0001a674, pc_index=27037
[EXEC] instret=4058, PC=0x0001a678, pc_index=27038
[EXEC] instret=4059, PC=0x0001a68c, pc_index=27043
[EXEC] instret=4060, PC=0x00010a14, pc_index=17029
[EXEC] instret=4061, PC=0x00010a18, pc_index=17030
[EXEC] instret=4062, PC=0x00010a1c, pc_index=17031
[EXEC] instret=4063, PC=0x00010a20, pc_index=17032
[EXEC] instret=4064, PC=0x00010a24, pc_index=17033
[EXEC] instret=4065, PC=0x00010a28, pc_index=17034
[EXEC] instret=4066, PC=0x00010a2c, pc_index=17035
[EXEC] instret=4067, PC=0x00010a30, pc_index=17036
[EXEC] instret=4068, PC=0x00010a34, pc_index=17037
[EXEC] instret=4069, PC=0x000125e4, pc_index=18809
[EXEC] instret=4070, PC=0x000125e8, pc_index=18810
[EXEC] instret=4071, PC=0x000125ec, pc_index=18811
[EXEC] instret=4072, PC=0x000125f0, pc_index=18812
[EXEC] instret=4073, PC=0x000125f4, pc_index=18813
[EXEC] instret=4074, PC=0x000125f8, pc_index=18814
[EXEC] instret=4075, PC=0x000125fc, pc_index=18815
[EXEC] instret=4076, PC=0x00012600, pc_index=18816
[EXEC] instret=4077, PC=0x00012604, pc_index=18817
[EXEC] instret=4078, PC=0x00012608, pc_index=18818
[EXEC] instret=4079, PC=0x0001260c, pc_index=18819
[EXEC] instret=4080, PC=0x00012610, pc_index=18820
[EXEC] instret=4081, PC=0x00012614, pc_index=18821
[EXEC] instret=4082, PC=0x00012618, pc_index=18822
[EXEC] instret=4083, PC=0x0001261c, pc_index=18823
[EXEC] instret=4084, PC=0x00012620, pc_index=18824
[EXEC] instret=4085, PC=0x00012624, pc_index=18825
[EXEC] instret=4086, PC=0x00012628, pc_index=18826
[EXEC] instret=4087, PC=0x0001262c, pc_index=18827
[EXEC] instret=4088, PC=0x00012630, pc_index=18828
[EXEC] instret=4089, PC=0x00012634, pc_index=18829
[EXEC] instret=4090, PC=0x00012638, pc_index=18830
[EXEC] instret=4091, PC=0x0001263c, pc_index=18831
[EXEC] instret=4092, PC=0x00012640, pc_index=18832
[EXEC] instret=4093, PC=0x00012644, pc_index=18833
[EXEC] instret=4094, PC=0x00012648, pc_index=18834
[EXEC] instret=4095, PC=0x0001264c, pc_index=18835
[EXEC] instret=4096, PC=0x00012650, pc_index=18836
[EXEC] instret=4097, PC=0x00012654, pc_index=18837
[EXEC] instret=4098, PC=0x00012658, pc_index=18838
[EXEC] instret=4099, PC=0x0001265c, pc_index=18839
[EXEC] instret=4100, PC=0x00019b68, pc_index=26330
[EXEC] instret=4101, PC=0x00019b6c, pc_index=26331
[EXEC] instret=4102, PC=0x00019b70, pc_index=26332
[EXEC] instret=4103, PC=0x00019b74, pc_index=26333
[EXEC] instret=4104, PC=0x00019b78, pc_index=26334
[EXEC] instret=4105, PC=0x00019b7c, pc_index=26335
[EXEC] instret=4106, PC=0x0001edcc, pc_index=31603
[EXEC] instret=4107, PC=0x0001edd0, pc_index=31604
[EXEC] instret=4108, PC=0x0001edd4, pc_index=31605
[EXEC] instret=4109, PC=0x0001edd8, pc_index=31606
[EXEC] instret=4110, PC=0x0001eddc, pc_index=31607
[EXEC] instret=4111, PC=0x0001ede0, pc_index=31608
[EXEC] instret=4112, PC=0x00019b80, pc_index=26336
[EXEC] instret=4113, PC=0x00019b84, pc_index=26337
[EXEC] instret=4114, PC=0x00019b88, pc_index=26338
[EXEC] instret=4115, PC=0x00019b8c, pc_index=26339
[EXEC] instret=4116, PC=0x00019b90, pc_index=26340
[EXEC] instret=4117, PC=0x00019b94, pc_index=26341
[EXEC] instret=4118, PC=0x00019b98, pc_index=26342
[EXEC] instret=4119, PC=0x00010998, pc_index=16998
[EXEC] instret=4120, PC=0x0001099c, pc_index=16999
[EXEC] instret=4121, PC=0x000109a0, pc_index=17000
[EXEC] instret=4122, PC=0x000109a4, pc_index=17001
[EXEC] instret=4123, PC=0x000109a8, pc_index=17002
[EXEC] instret=4124, PC=0x000109ac, pc_index=17003
[EXEC] instret=4125, PC=0x000109b0, pc_index=17004
[EXEC] instret=4126, PC=0x000109b4, pc_index=17005
[EXEC] instret=4127, PC=0x000109b8, pc_index=17006
[EXEC] instret=4128, PC=0x000109bc, pc_index=17007
[EXEC] instret=4129, PC=0x00010530, pc_index=16716
[EXEC] instret=4130, PC=0x00010534, pc_index=16717
[EXEC] instret=4131, PC=0x00010538, pc_index=16718
[EXEC] instret=4132, PC=0x0001053c, pc_index=16719
[EXEC] instret=4133, PC=0x00010540, pc_index=16720
[EXEC] instret=4134, PC=0x00010544, pc_index=16721
[EXEC] instret=4135, PC=0x00010548, pc_index=16722
[EXEC] instret=4136, PC=0x0001054c, pc_index=16723
[EXEC] instret=4137, PC=0x00010550, pc_index=16724
[EXEC] instret=4138, PC=0x00010554, pc_index=16725
[EXEC] instret=4139, PC=0x00010558, pc_index=16726
[EXEC] instret=4140, PC=0x0001055c, pc_index=16727
[FLW-ENTRY] PC=0x0001055c, instret=4140, ENABLED=true
[FLW] PC=0x0001055c, Reading x5 = 0x0001f45c, imm=0
[FLW] f25 <- mem[0x0001f45c] = 0x7f800000 (inf)
[FLW-EXIT] PC: 0x0001055c -> 0x00010560, instret=4141
[EXEC] instret=4141, PC=0x00010560, pc_index=16728
[EXEC] instret=4142, PC=0x00010564, pc_index=16729
[EXEC] instret=4143, PC=0x00010568, pc_index=16730
[FLW-ENTRY] PC=0x00010568, instret=4143, ENABLED=true
[FLW] PC=0x00010568, Reading x5 = 0x0001f440, imm=0
[FLW] f26 <- mem[0x0001f440] = 0x3f800000 (1)
[FLW-EXIT] PC: 0x00010568 -> 0x0001056c, instret=4144
[EXEC] instret=4144, PC=0x0001056c, pc_index=16731
[FADD-ENTRY] PC=0x0001056c, instret=4144, ENABLED=true
[FADD] Calling handler at 0x000108d4, instruction=0x01ac8dd3
[FADD-EXIT] Jumped to handler: 0x000108d4, return_addr=0x00010570
[EXEC] instret=4145, PC=0x000108d4, pc_index=16949
[EXEC] instret=4146, PC=0x000108d8, pc_index=16950
[EXEC] instret=4147, PC=0x000108dc, pc_index=16951
[EXEC] instret=4148, PC=0x000108e0, pc_index=16952
[EXEC] instret=4149, PC=0x000108e4, pc_index=16953
[EXEC] instret=4150, PC=0x000108e8, pc_index=16954
[EXEC] instret=4151, PC=0x000108ec, pc_index=16955
[EXEC] instret=4152, PC=0x000108f0, pc_index=16956
[EXEC] instret=4153, PC=0x000108f4, pc_index=16957
[EXEC] instret=4154, PC=0x000108f8, pc_index=16958
[EXEC] instret=4155, PC=0x000108fc, pc_index=16959
[EXEC] instret=4156, PC=0x00010900, pc_index=16960
[EXEC] instret=4157, PC=0x00010904, pc_index=16961
[EXEC] instret=4158, PC=0x00010908, pc_index=16962
[EXEC] instret=4159, PC=0x0001090c, pc_index=16963
[EXEC] instret=4160, PC=0x00010910, pc_index=16964
[EXEC] instret=4161, PC=0x00010914, pc_index=16965
[EXEC] instret=4162, PC=0x00010918, pc_index=16966
[EXEC] instret=4163, PC=0x000109c0, pc_index=17008
[EXEC] instret=4164, PC=0x000109c4, pc_index=17009
[EXEC] instret=4165, PC=0x000109c8, pc_index=17010
[EXEC] instret=4166, PC=0x00010928, pc_index=16970
[EXEC] instret=4167, PC=0x0001092c, pc_index=16971
[EXEC] instret=4168, PC=0x00010930, pc_index=16972
[EXEC] instret=4169, PC=0x00010934, pc_index=16973
[EXEC] instret=4170, PC=0x00010938, pc_index=16974
[EXEC] instret=4171, PC=0x0001093c, pc_index=16975
[EXEC] instret=4172, PC=0x00010940, pc_index=16976
[EXEC] instret=4173, PC=0x00010944, pc_index=16977
[EXEC] instret=4174, PC=0x00010948, pc_index=16978
[EXEC] instret=4175, PC=0x0001094c, pc_index=16979
[EXEC] instret=4176, PC=0x00010950, pc_index=16980
[EXEC] instret=4177, PC=0x00010954, pc_index=16981
[EXEC] instret=4178, PC=0x0001a664, pc_index=27033
[EXEC] instret=4179, PC=0x0001a668, pc_index=27034
[EXEC] instret=4180, PC=0x0001a66c, pc_index=27035
[EXEC] instret=4181, PC=0x0001a670, pc_index=27036
[EXEC] instret=4182, PC=0x0001a674, pc_index=27037
[EXEC] instret=4183, PC=0x0001a678, pc_index=27038
[EXEC] instret=4184, PC=0x0001a67c, pc_index=27039
[EXEC] instret=4185, PC=0x0001a680, pc_index=27040
[EXEC] instret=4186, PC=0x0001a684, pc_index=27041
[EXEC] instret=4187, PC=0x00010958, pc_index=16982
[EXEC] instret=4188, PC=0x0001095c, pc_index=16983
[EXEC] instret=4189, PC=0x00010960, pc_index=16984
[EXEC] instret=4190, PC=0x00010964, pc_index=16985
[EXEC] instret=4191, PC=0x00010968, pc_index=16986
[EXEC] instret=4192, PC=0x0001096c, pc_index=16987
[EXEC] instret=4193, PC=0x00010970, pc_index=16988
[EXEC] instret=4194, PC=0x00010974, pc_index=16989
[EXEC] instret=4195, PC=0x00010978, pc_index=16990
[EXEC] instret=4196, PC=0x0001097c, pc_index=16991
[EXEC] instret=4197, PC=0x00010980, pc_index=16992
[EXEC] instret=4198, PC=0x00010984, pc_index=16993
[EXEC] instret=4199, PC=0x000109fc, pc_index=17023
[EXEC] instret=4200, PC=0x00010a00, pc_index=17024
[EXEC] instret=4201, PC=0x00010a04, pc_index=17025
[EXEC] instret=4202, PC=0x00010a08, pc_index=17026
[EXEC] instret=4203, PC=0x00010a0c, pc_index=17027
[EXEC] instret=4204, PC=0x00010a10, pc_index=17028
[EXEC] instret=4205, PC=0x0001a664, pc_index=27033
[EXEC] instret=4206, PC=0x0001a668, pc_index=27034
[EXEC] instret=4207, PC=0x0001a66c, pc_index=27035
[EXEC] instret=4208, PC=0x0001a670, pc_index=27036
[EXEC] instret=4209, PC=0x0001a674, pc_index=27037
[EXEC] instret=4210, PC=0x0001a678, pc_index=27038
[EXEC] instret=4211, PC=0x0001a68c, pc_index=27043
[EXEC] instret=4212, PC=0x00010a14, pc_index=17029
[EXEC] instret=4213, PC=0x00010a18, pc_index=17030
[EXEC] instret=4214, PC=0x00010a1c, pc_index=17031
[EXEC] instret=4215, PC=0x00010a20, pc_index=17032
[EXEC] instret=4216, PC=0x00010a24, pc_index=17033
[EXEC] instret=4217, PC=0x00010a28, pc_index=17034
[EXEC] instret=4218, PC=0x00010a2c, pc_index=17035
[EXEC] instret=4219, PC=0x00010a30, pc_index=17036
[EXEC] instret=4220, PC=0x00010a34, pc_index=17037
[EXEC] instret=4221, PC=0x00012e54, pc_index=19349
[EXEC] instret=4222, PC=0x00012e58, pc_index=19350
[EXEC] instret=4223, PC=0x00012e5c, pc_index=19351
[EXEC] instret=4224, PC=0x00012e60, pc_index=19352
[EXEC] instret=4225, PC=0x00012e64, pc_index=19353
[EXEC] instret=4226, PC=0x00012e68, pc_index=19354
[EXEC] instret=4227, PC=0x00012e6c, pc_index=19355
[EXEC] instret=4228, PC=0x00012e70, pc_index=19356
[EXEC] instret=4229, PC=0x00012e74, pc_index=19357
[EXEC] instret=4230, PC=0x00012e78, pc_index=19358
[EXEC] instret=4231, PC=0x00012e7c, pc_index=19359
[EXEC] instret=4232, PC=0x00012e80, pc_index=19360
[EXEC] instret=4233, PC=0x00012e84, pc_index=19361
[EXEC] instret=4234, PC=0x00012e88, pc_index=19362
[EXEC] instret=4235, PC=0x00015f20, pc_index=22472
[EXEC] instret=4236, PC=0x00015f24, pc_index=22473
[EXEC] instret=4237, PC=0x00015f28, pc_index=22474
[EXEC] instret=4238, PC=0x00015f2c, pc_index=22475
[EXEC] instret=4239, PC=0x00015f30, pc_index=22476
[EXEC] instret=4240, PC=0x00012e8c, pc_index=19363
[EXEC] instret=4241, PC=0x00012e90, pc_index=19364
[EXEC] instret=4242, PC=0x00012e94, pc_index=19365
[EXEC] instret=4243, PC=0x00012e98, pc_index=19366
[EXEC] instret=4244, PC=0x00012e9c, pc_index=19367
[EXEC] instret=4245, PC=0x00012ea0, pc_index=19368
[EXEC] instret=4246, PC=0x00012ea4, pc_index=19369
[EXEC] instret=4247, PC=0x00012ea8, pc_index=19370
[EXEC] instret=4248, PC=0x00012eac, pc_index=19371
[EXEC] instret=4249, PC=0x00012eb4, pc_index=19373
[EXEC] instret=4250, PC=0x00012eb8, pc_index=19374
[EXEC] instret=4251, PC=0x00012ebc, pc_index=19375
[EXEC] instret=4252, PC=0x00012ec0, pc_index=19376
[EXEC] instret=4253, PC=0x00012ec4, pc_index=19377
[EXEC] instret=4254, PC=0x00012ec8, pc_index=19378
[EXEC] instret=4255, PC=0x00012ecc, pc_index=19379
[EXEC] instret=4256, PC=0x00012ed0, pc_index=19380
[EXEC] instret=4257, PC=0x00012ed4, pc_index=19381
[EXEC] instret=4258, PC=0x00017844, pc_index=24081
[EXEC] instret=4259, PC=0x00017848, pc_index=24082
[EXEC] instret=4260, PC=0x0001784c, pc_index=24083
[EXEC] instret=4261, PC=0x00017850, pc_index=24084
[EXEC] instret=4262, PC=0x00017854, pc_index=24085
[EXEC] instret=4263, PC=0x00017858, pc_index=24086
[EXEC] instret=4264, PC=0x00017860, pc_index=24088
[EXEC] instret=4265, PC=0x00017864, pc_index=24089
[EXEC] instret=4266, PC=0x00017868, pc_index=24090
[EXEC] instret=4267, PC=0x00017870, pc_index=24092
[EXEC] instret=4268, PC=0x00017874, pc_index=24093
[EXEC] instret=4269, PC=0x00017878, pc_index=24094
[EXEC] instret=4270, PC=0x00017880, pc_index=24096
[EXEC] instret=4271, PC=0x00017884, pc_index=24097
[EXEC] instret=4272, PC=0x00017888, pc_index=24098
[EXEC] instret=4273, PC=0x0001788c, pc_index=24099
[EXEC] instret=4274, PC=0x00017890, pc_index=24100
[EXEC] instret=4275, PC=0x00012ed8, pc_index=19382
[EXEC] instret=4276, PC=0x00012edc, pc_index=19383
[EXEC] instret=4277, PC=0x00012ee0, pc_index=19384
[EXEC] instret=4278, PC=0x00012ee4, pc_index=19385
[EXEC] instret=4279, PC=0x00012ee8, pc_index=19386
[EXEC] instret=4280, PC=0x00012eec, pc_index=19387
[EXEC] instret=4281, PC=0x00017af0, pc_index=24252
[EXEC] instret=4282, PC=0x00017af4, pc_index=24253
[EXEC] instret=4283, PC=0x00017af8, pc_index=24254
[EXEC] instret=4284, PC=0x00017afc, pc_index=24255
[EXEC] instret=4285, PC=0x00017b00, pc_index=24256
[EXEC] instret=4286, PC=0x00017b04, pc_index=24257
[EXEC] instret=4287, PC=0x00017b0c, pc_index=24259
[EXEC] instret=4288, PC=0x00017b10, pc_index=24260
[EXEC] instret=4289, PC=0x00017b14, pc_index=24261
[EXEC] instret=4290, PC=0x00017b1c, pc_index=24263
[EXEC] instret=4291, PC=0x00017b20, pc_index=24264
[EXEC] instret=4292, PC=0x00017b24, pc_index=24265
[EXEC] instret=4293, PC=0x00017b2c, pc_index=24267
[EXEC] instret=4294, PC=0x00017b30, pc_index=24268
[EXEC] instret=4295, PC=0x00017b34, pc_index=24269
[EXEC] instret=4296, PC=0x00017b38, pc_index=24270
[EXEC] instret=4297, PC=0x00017b3c, pc_index=24271
[EXEC] instret=4298, PC=0x00012ef0, pc_index=19388
[EXEC] instret=4299, PC=0x00012ef4, pc_index=19389
[EXEC] instret=4300, PC=0x00012ef8, pc_index=19390
[EXEC] instret=4301, PC=0x00012efc, pc_index=19391
[EXEC] instret=4302, PC=0x00012f00, pc_index=19392
[EXEC] instret=4303, PC=0x00012f04, pc_index=19393
[EXEC] instret=4304, PC=0x00017a4c, pc_index=24211
[EXEC] instret=4305, PC=0x00017a50, pc_index=24212
[EXEC] instret=4306, PC=0x00017a54, pc_index=24213
[EXEC] instret=4307, PC=0x00017a58, pc_index=24214
[EXEC] instret=4308, PC=0x00017a60, pc_index=24216
[EXEC] instret=4309, PC=0x00017a64, pc_index=24217
[EXEC] instret=4310, PC=0x00017a68, pc_index=24218
[EXEC] instret=4311, PC=0x00017a6c, pc_index=24219
[EXEC] instret=4312, PC=0x00017a70, pc_index=24220
[EXEC] instret=4313, PC=0x00012f08, pc_index=19394
[EXEC] instret=4314, PC=0x00012f0c, pc_index=19395
[EXEC] instret=4315, PC=0x00012f10, pc_index=19396
[EXEC] instret=4316, PC=0x00012f14, pc_index=19397
[EXEC] instret=4317, PC=0x00012f18, pc_index=19398
[EXEC] instret=4318, PC=0x00012f1c, pc_index=19399
[EXEC] instret=4319, PC=0x00012f20, pc_index=19400
[EXEC] instret=4320, PC=0x00012f24, pc_index=19401
[EXEC] instret=4321, PC=0x00012f28, pc_index=19402
[EXEC] instret=4322, PC=0x00012f2c, pc_index=19403
[EXEC] instret=4323, PC=0x00012f30, pc_index=19404
[EXEC] instret=4324, PC=0x00012f34, pc_index=19405
[EXEC] instret=4325, PC=0x00012f38, pc_index=19406
[EXEC] instret=4326, PC=0x00012f54, pc_index=19413
[EXEC] instret=4327, PC=0x00012f58, pc_index=19414
[EXEC] instret=4328, PC=0x00012f5c, pc_index=19415
[EXEC] instret=4329, PC=0x00012f60, pc_index=19416
[EXEC] instret=4330, PC=0x00012f64, pc_index=19417
[EXEC] instret=4331, PC=0x00012f68, pc_index=19418
[EXEC] instret=4332, PC=0x00012f6c, pc_index=19419
[EXEC] instret=4333, PC=0x0001a664, pc_index=27033
[EXEC] instret=4334, PC=0x0001a668, pc_index=27034
[EXEC] instret=4335, PC=0x0001a66c, pc_index=27035
[EXEC] instret=4336, PC=0x0001a670, pc_index=27036
[EXEC] instret=4337, PC=0x0001a674, pc_index=27037
[EXEC] instret=4338, PC=0x0001a678, pc_index=27038
[EXEC] instret=4339, PC=0x0001a68c, pc_index=27043
[EXEC] instret=4340, PC=0x00012f70, pc_index=19420
[EXEC] instret=4341, PC=0x00012f74, pc_index=19421
[EXEC] instret=4342, PC=0x00012f78, pc_index=19422
[EXEC] instret=4343, PC=0x00012f7c, pc_index=19423
[EXEC] instret=4344, PC=0x00012f80, pc_index=19424
[EXEC] instret=4345, PC=0x00012f84, pc_index=19425
[EXEC] instret=4346, PC=0x00012f88, pc_index=19426
[EXEC] instret=4347, PC=0x00012f8c, pc_index=19427
[EXEC] instret=4348, PC=0x00012f90, pc_index=19428
[EXEC] instret=4349, PC=0x00013bf8, pc_index=20222
[EXEC] instret=4350, PC=0x00013bfc, pc_index=20223
[EXEC] instret=4351, PC=0x00013c00, pc_index=20224
[EXEC] instret=4352, PC=0x00013af8, pc_index=20158
[EXEC] instret=4353, PC=0x00013afc, pc_index=20159
[EXEC] instret=4354, PC=0x00013b00, pc_index=20160
[EXEC] instret=4355, PC=0x00013b04, pc_index=20161
[EXEC] instret=4356, PC=0x00013b08, pc_index=20162
[EXEC] instret=4357, PC=0x00013b0c, pc_index=20163
[EXEC] instret=4358, PC=0x0001a690, pc_index=27044
[EXEC] instret=4359, PC=0x0001a694, pc_index=27045
[EXEC] instret=4360, PC=0x0001a698, pc_index=27046
[EXEC] instret=4361, PC=0x0001a69c, pc_index=27047
[EXEC] instret=4362, PC=0x0001a6a0, pc_index=27048
[EXEC] instret=4363, PC=0x0001c2d4, pc_index=28853
[EXEC] instret=4364, PC=0x0001c2d8, pc_index=28854
[EXEC] instret=4365, PC=0x0001c2dc, pc_index=28855
[EXEC] instret=4366, PC=0x0001c2e0, pc_index=28856
[EXEC] instret=4367, PC=0x0001c2e4, pc_index=28857
[EXEC] instret=4368, PC=0x0001c2e8, pc_index=28858
[EXEC] instret=4369, PC=0x0001c2ec, pc_index=28859
[EXEC] instret=4370, PC=0x0001c2f0, pc_index=28860
[EXEC] instret=4371, PC=0x0001c2f4, pc_index=28861
[EXEC] instret=4372, PC=0x0001c2f8, pc_index=28862
[EXEC] instret=4373, PC=0x0001c2fc, pc_index=28863
[EXEC] instret=4374, PC=0x0001c300, pc_index=28864
[EXEC] instret=4375, PC=0x0001c304, pc_index=28865
[EXEC] instret=4376, PC=0x0001c308, pc_index=28866
[EXEC] instret=4377, PC=0x0001c30c, pc_index=28867
[EXEC] instret=4378, PC=0x0001c344, pc_index=28881
[EXEC] instret=4379, PC=0x0001c348, pc_index=28882
[EXEC] instret=4380, PC=0x0001c34c, pc_index=28883
[EXEC] instret=4381, PC=0x0001c350, pc_index=28884
[EXEC] instret=4382, PC=0x0001c354, pc_index=28885
[EXEC] instret=4383, PC=0x0001c358, pc_index=28886
[EXEC] instret=4384, PC=0x0001c35c, pc_index=28887
[EXEC] instret=4385, PC=0x0001c360, pc_index=28888
[EXEC] instret=4386, PC=0x0001c424, pc_index=28937
[EXEC] instret=4387, PC=0x0001c428, pc_index=28938
[EXEC] instret=4388, PC=0x0001c42c, pc_index=28939
[EXEC] instret=4389, PC=0x0001c430, pc_index=28940
[EXEC] instret=4390, PC=0x0001c40c, pc_index=28931
[EXEC] instret=4391, PC=0x0001c410, pc_index=28932
[EXEC] instret=4392, PC=0x0001c414, pc_index=28933
[EXEC] instret=4393, PC=0x0001c418, pc_index=28934
[EXEC] instret=4394, PC=0x0001c41c, pc_index=28935
[EXEC] instret=4395, PC=0x0001c420, pc_index=28936
[EXEC] instret=4396, PC=0x00013b10, pc_index=20164
[EXEC] instret=4397, PC=0x00013b14, pc_index=20165
[EXEC] instret=4398, PC=0x00013b18, pc_index=20166
[EXEC] instret=4399, PC=0x00013b1c, pc_index=20167
[EXEC] instret=4400, PC=0x00013b20, pc_index=20168
[EXEC] instret=4401, PC=0x00013b24, pc_index=20169
[EXEC] instret=4402, PC=0x00013b28, pc_index=20170
[EXEC] instret=4403, PC=0x00013b2c, pc_index=20171
[EXEC] instret=4404, PC=0x00013b30, pc_index=20172
[EXEC] instret=4405, PC=0x00013b34, pc_index=20173
[EXEC] instret=4406, PC=0x00013b38, pc_index=20174
[EXEC] instret=4407, PC=0x00010998, pc_index=16998
[EXEC] instret=4408, PC=0x0001099c, pc_index=16999
[EXEC] instret=4409, PC=0x000109a0, pc_index=17000
[EXEC] instret=4410, PC=0x000109a4, pc_index=17001
[EXEC] instret=4411, PC=0x000109a8, pc_index=17002
[EXEC] instret=4412, PC=0x000109ac, pc_index=17003
[EXEC] instret=4413, PC=0x000109b0, pc_index=17004
[EXEC] instret=4414, PC=0x000109b4, pc_index=17005
[EXEC] instret=4415, PC=0x000109b8, pc_index=17006
[EXEC] instret=4416, PC=0x000109bc, pc_index=17007
[EXEC] instret=4417, PC=0x00010570, pc_index=16732
[EXEC] instret=4418, PC=0x00010574, pc_index=16733
[EXEC] instret=4419, PC=0x00010578, pc_index=16734
[EXEC] instret=4420, PC=0x0001057c, pc_index=16735
[EXEC] instret=4421, PC=0x00010580, pc_index=16736
[EXEC] instret=4422, PC=0x00010584, pc_index=16737
[EXEC] instret=4423, PC=0x00010588, pc_index=16738
[FLW-ENTRY] PC=0x00010588, instret=4423, ENABLED=true
[FLW] PC=0x00010588, Reading x5 = 0x0001f45c, imm=0
[FLW] f25 <- mem[0x0001f45c] = 0x7f800000 (inf)
[FLW-EXIT] PC: 0x00010588 -> 0x0001058c, instret=4424
[EXEC] instret=4424, PC=0x0001058c, pc_index=16739
[FLW-ENTRY] PC=0x0001058c, instret=4424, ENABLED=true
[FLW] PC=0x0001058c, Reading x5 = 0x0001f45c, imm=0
[FLW] f26 <- mem[0x0001f45c] = 0x7f800000 (inf)
[FLW-EXIT] PC: 0x0001058c -> 0x00010590, instret=4425
[EXEC] instret=4425, PC=0x00010590, pc_index=16740
[FADD-ENTRY] PC=0x00010590, instret=4425, ENABLED=true
[FADD] Calling handler at 0x000108d4, instruction=0x01ac8dd3
[FADD-EXIT] Jumped to handler: 0x000108d4, return_addr=0x00010594
[EXEC] instret=4426, PC=0x000108d4, pc_index=16949
[EXEC] instret=4427, PC=0x000108d8, pc_index=16950
[EXEC] instret=4428, PC=0x000108dc, pc_index=16951
[EXEC] instret=4429, PC=0x000108e0, pc_index=16952
[EXEC] instret=4430, PC=0x000108e4, pc_index=16953
[EXEC] instret=4431, PC=0x000108e8, pc_index=16954
[EXEC] instret=4432, PC=0x000108ec, pc_index=16955
[EXEC] instret=4433, PC=0x000108f0, pc_index=16956
[EXEC] instret=4434, PC=0x000108f4, pc_index=16957
[EXEC] instret=4435, PC=0x000108f8, pc_index=16958
[EXEC] instret=4436, PC=0x000108fc, pc_index=16959
[EXEC] instret=4437, PC=0x00010900, pc_index=16960
[EXEC] instret=4438, PC=0x00010904, pc_index=16961
[EXEC] instret=4439, PC=0x00010908, pc_index=16962
[EXEC] instret=4440, PC=0x0001090c, pc_index=16963
[EXEC] instret=4441, PC=0x00010910, pc_index=16964
[EXEC] instret=4442, PC=0x00010914, pc_index=16965
[EXEC] instret=4443, PC=0x00010918, pc_index=16966
[EXEC] instret=4444, PC=0x000109c0, pc_index=17008
[EXEC] instret=4445, PC=0x000109c4, pc_index=17009
[EXEC] instret=4446, PC=0x000109c8, pc_index=17010
[EXEC] instret=4447, PC=0x00010928, pc_index=16970
[EXEC] instret=4448, PC=0x0001092c, pc_index=16971
[EXEC] instret=4449, PC=0x00010930, pc_index=16972
[EXEC] instret=4450, PC=0x00010934, pc_index=16973
[EXEC] instret=4451, PC=0x00010938, pc_index=16974
[EXEC] instret=4452, PC=0x0001093c, pc_index=16975
[EXEC] instret=4453, PC=0x00010940, pc_index=16976
[EXEC] instret=4454, PC=0x00010944, pc_index=16977
[EXEC] instret=4455, PC=0x00010948, pc_index=16978
[EXEC] instret=4456, PC=0x0001094c, pc_index=16979
[EXEC] instret=4457, PC=0x00010950, pc_index=16980
[EXEC] instret=4458, PC=0x00010954, pc_index=16981
[EXEC] instret=4459, PC=0x0001a664, pc_index=27033
[EXEC] instret=4460, PC=0x0001a668, pc_index=27034
[EXEC] instret=4461, PC=0x0001a66c, pc_index=27035
[EXEC] instret=4462, PC=0x0001a670, pc_index=27036
[EXEC] instret=4463, PC=0x0001a674, pc_index=27037
[EXEC] instret=4464, PC=0x0001a678, pc_index=27038
[EXEC] instret=4465, PC=0x0001a67c, pc_index=27039
[EXEC] instret=4466, PC=0x0001a680, pc_index=27040
[EXEC] instret=4467, PC=0x0001a684, pc_index=27041
[EXEC] instret=4468, PC=0x00010958, pc_index=16982
[EXEC] instret=4469, PC=0x0001095c, pc_index=16983
[EXEC] instret=4470, PC=0x00010960, pc_index=16984
[EXEC] instret=4471, PC=0x00010964, pc_index=16985
[EXEC] instret=4472, PC=0x00010968, pc_index=16986
[EXEC] instret=4473, PC=0x0001096c, pc_index=16987
[EXEC] instret=4474, PC=0x00010970, pc_index=16988
[EXEC] instret=4475, PC=0x00010974, pc_index=16989
[EXEC] instret=4476, PC=0x00010978, pc_index=16990
[EXEC] instret=4477, PC=0x0001097c, pc_index=16991
[EXEC] instret=4478, PC=0x00010980, pc_index=16992
[EXEC] instret=4479, PC=0x00010984, pc_index=16993
[EXEC] instret=4480, PC=0x000109fc, pc_index=17023
[EXEC] instret=4481, PC=0x00010a00, pc_index=17024
[EXEC] instret=4482, PC=0x00010a04, pc_index=17025
[EXEC] instret=4483, PC=0x00010a08, pc_index=17026
[EXEC] instret=4484, PC=0x00010a0c, pc_index=17027
[EXEC] instret=4485, PC=0x00010a10, pc_index=17028
[EXEC] instret=4486, PC=0x0001a664, pc_index=27033
[EXEC] instret=4487, PC=0x0001a668, pc_index=27034
[EXEC] instret=4488, PC=0x0001a66c, pc_index=27035
[EXEC] instret=4489, PC=0x0001a670, pc_index=27036
[EXEC] instret=4490, PC=0x0001a674, pc_index=27037
[EXEC] instret=4491, PC=0x0001a678, pc_index=27038
[EXEC] instret=4492, PC=0x0001a68c, pc_index=27043
[EXEC] instret=4493, PC=0x00010a14, pc_index=17029
[EXEC] instret=4494, PC=0x00010a18, pc_index=17030
[EXEC] instret=4495, PC=0x00010a1c, pc_index=17031
[EXEC] instret=4496, PC=0x00010a20, pc_index=17032
[EXEC] instret=4497, PC=0x00010a24, pc_index=17033
[EXEC] instret=4498, PC=0x00010a28, pc_index=17034
[EXEC] instret=4499, PC=0x00010a2c, pc_index=17035
[EXEC] instret=4500, PC=0x00010a30, pc_index=17036
[EXEC] instret=4501, PC=0x00010a34, pc_index=17037
[EXEC] instret=4502, PC=0x00012e54, pc_index=19349
[EXEC] instret=4503, PC=0x00012e58, pc_index=19350
[EXEC] instret=4504, PC=0x00012e5c, pc_index=19351
[EXEC] instret=4505, PC=0x00012e60, pc_index=19352
[EXEC] instret=4506, PC=0x00012e64, pc_index=19353
[EXEC] instret=4507, PC=0x00012e68, pc_index=19354
[EXEC] instret=4508, PC=0x00012e6c, pc_index=19355
[EXEC] instret=4509, PC=0x00012e70, pc_index=19356
[EXEC] instret=4510, PC=0x00012e74, pc_index=19357
[EXEC] instret=4511, PC=0x00012e78, pc_index=19358
[EXEC] instret=4512, PC=0x00012e7c, pc_index=19359
[EXEC] instret=4513, PC=0x00012e80, pc_index=19360
[EXEC] instret=4514, PC=0x00012e84, pc_index=19361
[EXEC] instret=4515, PC=0x00012e88, pc_index=19362
[EXEC] instret=4516, PC=0x00015f20, pc_index=22472
[EXEC] instret=4517, PC=0x00015f24, pc_index=22473
[EXEC] instret=4518, PC=0x00015f28, pc_index=22474
[EXEC] instret=4519, PC=0x00015f2c, pc_index=22475
[EXEC] instret=4520, PC=0x00015f30, pc_index=22476
[EXEC] instret=4521, PC=0x00012e8c, pc_index=19363
[EXEC] instret=4522, PC=0x00012e90, pc_index=19364
[EXEC] instret=4523, PC=0x00012e94, pc_index=19365
[EXEC] instret=4524, PC=0x00012e98, pc_index=19366
[EXEC] instret=4525, PC=0x00012e9c, pc_index=19367
[EXEC] instret=4526, PC=0x00012ea0, pc_index=19368
[EXEC] instret=4527, PC=0x00012ea4, pc_index=19369
[EXEC] instret=4528, PC=0x00012ea8, pc_index=19370
[EXEC] instret=4529, PC=0x00012eac, pc_index=19371
[EXEC] instret=4530, PC=0x00012eb0, pc_index=19372
[EXEC] instret=4531, PC=0x00016e1c, pc_index=23431
[EXEC] instret=4532, PC=0x00016e20, pc_index=23432
[EXEC] instret=4533, PC=0x00016e24, pc_index=23433
[EXEC] instret=4534, PC=0x00016e28, pc_index=23434
[EXEC] instret=4535, PC=0x00016e2c, pc_index=23435
[EXEC] instret=4536, PC=0x00012eb4, pc_index=19373
[EXEC] instret=4537, PC=0x00012eb8, pc_index=19374
[EXEC] instret=4538, PC=0x00012ebc, pc_index=19375
[EXEC] instret=4539, PC=0x00012ec0, pc_index=19376
[EXEC] instret=4540, PC=0x00012ec4, pc_index=19377
[EXEC] instret=4541, PC=0x00012ec8, pc_index=19378
[EXEC] instret=4542, PC=0x00012ecc, pc_index=19379
[EXEC] instret=4543, PC=0x00012ed0, pc_index=19380
[EXEC] instret=4544, PC=0x00012ed4, pc_index=19381
[EXEC] instret=4545, PC=0x00017844, pc_index=24081
[EXEC] instret=4546, PC=0x00017848, pc_index=24082
[EXEC] instret=4547, PC=0x0001784c, pc_index=24083
[EXEC] instret=4548, PC=0x00017850, pc_index=24084
[EXEC] instret=4549, PC=0x00017854, pc_index=24085
[EXEC] instret=4550, PC=0x00017858, pc_index=24086
[EXEC] instret=4551, PC=0x00017860, pc_index=24088
[EXEC] instret=4552, PC=0x00017864, pc_index=24089
[EXEC] instret=4553, PC=0x00017868, pc_index=24090
[EXEC] instret=4554, PC=0x00017870, pc_index=24092
[EXEC] instret=4555, PC=0x00017874, pc_index=24093
[EXEC] instret=4556, PC=0x00017878, pc_index=24094
[EXEC] instret=4557, PC=0x00017880, pc_index=24096
[EXEC] instret=4558, PC=0x00017884, pc_index=24097
[EXEC] instret=4559, PC=0x00017888, pc_index=24098
[EXEC] instret=4560, PC=0x0001788c, pc_index=24099
[EXEC] instret=4561, PC=0x00017894, pc_index=24101
[EXEC] instret=4562, PC=0x00017898, pc_index=24102
[EXEC] instret=4563, PC=0x0001789c, pc_index=24103
[EXEC] instret=4564, PC=0x000178a0, pc_index=24104
[EXEC] instret=4565, PC=0x000178a8, pc_index=24106
[EXEC] instret=4566, PC=0x000178ac, pc_index=24107
[EXEC] instret=4567, PC=0x000178b0, pc_index=24108
[EXEC] instret=4568, PC=0x000178b8, pc_index=24110
[EXEC] instret=4569, PC=0x000178c0, pc_index=24112
[EXEC] instret=4570, PC=0x000178c4, pc_index=24113
[EXEC] instret=4571, PC=0x000178c8, pc_index=24114
[EXEC] instret=4572, PC=0x000178cc, pc_index=24115
[EXEC] instret=4573, PC=0x000178d0, pc_index=24116
[EXEC] instret=4574, PC=0x000178d4, pc_index=24117
[EXEC] instret=4575, PC=0x000178d8, pc_index=24118
[EXEC] instret=4576, PC=0x000178dc, pc_index=24119
[EXEC] instret=4577, PC=0x000178e0, pc_index=24120
[EXEC] instret=4578, PC=0x000178e4, pc_index=24121
[EXEC] instret=4579, PC=0x00010998, pc_index=16998
[EXEC] instret=4580, PC=0x0001099c, pc_index=16999
[EXEC] instret=4581, PC=0x000109a0, pc_index=17000
[EXEC] instret=4582, PC=0x000109a4, pc_index=17001
[EXEC] instret=4583, PC=0x000109a8, pc_index=17002
[EXEC] instret=4584, PC=0x000109ac, pc_index=17003
[EXEC] instret=4585, PC=0x000109b0, pc_index=17004
[EXEC] instret=4586, PC=0x000109b4, pc_index=17005
[EXEC] instret=4587, PC=0x000109b8, pc_index=17006
[EXEC] instret=4588, PC=0x000109bc, pc_index=17007
[EXEC] instret=4589, PC=0x00010594, pc_index=16741
[EXEC] instret=4590, PC=0x00010598, pc_index=16742
[EXEC] instret=4591, PC=0x0001059c, pc_index=16743
[EXEC] instret=4592, PC=0x000105a0, pc_index=16744
[EXEC] instret=4593, PC=0x000105a4, pc_index=16745
[EXEC] instret=4594, PC=0x000105a8, pc_index=16746
[EXEC] instret=4595, PC=0x000105ac, pc_index=16747
[FLW-ENTRY] PC=0x000105ac, instret=4595, ENABLED=true
[FLW] PC=0x000105ac, Reading x5 = 0x0001f45c, imm=0
[FLW] f25 <- mem[0x0001f45c] = 0x7f800000 (inf)
[FLW-EXIT] PC: 0x000105ac -> 0x000105b0, instret=4596
[EXEC] instret=4596, PC=0x000105b0, pc_index=16748
[FLW-ENTRY] PC=0x000105b0, instret=4596, ENABLED=true
[FLW] PC=0x000105b0, Reading x5 = 0x0001f45c, imm=0
[FLW] f26 <- mem[0x0001f45c] = 0x7f800000 (inf)
[FLW-EXIT] PC: 0x000105b0 -> 0x000105b4, instret=4597
[EXEC] instret=4597, PC=0x000105b4, pc_index=16749
[FADD-ENTRY] PC=0x000105b4, instret=4597, ENABLED=true
[FADD] Calling handler at 0x000108d4, instruction=0x09ac8dd3
[FADD-EXIT] Jumped to handler: 0x000108d4, return_addr=0x000105b8
[EXEC] instret=4598, PC=0x000108d4, pc_index=16949
[EXEC] instret=4599, PC=0x000108d8, pc_index=16950
[EXEC] instret=4600, PC=0x000108dc, pc_index=16951
[EXEC] instret=4601, PC=0x000108e0, pc_index=16952
[EXEC] instret=4602, PC=0x000108e4, pc_index=16953
[EXEC] instret=4603, PC=0x000108e8, pc_index=16954
[EXEC] instret=4604, PC=0x000108ec, pc_index=16955
[EXEC] instret=4605, PC=0x000108f0, pc_index=16956
[EXEC] instret=4606, PC=0x000108f4, pc_index=16957
[EXEC] instret=4607, PC=0x000108f8, pc_index=16958
[EXEC] instret=4608, PC=0x000108fc, pc_index=16959
[EXEC] instret=4609, PC=0x00010900, pc_index=16960
[EXEC] instret=4610, PC=0x00010904, pc_index=16961
[EXEC] instret=4611, PC=0x00010908, pc_index=16962
[EXEC] instret=4612, PC=0x0001090c, pc_index=16963
[EXEC] instret=4613, PC=0x00010910, pc_index=16964
[EXEC] instret=4614, PC=0x00010914, pc_index=16965
[EXEC] instret=4615, PC=0x00010918, pc_index=16966
[EXEC] instret=4616, PC=0x000109c0, pc_index=17008
[EXEC] instret=4617, PC=0x000109c4, pc_index=17009
[EXEC] instret=4618, PC=0x000109c8, pc_index=17010
[EXEC] instret=4619, PC=0x00010928, pc_index=16970
[EXEC] instret=4620, PC=0x0001092c, pc_index=16971
[EXEC] instret=4621, PC=0x00010930, pc_index=16972
[EXEC] instret=4622, PC=0x00010934, pc_index=16973
[EXEC] instret=4623, PC=0x00010938, pc_index=16974
[EXEC] instret=4624, PC=0x0001093c, pc_index=16975
[EXEC] instret=4625, PC=0x00010940, pc_index=16976
[EXEC] instret=4626, PC=0x00010944, pc_index=16977
[EXEC] instret=4627, PC=0x00010948, pc_index=16978
[EXEC] instret=4628, PC=0x0001094c, pc_index=16979
[EXEC] instret=4629, PC=0x00010950, pc_index=16980
[EXEC] instret=4630, PC=0x00010954, pc_index=16981
[EXEC] instret=4631, PC=0x0001a664, pc_index=27033
[EXEC] instret=4632, PC=0x0001a668, pc_index=27034
[EXEC] instret=4633, PC=0x0001a66c, pc_index=27035
[EXEC] instret=4634, PC=0x0001a670, pc_index=27036
[EXEC] instret=4635, PC=0x0001a674, pc_index=27037
[EXEC] instret=4636, PC=0x0001a678, pc_index=27038
[EXEC] instret=4637, PC=0x0001a67c, pc_index=27039
[EXEC] instret=4638, PC=0x0001a680, pc_index=27040
[EXEC] instret=4639, PC=0x0001a684, pc_index=27041
[EXEC] instret=4640, PC=0x00010958, pc_index=16982
[EXEC] instret=4641, PC=0x0001095c, pc_index=16983
[EXEC] instret=4642, PC=0x00010960, pc_index=16984
[EXEC] instret=4643, PC=0x00010964, pc_index=16985
[EXEC] instret=4644, PC=0x00010968, pc_index=16986
[EXEC] instret=4645, PC=0x0001096c, pc_index=16987
[EXEC] instret=4646, PC=0x00010970, pc_index=16988
[EXEC] instret=4647, PC=0x00010974, pc_index=16989
[EXEC] instret=4648, PC=0x00010978, pc_index=16990
[EXEC] instret=4649, PC=0x0001097c, pc_index=16991
[EXEC] instret=4650, PC=0x00010980, pc_index=16992
[EXEC] instret=4651, PC=0x00010984, pc_index=16993
[EXEC] instret=4652, PC=0x000109fc, pc_index=17023
[EXEC] instret=4653, PC=0x00010a00, pc_index=17024
[EXEC] instret=4654, PC=0x00010a04, pc_index=17025
[EXEC] instret=4655, PC=0x00010a08, pc_index=17026
[EXEC] instret=4656, PC=0x00010a0c, pc_index=17027
[EXEC] instret=4657, PC=0x00010a10, pc_index=17028
[EXEC] instret=4658, PC=0x0001a664, pc_index=27033
[EXEC] instret=4659, PC=0x0001a668, pc_index=27034
[EXEC] instret=4660, PC=0x0001a66c, pc_index=27035
[EXEC] instret=4661, PC=0x0001a670, pc_index=27036
[EXEC] instret=4662, PC=0x0001a674, pc_index=27037
[EXEC] instret=4663, PC=0x0001a678, pc_index=27038
[EXEC] instret=4664, PC=0x0001a68c, pc_index=27043
[EXEC] instret=4665, PC=0x00010a14, pc_index=17029
[EXEC] instret=4666, PC=0x00010a18, pc_index=17030
[EXEC] instret=4667, PC=0x00010a1c, pc_index=17031
[EXEC] instret=4668, PC=0x00010a20, pc_index=17032
[EXEC] instret=4669, PC=0x00010a24, pc_index=17033
[EXEC] instret=4670, PC=0x00010a28, pc_index=17034
[EXEC] instret=4671, PC=0x00010a2c, pc_index=17035
[EXEC] instret=4672, PC=0x00010a30, pc_index=17036
[EXEC] instret=4673, PC=0x00010a34, pc_index=17037
[EXEC] instret=4674, PC=0x00012a04, pc_index=19073
[EXEC] instret=4675, PC=0x00012a08, pc_index=19074
[EXEC] instret=4676, PC=0x00012a0c, pc_index=19075
[EXEC] instret=4677, PC=0x00012a10, pc_index=19076
[EXEC] instret=4678, PC=0x00012a14, pc_index=19077
[EXEC] instret=4679, PC=0x00012a18, pc_index=19078
[EXEC] instret=4680, PC=0x00012a1c, pc_index=19079
[EXEC] instret=4681, PC=0x00012a20, pc_index=19080
[EXEC] instret=4682, PC=0x00012a24, pc_index=19081
[EXEC] instret=4683, PC=0x00012a28, pc_index=19082
[EXEC] instret=4684, PC=0x00012a2c, pc_index=19083
[EXEC] instret=4685, PC=0x00012a30, pc_index=19084
[EXEC] instret=4686, PC=0x00012a34, pc_index=19085
[EXEC] instret=4687, PC=0x00012a38, pc_index=19086
[EXEC] instret=4688, PC=0x00015d78, pc_index=22366
[EXEC] instret=4689, PC=0x00015d7c, pc_index=22367
[EXEC] instret=4690, PC=0x00015d80, pc_index=22368
[EXEC] instret=4691, PC=0x00015d84, pc_index=22369
[EXEC] instret=4692, PC=0x00015d88, pc_index=22370
[EXEC] instret=4693, PC=0x00012a3c, pc_index=19087
[EXEC] instret=4694, PC=0x00012a40, pc_index=19088
[EXEC] instret=4695, PC=0x00012a44, pc_index=19089
[EXEC] instret=4696, PC=0x00012a48, pc_index=19090
[EXEC] instret=4697, PC=0x00012a4c, pc_index=19091
[EXEC] instret=4698, PC=0x00012a50, pc_index=19092
[EXEC] instret=4699, PC=0x00012a54, pc_index=19093
[EXEC] instret=4700, PC=0x00012a58, pc_index=19094
[EXEC] instret=4701, PC=0x00012a5c, pc_index=19095
[EXEC] instret=4702, PC=0x00012a60, pc_index=19096
[EXEC] instret=4703, PC=0x00016e80, pc_index=23456
[EXEC] instret=4704, PC=0x00016e84, pc_index=23457
[EXEC] instret=4705, PC=0x00016e88, pc_index=23458
[EXEC] instret=4706, PC=0x00016e8c, pc_index=23459
[EXEC] instret=4707, PC=0x00016e90, pc_index=23460
[EXEC] instret=4708, PC=0x00012a64, pc_index=19097
[EXEC] instret=4709, PC=0x00012a68, pc_index=19098
[EXEC] instret=4710, PC=0x00012a6c, pc_index=19099
[EXEC] instret=4711, PC=0x00012a70, pc_index=19100
[EXEC] instret=4712, PC=0x00012a74, pc_index=19101
[EXEC] instret=4713, PC=0x00012a78, pc_index=19102
[EXEC] instret=4714, PC=0x00012a7c, pc_index=19103
[EXEC] instret=4715, PC=0x00012a80, pc_index=19104
[EXEC] instret=4716, PC=0x00012a84, pc_index=19105
[EXEC] instret=4717, PC=0x0001762c, pc_index=23947
[EXEC] instret=4718, PC=0x00017630, pc_index=23948
[EXEC] instret=4719, PC=0x00017634, pc_index=23949
[EXEC] instret=4720, PC=0x00017638, pc_index=23950
[EXEC] instret=4721, PC=0x0001763c, pc_index=23951
[EXEC] instret=4722, PC=0x00017640, pc_index=23952
[EXEC] instret=4723, PC=0x00017648, pc_index=23954
[EXEC] instret=4724, PC=0x0001764c, pc_index=23955
[EXEC] instret=4725, PC=0x00017650, pc_index=23956
[EXEC] instret=4726, PC=0x00017658, pc_index=23958
[EXEC] instret=4727, PC=0x0001765c, pc_index=23959
[EXEC] instret=4728, PC=0x00017660, pc_index=23960
[EXEC] instret=4729, PC=0x00017668, pc_index=23962
[EXEC] instret=4730, PC=0x0001766c, pc_index=23963
[EXEC] instret=4731, PC=0x00017670, pc_index=23964
[EXEC] instret=4732, PC=0x00017674, pc_index=23965
[EXEC] instret=4733, PC=0x0001767c, pc_index=23967
[EXEC] instret=4734, PC=0x00017680, pc_index=23968
[EXEC] instret=4735, PC=0x00017684, pc_index=23969
[EXEC] instret=4736, PC=0x00017688, pc_index=23970
[EXEC] instret=4737, PC=0x00017690, pc_index=23972
[EXEC] instret=4738, PC=0x00017694, pc_index=23973
[EXEC] instret=4739, PC=0x00017698, pc_index=23974
[EXEC] instret=4740, PC=0x000176a0, pc_index=23976
[EXEC] instret=4741, PC=0x000176a8, pc_index=23978
[EXEC] instret=4742, PC=0x000176ac, pc_index=23979
[EXEC] instret=4743, PC=0x000176b0, pc_index=23980
[EXEC] instret=4744, PC=0x000176b4, pc_index=23981
[EXEC] instret=4745, PC=0x000176b8, pc_index=23982
[EXEC] instret=4746, PC=0x000176bc, pc_index=23983
[EXEC] instret=4747, PC=0x0001edcc, pc_index=31603
[EXEC] instret=4748, PC=0x0001edd0, pc_index=31604
[EXEC] instret=4749, PC=0x0001edd4, pc_index=31605
[EXEC] instret=4750, PC=0x0001edd8, pc_index=31606
[EXEC] instret=4751, PC=0x0001eddc, pc_index=31607
[EXEC] instret=4752, PC=0x0001ede0, pc_index=31608
[EXEC] instret=4753, PC=0x000176c0, pc_index=23984
[EXEC] instret=4754, PC=0x000176c4, pc_index=23985
[EXEC] instret=4755, PC=0x000176c8, pc_index=23986
[EXEC] instret=4756, PC=0x000176cc, pc_index=23987
[EXEC] instret=4757, PC=0x000176d0, pc_index=23988
[EXEC] instret=4758, PC=0x000176d4, pc_index=23989
[EXEC] instret=4759, PC=0x000176d8, pc_index=23990
[EXEC] instret=4760, PC=0x000176dc, pc_index=23991
[EXEC] instret=4761, PC=0x00010998, pc_index=16998
[EXEC] instret=4762, PC=0x0001099c, pc_index=16999
[EXEC] instret=4763, PC=0x000109a0, pc_index=17000
[EXEC] instret=4764, PC=0x000109a4, pc_index=17001
[EXEC] instret=4765, PC=0x000109a8, pc_index=17002
[EXEC] instret=4766, PC=0x000109ac, pc_index=17003
[EXEC] instret=4767, PC=0x000109b0, pc_index=17004
[EXEC] instret=4768, PC=0x000109b4, pc_index=17005
[EXEC] instret=4769, PC=0x000109b8, pc_index=17006
[EXEC] instret=4770, PC=0x000109bc, pc_index=17007
[EXEC] instret=4771, PC=0x000105b8, pc_index=16750
[EXEC] instret=4772, PC=0x000105bc, pc_index=16751
[EXEC] instret=4773, PC=0x000105c0, pc_index=16752
[EXEC] instret=4774, PC=0x000105c4, pc_index=16753
[EXEC] instret=4775, PC=0x000105c8, pc_index=16754
[EXEC] instret=4776, PC=0x000105cc, pc_index=16755
[EXEC] instret=4777, PC=0x000105d0, pc_index=16756
[EXEC] instret=4778, PC=0x000105d4, pc_index=16757
[EXEC] instret=4779, PC=0x000105d8, pc_index=16758
[EXEC] instret=4780, PC=0x000105dc, pc_index=16759
[EXEC] instret=4781, PC=0x000105e0, pc_index=16760
[EXEC] instret=4782, PC=0x000105e4, pc_index=16761
[FLW-ENTRY] PC=0x000105e4, instret=4782, ENABLED=true
[FLW] PC=0x000105e4, Reading x5 = 0x0001f45c, imm=0
[FLW] f25 <- mem[0x0001f45c] = 0x7f800000 (inf)
[FLW-EXIT] PC: 0x000105e4 -> 0x000105e8, instret=4783
[EXEC] instret=4783, PC=0x000105e8, pc_index=16762
[EXEC] instret=4784, PC=0x000105ec, pc_index=16763
[EXEC] instret=4785, PC=0x000105f0, pc_index=16764
[FLW-ENTRY] PC=0x000105f0, instret=4785, ENABLED=true
[FLW] PC=0x000105f0, Reading x5 = 0x0001f454, imm=0
[FLW] f26 <- mem[0x0001f454] = 0x00000000 (0)
[FLW-EXIT] PC: 0x000105f0 -> 0x000105f4, instret=4786
[EXEC] instret=4786, PC=0x000105f4, pc_index=16765
[FADD-ENTRY] PC=0x000105f4, instret=4786, ENABLED=true
[FADD] Calling handler at 0x000108d4, instruction=0x11ac8dd3
[FADD-EXIT] Jumped to handler: 0x000108d4, return_addr=0x000105f8
[EXEC] instret=4787, PC=0x000108d4, pc_index=16949
[EXEC] instret=4788, PC=0x000108d8, pc_index=16950
[EXEC] instret=4789, PC=0x000108dc, pc_index=16951
[EXEC] instret=4790, PC=0x000108e0, pc_index=16952
[EXEC] instret=4791, PC=0x000108e4, pc_index=16953
[EXEC] instret=4792, PC=0x000108e8, pc_index=16954
[EXEC] instret=4793, PC=0x000108ec, pc_index=16955
[EXEC] instret=4794, PC=0x000108f0, pc_index=16956
[EXEC] instret=4795, PC=0x000108f4, pc_index=16957
[EXEC] instret=4796, PC=0x000108f8, pc_index=16958
[EXEC] instret=4797, PC=0x000108fc, pc_index=16959
[EXEC] instret=4798, PC=0x00010900, pc_index=16960
[EXEC] instret=4799, PC=0x00010904, pc_index=16961
[EXEC] instret=4800, PC=0x00010908, pc_index=16962
[EXEC] instret=4801, PC=0x0001090c, pc_index=16963
[EXEC] instret=4802, PC=0x00010910, pc_index=16964
[EXEC] instret=4803, PC=0x00010914, pc_index=16965
[EXEC] instret=4804, PC=0x00010918, pc_index=16966
[EXEC] instret=4805, PC=0x000109c0, pc_index=17008
[EXEC] instret=4806, PC=0x000109c4, pc_index=17009
[EXEC] instret=4807, PC=0x000109c8, pc_index=17010
[EXEC] instret=4808, PC=0x00010928, pc_index=16970
[EXEC] instret=4809, PC=0x0001092c, pc_index=16971
[EXEC] instret=4810, PC=0x00010930, pc_index=16972
[EXEC] instret=4811, PC=0x00010934, pc_index=16973
[EXEC] instret=4812, PC=0x00010938, pc_index=16974
[EXEC] instret=4813, PC=0x0001093c, pc_index=16975
[EXEC] instret=4814, PC=0x00010940, pc_index=16976
[EXEC] instret=4815, PC=0x00010944, pc_index=16977
[EXEC] instret=4816, PC=0x00010948, pc_index=16978
[EXEC] instret=4817, PC=0x0001094c, pc_index=16979
[EXEC] instret=4818, PC=0x00010950, pc_index=16980
[EXEC] instret=4819, PC=0x00010954, pc_index=16981
[EXEC] instret=4820, PC=0x0001a664, pc_index=27033
[EXEC] instret=4821, PC=0x0001a668, pc_index=27034
[EXEC] instret=4822, PC=0x0001a66c, pc_index=27035
[EXEC] instret=4823, PC=0x0001a670, pc_index=27036
[EXEC] instret=4824, PC=0x0001a674, pc_index=27037
[EXEC] instret=4825, PC=0x0001a678, pc_index=27038
[EXEC] instret=4826, PC=0x0001a67c, pc_index=27039
[EXEC] instret=4827, PC=0x0001a680, pc_index=27040
[EXEC] instret=4828, PC=0x0001a684, pc_index=27041
[EXEC] instret=4829, PC=0x00010958, pc_index=16982
[EXEC] instret=4830, PC=0x0001095c, pc_index=16983
[EXEC] instret=4831, PC=0x00010960, pc_index=16984
[EXEC] instret=4832, PC=0x00010964, pc_index=16985
[EXEC] instret=4833, PC=0x00010968, pc_index=16986
[EXEC] instret=4834, PC=0x0001096c, pc_index=16987
[EXEC] instret=4835, PC=0x00010970, pc_index=16988
[EXEC] instret=4836, PC=0x00010974, pc_index=16989
[EXEC] instret=4837, PC=0x00010978, pc_index=16990
[EXEC] instret=4838, PC=0x0001097c, pc_index=16991
[EXEC] instret=4839, PC=0x00010980, pc_index=16992
[EXEC] instret=4840, PC=0x00010984, pc_index=16993
[EXEC] instret=4841, PC=0x000109fc, pc_index=17023
[EXEC] instret=4842, PC=0x00010a00, pc_index=17024
[EXEC] instret=4843, PC=0x00010a04, pc_index=17025
[EXEC] instret=4844, PC=0x00010a08, pc_index=17026
[EXEC] instret=4845, PC=0x00010a0c, pc_index=17027
[EXEC] instret=4846, PC=0x00010a10, pc_index=17028
[EXEC] instret=4847, PC=0x0001a664, pc_index=27033
[EXEC] instret=4848, PC=0x0001a668, pc_index=27034
[EXEC] instret=4849, PC=0x0001a66c, pc_index=27035
[EXEC] instret=4850, PC=0x0001a670, pc_index=27036
[EXEC] instret=4851, PC=0x0001a674, pc_index=27037
[EXEC] instret=4852, PC=0x0001a678, pc_index=27038
[EXEC] instret=4853, PC=0x0001a68c, pc_index=27043
[EXEC] instret=4854, PC=0x00010a14, pc_index=17029
[EXEC] instret=4855, PC=0x00010a18, pc_index=17030
[EXEC] instret=4856, PC=0x00010a1c, pc_index=17031
[EXEC] instret=4857, PC=0x00010a20, pc_index=17032
[EXEC] instret=4858, PC=0x00010a24, pc_index=17033
[EXEC] instret=4859, PC=0x00010a28, pc_index=17034
[EXEC] instret=4860, PC=0x00010a2c, pc_index=17035
[EXEC] instret=4861, PC=0x00010a30, pc_index=17036
[EXEC] instret=4862, PC=0x00010a34, pc_index=17037
[EXEC] instret=4863, PC=0x00012b48, pc_index=19154
[EXEC] instret=4864, PC=0x00012b4c, pc_index=19155
[EXEC] instret=4865, PC=0x00012b50, pc_index=19156
[EXEC] instret=4866, PC=0x00012b54, pc_index=19157
[EXEC] instret=4867, PC=0x00012b58, pc_index=19158
[EXEC] instret=4868, PC=0x00012b5c, pc_index=19159
[EXEC] instret=4869, PC=0x00012b60, pc_index=19160
[EXEC] instret=4870, PC=0x00012b64, pc_index=19161
[EXEC] instret=4871, PC=0x00012b68, pc_index=19162
[EXEC] instret=4872, PC=0x00012b6c, pc_index=19163
[EXEC] instret=4873, PC=0x00012b70, pc_index=19164
[EXEC] instret=4874, PC=0x00012b74, pc_index=19165
[EXEC] instret=4875, PC=0x00012b78, pc_index=19166
[EXEC] instret=4876, PC=0x00012b7c, pc_index=19167
[EXEC] instret=4877, PC=0x00016050, pc_index=22548
[EXEC] instret=4878, PC=0x00016054, pc_index=22549
[EXEC] instret=4879, PC=0x00016058, pc_index=22550
[EXEC] instret=4880, PC=0x0001605c, pc_index=22551
[EXEC] instret=4881, PC=0x00016060, pc_index=22552
[EXEC] instret=4882, PC=0x00016064, pc_index=22553
[EXEC] instret=4883, PC=0x0001606c, pc_index=22555
[EXEC] instret=4884, PC=0x00016070, pc_index=22556
[EXEC] instret=4885, PC=0x00016074, pc_index=22557
[EXEC] instret=4886, PC=0x00016078, pc_index=22558
[EXEC] instret=4887, PC=0x0001607c, pc_index=22559
[EXEC] instret=4888, PC=0x00016080, pc_index=22560
[EXEC] instret=4889, PC=0x00016084, pc_index=22561
[EXEC] instret=4890, PC=0x00012b80, pc_index=19168
[EXEC] instret=4891, PC=0x00012b84, pc_index=19169
[EXEC] instret=4892, PC=0x00012b88, pc_index=19170
[EXEC] instret=4893, PC=0x00012b8c, pc_index=19171
[EXEC] instret=4894, PC=0x00012b90, pc_index=19172
[EXEC] instret=4895, PC=0x00012b94, pc_index=19173
[EXEC] instret=4896, PC=0x000162b0, pc_index=22700
[EXEC] instret=4897, PC=0x000162b4, pc_index=22701
[EXEC] instret=4898, PC=0x000162b8, pc_index=22702
[EXEC] instret=4899, PC=0x000162bc, pc_index=22703
[EXEC] instret=4900, PC=0x000162c0, pc_index=22704
[EXEC] instret=4901, PC=0x000162c4, pc_index=22705
[EXEC] instret=4902, PC=0x000162c8, pc_index=22706
[EXEC] instret=4903, PC=0x00012b98, pc_index=19174
[EXEC] instret=4904, PC=0x00012b9c, pc_index=19175
[EXEC] instret=4905, PC=0x00012ba0, pc_index=19176
[EXEC] instret=4906, PC=0x00012ba4, pc_index=19177
[EXEC] instret=4907, PC=0x00012ba8, pc_index=19178
[EXEC] instret=4908, PC=0x00012bac, pc_index=19179
[EXEC] instret=4909, PC=0x000164c4, pc_index=22833
[EXEC] instret=4910, PC=0x000164c8, pc_index=22834
[EXEC] instret=4911, PC=0x000164cc, pc_index=22835
[EXEC] instret=4912, PC=0x000164d0, pc_index=22836
[EXEC] instret=4913, PC=0x000164d4, pc_index=22837
[EXEC] instret=4914, PC=0x00012bb0, pc_index=19180
[EXEC] instret=4915, PC=0x00012bb4, pc_index=19181
[EXEC] instret=4916, PC=0x00012bb8, pc_index=19182
[EXEC] instret=4917, PC=0x00012bbc, pc_index=19183
[EXEC] instret=4918, PC=0x00012bc0, pc_index=19184
[EXEC] instret=4919, PC=0x00012bc4, pc_index=19185
[EXEC] instret=4920, PC=0x00012bc8, pc_index=19186
[EXEC] instret=4921, PC=0x00012bcc, pc_index=19187
[EXEC] instret=4922, PC=0x00012bd0, pc_index=19188
[EXEC] instret=4923, PC=0x00012bd8, pc_index=19190
[EXEC] instret=4924, PC=0x00012bdc, pc_index=19191
[EXEC] instret=4925, PC=0x00012be0, pc_index=19192
[EXEC] instret=4926, PC=0x00012be4, pc_index=19193
[EXEC] instret=4927, PC=0x00012be8, pc_index=19194
[EXEC] instret=4928, PC=0x00012bec, pc_index=19195
[EXEC] instret=4929, PC=0x00012bf0, pc_index=19196
[EXEC] instret=4930, PC=0x00012bf4, pc_index=19197
[EXEC] instret=4931, PC=0x00012c24, pc_index=19209
[EXEC] instret=4932, PC=0x00012c28, pc_index=19210
[EXEC] instret=4933, PC=0x00012c2c, pc_index=19211
[EXEC] instret=4934, PC=0x00012c30, pc_index=19212
[EXEC] instret=4935, PC=0x00012c34, pc_index=19213
[EXEC] instret=4936, PC=0x00012c38, pc_index=19214
[EXEC] instret=4937, PC=0x00012c3c, pc_index=19215
[EXEC] instret=4938, PC=0x00012c40, pc_index=19216
[EXEC] instret=4939, PC=0x00012c44, pc_index=19217
[EXEC] instret=4940, PC=0x00012c48, pc_index=19218
[EXEC] instret=4941, PC=0x00012c4c, pc_index=19219
[EXEC] instret=4942, PC=0x00012c50, pc_index=19220
[EXEC] instret=4943, PC=0x00012c54, pc_index=19221
[EXEC] instret=4944, PC=0x00012c58, pc_index=19222
[EXEC] instret=4945, PC=0x00012c5c, pc_index=19223
[EXEC] instret=4946, PC=0x00012c60, pc_index=19224
[EXEC] instret=4947, PC=0x00012c64, pc_index=19225
[EXEC] instret=4948, PC=0x00012c68, pc_index=19226
[EXEC] instret=4949, PC=0x00012c6c, pc_index=19227
[EXEC] instret=4950, PC=0x00012c70, pc_index=19228
[EXEC] instret=4951, PC=0x00019e94, pc_index=26533
[EXEC] instret=4952, PC=0x00019e98, pc_index=26534
[EXEC] instret=4953, PC=0x00019e9c, pc_index=26535
[EXEC] instret=4954, PC=0x00019ea0, pc_index=26536
[EXEC] instret=4955, PC=0x00019ea4, pc_index=26537
[EXEC] instret=4956, PC=0x00019ea8, pc_index=26538
[EXEC] instret=4957, PC=0x0001edcc, pc_index=31603
[EXEC] instret=4958, PC=0x0001edd0, pc_index=31604
[EXEC] instret=4959, PC=0x0001edd4, pc_index=31605
[EXEC] instret=4960, PC=0x0001edd8, pc_index=31606
[EXEC] instret=4961, PC=0x0001eddc, pc_index=31607
[EXEC] instret=4962, PC=0x0001ede0, pc_index=31608
[EXEC] instret=4963, PC=0x00019eac, pc_index=26539
[EXEC] instret=4964, PC=0x00019eb0, pc_index=26540
[EXEC] instret=4965, PC=0x00019eb4, pc_index=26541
[EXEC] instret=4966, PC=0x00019eb8, pc_index=26542
[EXEC] instret=4967, PC=0x00019ebc, pc_index=26543
[EXEC] instret=4968, PC=0x00019ec0, pc_index=26544
[EXEC] instret=4969, PC=0x00019ec4, pc_index=26545
[EXEC] instret=4970, PC=0x00019ec8, pc_index=26546
[EXEC] instret=4971, PC=0x00010998, pc_index=16998
[EXEC] instret=4972, PC=0x0001099c, pc_index=16999
[EXEC] instret=4973, PC=0x000109a0, pc_index=17000
[EXEC] instret=4974, PC=0x000109a4, pc_index=17001
[EXEC] instret=4975, PC=0x000109a8, pc_index=17002
[EXEC] instret=4976, PC=0x000109ac, pc_index=17003
[EXEC] instret=4977, PC=0x000109b0, pc_index=17004
[EXEC] instret=4978, PC=0x000109b4, pc_index=17005
[EXEC] instret=4979, PC=0x000109b8, pc_index=17006
[EXEC] instret=4980, PC=0x000109bc, pc_index=17007
[EXEC] instret=4981, PC=0x000105f8, pc_index=16766
[EXEC] instret=4982, PC=0x000105fc, pc_index=16767
[EXEC] instret=4983, PC=0x00010600, pc_index=16768
[EXEC] instret=4984, PC=0x00010604, pc_index=16769
[EXEC] instret=4985, PC=0x00010608, pc_index=16770
[EXEC] instret=4986, PC=0x0001060c, pc_index=16771
[EXEC] instret=4987, PC=0x00010610, pc_index=16772
[EXEC] instret=4988, PC=0x00010614, pc_index=16773
[EXEC] instret=4989, PC=0x00010618, pc_index=16774
[EXEC] instret=4990, PC=0x0001061c, pc_index=16775
[EXEC] instret=4991, PC=0x00010620, pc_index=16776
[EXEC] instret=4992, PC=0x00010624, pc_index=16777
[FLW-ENTRY] PC=0x00010624, instret=4992, ENABLED=true
[FLW] PC=0x00010624, Reading x5 = 0x0001f440, imm=0
[FLW] f25 <- mem[0x0001f440] = 0x3f800000 (1)
[FLW-EXIT] PC: 0x00010624 -> 0x00010628, instret=4993
[EXEC] instret=4993, PC=0x00010628, pc_index=16778
[EXEC] instret=4994, PC=0x0001062c, pc_index=16779
[EXEC] instret=4995, PC=0x00010630, pc_index=16780
[FLW-ENTRY] PC=0x00010630, instret=4995, ENABLED=true
[FLW] PC=0x00010630, Reading x5 = 0x0001f454, imm=0
[FLW] f26 <- mem[0x0001f454] = 0x00000000 (0)
[FLW-EXIT] PC: 0x00010630 -> 0x00010634, instret=4996
[EXEC] instret=4996, PC=0x00010634, pc_index=16781
[FADD-ENTRY] PC=0x00010634, instret=4996, ENABLED=true
[FADD] Calling handler at 0x000108d4, instruction=0x19ac8dd3
[FADD-EXIT] Jumped to handler: 0x000108d4, return_addr=0x00010638
[EXEC] instret=4997, PC=0x000108d4, pc_index=16949
[EXEC] instret=4998, PC=0x000108d8, pc_index=16950
[EXEC] instret=4999, PC=0x000108dc, pc_index=16951
[EXEC] instret=5000, PC=0x000108e0, pc_index=16952
[EXEC] instret=5001, PC=0x000108e4, pc_index=16953
[EXEC] instret=5002, PC=0x000108e8, pc_index=16954
[EXEC] instret=5003, PC=0x000108ec, pc_index=16955
[EXEC] instret=5004, PC=0x000108f0, pc_index=16956
[EXEC] instret=5005, PC=0x000108f4, pc_index=16957
[EXEC] instret=5006, PC=0x000108f8, pc_index=16958
[EXEC] instret=5007, PC=0x000108fc, pc_index=16959
[EXEC] instret=5008, PC=0x00010900, pc_index=16960
[EXEC] instret=5009, PC=0x00010904, pc_index=16961
[EXEC] instret=5010, PC=0x00010908, pc_index=16962
[EXEC] instret=5011, PC=0x0001090c, pc_index=16963
[EXEC] instret=5012, PC=0x00010910, pc_index=16964
[EXEC] instret=5013, PC=0x00010914, pc_index=16965
[EXEC] instret=5014, PC=0x00010918, pc_index=16966
[EXEC] instret=5015, PC=0x000109c0, pc_index=17008
[EXEC] instret=5016, PC=0x000109c4, pc_index=17009
[EXEC] instret=5017, PC=0x000109c8, pc_index=17010
[EXEC] instret=5018, PC=0x00010928, pc_index=16970
[EXEC] instret=5019, PC=0x0001092c, pc_index=16971
[EXEC] instret=5020, PC=0x00010930, pc_index=16972
[EXEC] instret=5021, PC=0x00010934, pc_index=16973
[EXEC] instret=5022, PC=0x00010938, pc_index=16974
[EXEC] instret=5023, PC=0x0001093c, pc_index=16975
[EXEC] instret=5024, PC=0x00010940, pc_index=16976
[EXEC] instret=5025, PC=0x00010944, pc_index=16977
[EXEC] instret=5026, PC=0x00010948, pc_index=16978
[EXEC] instret=5027, PC=0x0001094c, pc_index=16979
[EXEC] instret=5028, PC=0x00010950, pc_index=16980
[EXEC] instret=5029, PC=0x00010954, pc_index=16981
[EXEC] instret=5030, PC=0x0001a664, pc_index=27033
[EXEC] instret=5031, PC=0x0001a668, pc_index=27034
[EXEC] instret=5032, PC=0x0001a66c, pc_index=27035
[EXEC] instret=5033, PC=0x0001a670, pc_index=27036
[EXEC] instret=5034, PC=0x0001a674, pc_index=27037
[EXEC] instret=5035, PC=0x0001a678, pc_index=27038
[EXEC] instret=5036, PC=0x0001a67c, pc_index=27039
[EXEC] instret=5037, PC=0x0001a680, pc_index=27040
[EXEC] instret=5038, PC=0x0001a684, pc_index=27041
[EXEC] instret=5039, PC=0x00010958, pc_index=16982
[EXEC] instret=5040, PC=0x0001095c, pc_index=16983
[EXEC] instret=5041, PC=0x00010960, pc_index=16984
[EXEC] instret=5042, PC=0x00010964, pc_index=16985
[EXEC] instret=5043, PC=0x00010968, pc_index=16986
[EXEC] instret=5044, PC=0x0001096c, pc_index=16987
[EXEC] instret=5045, PC=0x00010970, pc_index=16988
[EXEC] instret=5046, PC=0x00010974, pc_index=16989
[EXEC] instret=5047, PC=0x00010978, pc_index=16990
[EXEC] instret=5048, PC=0x0001097c, pc_index=16991
[EXEC] instret=5049, PC=0x00010980, pc_index=16992
[EXEC] instret=5050, PC=0x00010984, pc_index=16993
[EXEC] instret=5051, PC=0x000109fc, pc_index=17023
[EXEC] instret=5052, PC=0x00010a00, pc_index=17024
[EXEC] instret=5053, PC=0x00010a04, pc_index=17025
[EXEC] instret=5054, PC=0x00010a08, pc_index=17026
[EXEC] instret=5055, PC=0x00010a0c, pc_index=17027
[EXEC] instret=5056, PC=0x00010a10, pc_index=17028
[EXEC] instret=5057, PC=0x0001a664, pc_index=27033
[EXEC] instret=5058, PC=0x0001a668, pc_index=27034
[EXEC] instret=5059, PC=0x0001a66c, pc_index=27035
[EXEC] instret=5060, PC=0x0001a670, pc_index=27036
[EXEC] instret=5061, PC=0x0001a674, pc_index=27037
[EXEC] instret=5062, PC=0x0001a678, pc_index=27038
[EXEC] instret=5063, PC=0x0001a68c, pc_index=27043
[EXEC] instret=5064, PC=0x00010a14, pc_index=17029
[EXEC] instret=5065, PC=0x00010a18, pc_index=17030
[EXEC] instret=5066, PC=0x00010a1c, pc_index=17031
[EXEC] instret=5067, PC=0x00010a20, pc_index=17032
[EXEC] instret=5068, PC=0x00010a24, pc_index=17033
[EXEC] instret=5069, PC=0x00010a28, pc_index=17034
[EXEC] instret=5070, PC=0x00010a2c, pc_index=17035
[EXEC] instret=5071, PC=0x00010a30, pc_index=17036
[EXEC] instret=5072, PC=0x00010a34, pc_index=17037
[EXEC] instret=5073, PC=0x000125e4, pc_index=18809
[EXEC] instret=5074, PC=0x000125e8, pc_index=18810
[EXEC] instret=5075, PC=0x000125ec, pc_index=18811
[EXEC] instret=5076, PC=0x000125f0, pc_index=18812
[EXEC] instret=5077, PC=0x000125f4, pc_index=18813
[EXEC] instret=5078, PC=0x000125f8, pc_index=18814
[EXEC] instret=5079, PC=0x000125fc, pc_index=18815
[EXEC] instret=5080, PC=0x00012600, pc_index=18816
[EXEC] instret=5081, PC=0x00012604, pc_index=18817
[EXEC] instret=5082, PC=0x00012608, pc_index=18818
[EXEC] instret=5083, PC=0x0001260c, pc_index=18819
[EXEC] instret=5084, PC=0x00012610, pc_index=18820
[EXEC] instret=5085, PC=0x00012614, pc_index=18821
[EXEC] instret=5086, PC=0x00012618, pc_index=18822
[EXEC] instret=5087, PC=0x00012660, pc_index=18840
[EXEC] instret=5088, PC=0x00012664, pc_index=18841
[EXEC] instret=5089, PC=0x00012668, pc_index=18842
[EXEC] instret=5090, PC=0x0001266c, pc_index=18843
[EXEC] instret=5091, PC=0x00012670, pc_index=18844
[EXEC] instret=5092, PC=0x00012678, pc_index=18846
[EXEC] instret=5093, PC=0x0001267c, pc_index=18847
[EXEC] instret=5094, PC=0x00012680, pc_index=18848
[EXEC] instret=5095, PC=0x00012684, pc_index=18849
[EXEC] instret=5096, PC=0x00012688, pc_index=18850
[EXEC] instret=5097, PC=0x00012690, pc_index=18852
[EXEC] instret=5098, PC=0x00012694, pc_index=18853
[EXEC] instret=5099, PC=0x00012698, pc_index=18854
[EXEC] instret=5100, PC=0x0001269c, pc_index=18855
[EXEC] instret=5101, PC=0x000126a0, pc_index=18856
[EXEC] instret=5102, PC=0x000126a8, pc_index=18858
[EXEC] instret=5103, PC=0x000126ac, pc_index=18859
[EXEC] instret=5104, PC=0x000126b0, pc_index=18860
[EXEC] instret=5105, PC=0x000126b4, pc_index=18861
[EXEC] instret=5106, PC=0x000126b8, pc_index=18862
[EXEC] instret=5107, PC=0x000126bc, pc_index=18863
[EXEC] instret=5108, PC=0x000126c0, pc_index=18864
[EXEC] instret=5109, PC=0x000126c4, pc_index=18865
[EXEC] instret=5110, PC=0x000126c8, pc_index=18866
[EXEC] instret=5111, PC=0x000126d0, pc_index=18868
[EXEC] instret=5112, PC=0x000126d4, pc_index=18869
[EXEC] instret=5113, PC=0x000126d8, pc_index=18870
[EXEC] instret=5114, PC=0x000126dc, pc_index=18871
[EXEC] instret=5115, PC=0x000126e0, pc_index=18872
[EXEC] instret=5116, PC=0x00012710, pc_index=18884
[EXEC] instret=5117, PC=0x00012714, pc_index=18885
[EXEC] instret=5118, PC=0x00012718, pc_index=18886
[EXEC] instret=5119, PC=0x0001271c, pc_index=18887
[EXEC] instret=5120, PC=0x00012720, pc_index=18888
[EXEC] instret=5121, PC=0x00012724, pc_index=18889
[EXEC] instret=5122, PC=0x00012728, pc_index=18890
[EXEC] instret=5123, PC=0x0001a664, pc_index=27033
[EXEC] instret=5124, PC=0x0001a668, pc_index=27034
[EXEC] instret=5125, PC=0x0001a66c, pc_index=27035
[EXEC] instret=5126, PC=0x0001a670, pc_index=27036
[EXEC] instret=5127, PC=0x0001a674, pc_index=27037
[EXEC] instret=5128, PC=0x0001a678, pc_index=27038
[EXEC] instret=5129, PC=0x0001a68c, pc_index=27043
[EXEC] instret=5130, PC=0x0001272c, pc_index=18891
[EXEC] instret=5131, PC=0x00012730, pc_index=18892
[EXEC] instret=5132, PC=0x00012738, pc_index=18894
[EXEC] instret=5133, PC=0x0001273c, pc_index=18895
[EXEC] instret=5134, PC=0x00012740, pc_index=18896
[EXEC] instret=5135, PC=0x00012744, pc_index=18897
[EXEC] instret=5136, PC=0x00012748, pc_index=18898
[EXEC] instret=5137, PC=0x0001274c, pc_index=18899
[EXEC] instret=5138, PC=0x00012750, pc_index=18900
[EXEC] instret=5139, PC=0x00013c84, pc_index=20257
[EXEC] instret=5140, PC=0x00013c88, pc_index=20258
[EXEC] instret=5141, PC=0x00013c8c, pc_index=20259
[EXEC] instret=5142, PC=0x00013c10, pc_index=20228
[EXEC] instret=5143, PC=0x00013c14, pc_index=20229
[EXEC] instret=5144, PC=0x00013c18, pc_index=20230
[EXEC] instret=5145, PC=0x00013c1c, pc_index=20231
[EXEC] instret=5146, PC=0x00013c20, pc_index=20232
[EXEC] instret=5147, PC=0x00013c24, pc_index=20233
[EXEC] instret=5148, PC=0x0001a6b0, pc_index=27052
[EXEC] instret=5149, PC=0x0001a6b4, pc_index=27053
[EXEC] instret=5150, PC=0x0001a6b8, pc_index=27054
[EXEC] instret=5151, PC=0x0001a6bc, pc_index=27055
[EXEC] instret=5152, PC=0x0001a6c0, pc_index=27056
[EXEC] instret=5153, PC=0x0001a6c4, pc_index=27057
[EXEC] instret=5154, PC=0x0001a6c8, pc_index=27058
[EXEC] instret=5155, PC=0x0001a6cc, pc_index=27059
[EXEC] instret=5156, PC=0x0001a6d0, pc_index=27060
[EXEC] instret=5157, PC=0x0001a6d4, pc_index=27061
[EXEC] instret=5158, PC=0x0001a6d8, pc_index=27062
[EXEC] instret=5159, PC=0x0001a6dc, pc_index=27063
[EXEC] instret=5160, PC=0x0001a6e0, pc_index=27064
[EXEC] instret=5161, PC=0x0001a6e4, pc_index=27065
[EXEC] instret=5162, PC=0x0001a6e8, pc_index=27066
[EXEC] instret=5163, PC=0x0001a6ec, pc_index=27067
[EXEC] instret=5164, PC=0x0001a6f0, pc_index=27068
[EXEC] instret=5165, PC=0x0001a6f4, pc_index=27069
[EXEC] instret=5166, PC=0x0001a6f8, pc_index=27070
[EXEC] instret=5167, PC=0x0001a6fc, pc_index=27071
[EXEC] instret=5168, PC=0x0001a700, pc_index=27072
[EXEC] instret=5169, PC=0x0001a704, pc_index=27073
[EXEC] instret=5170, PC=0x0001a708, pc_index=27074
[EXEC] instret=5171, PC=0x0001a70c, pc_index=27075
[EXEC] instret=5172, PC=0x0001a84c, pc_index=27155
[EXEC] instret=5173, PC=0x0001a850, pc_index=27156
[EXEC] instret=5174, PC=0x0001edcc, pc_index=31603
[EXEC] instret=5175, PC=0x0001edd0, pc_index=31604
[EXEC] instret=5176, PC=0x0001edd4, pc_index=31605
[EXEC] instret=5177, PC=0x0001edd8, pc_index=31606
[EXEC] instret=5178, PC=0x0001eddc, pc_index=31607
[EXEC] instret=5179, PC=0x0001ede0, pc_index=31608
[EXEC] instret=5180, PC=0x0001a854, pc_index=27157
[EXEC] instret=5181, PC=0x0001a858, pc_index=27158
[EXEC] instret=5182, PC=0x0001a85c, pc_index=27159
[EXEC] instret=5183, PC=0x0001a860, pc_index=27160
[EXEC] instret=5184, PC=0x0001a864, pc_index=27161
[EXEC] instret=5185, PC=0x0001a868, pc_index=27162
[EXEC] instret=5186, PC=0x0001a86c, pc_index=27163
[EXEC] instret=5187, PC=0x0001a870, pc_index=27164
[EXEC] instret=5188, PC=0x0001a874, pc_index=27165
[EXEC] instret=5189, PC=0x0001a878, pc_index=27166
[EXEC] instret=5190, PC=0x0001a87c, pc_index=27167
[EXEC] instret=5191, PC=0x0001a880, pc_index=27168
[EXEC] instret=5192, PC=0x00013c28, pc_index=20234
[EXEC] instret=5193, PC=0x00013c2c, pc_index=20235
[EXEC] instret=5194, PC=0x00013c30, pc_index=20236
[EXEC] instret=5195, PC=0x00013c34, pc_index=20237
[EXEC] instret=5196, PC=0x00013c38, pc_index=20238
[EXEC] instret=5197, PC=0x00013c3c, pc_index=20239
[EXEC] instret=5198, PC=0x00013c40, pc_index=20240
[EXEC] instret=5199, PC=0x00013c44, pc_index=20241
[EXEC] instret=5200, PC=0x00013c48, pc_index=20242
[EXEC] instret=5201, PC=0x00013c4c, pc_index=20243
[EXEC] instret=5202, PC=0x00013c50, pc_index=20244
[EXEC] instret=5203, PC=0x00010998, pc_index=16998
[EXEC] instret=5204, PC=0x0001099c, pc_index=16999
[EXEC] instret=5205, PC=0x000109a0, pc_index=17000
[EXEC] instret=5206, PC=0x000109a4, pc_index=17001
[EXEC] instret=5207, PC=0x000109a8, pc_index=17002
[EXEC] instret=5208, PC=0x000109ac, pc_index=17003
[EXEC] instret=5209, PC=0x000109b0, pc_index=17004
[EXEC] instret=5210, PC=0x000109b4, pc_index=17005
[EXEC] instret=5211, PC=0x000109b8, pc_index=17006
[EXEC] instret=5212, PC=0x000109bc, pc_index=17007
[EXEC] instret=5213, PC=0x00010638, pc_index=16782
[EXEC] instret=5214, PC=0x0001063c, pc_index=16783
[EXEC] instret=5215, PC=0x00010640, pc_index=16784
[EXEC] instret=5216, PC=0x00010644, pc_index=16785
[EXEC] instret=5217, PC=0x00010648, pc_index=16786
[EXEC] instret=5218, PC=0x0001064c, pc_index=16787
[EXEC] instret=5219, PC=0x00010650, pc_index=16788
[FLW-ENTRY] PC=0x00010650, instret=5219, ENABLED=true
[FLW] PC=0x00010650, Reading x2 = 0x00080000, imm=0
[FLW] f25 <- mem[0x00080000] = 0xbf800000 (-1)
[FLW-EXIT] PC: 0x00010650 -> 0x00010654, instret=5220
[EXEC] instret=5220, PC=0x00010654, pc_index=16789
[EXEC] instret=5221, PC=0x00010658, pc_index=16790
[EXEC] instret=5222, PC=0x0001065c, pc_index=16791
[FLW-ENTRY] PC=0x0001065c, instret=5222, ENABLED=true
[FLW] PC=0x0001065c, Reading x5 = 0x0001f454, imm=0
[FLW] f26 <- mem[0x0001f454] = 0x00000000 (0)
[FLW-EXIT] PC: 0x0001065c -> 0x00010660, instret=5223
[EXEC] instret=5223, PC=0x00010660, pc_index=16792
[FADD-ENTRY] PC=0x00010660, instret=5223, ENABLED=true
[FADD] Calling handler at 0x000108d4, instruction=0x19ac8dd3
[FADD-EXIT] Jumped to handler: 0x000108d4, return_addr=0x00010664
[EXEC] instret=5224, PC=0x000108d4, pc_index=16949
[EXEC] instret=5225, PC=0x000108d8, pc_index=16950
[EXEC] instret=5226, PC=0x000108dc, pc_index=16951
[EXEC] instret=5227, PC=0x000108e0, pc_index=16952
[EXEC] instret=5228, PC=0x000108e4, pc_index=16953
[EXEC] instret=5229, PC=0x000108e8, pc_index=16954
[EXEC] instret=5230, PC=0x000108ec, pc_index=16955
[EXEC] instret=5231, PC=0x000108f0, pc_index=16956
[EXEC] instret=5232, PC=0x000108f4, pc_index=16957
[EXEC] instret=5233, PC=0x000108f8, pc_index=16958
[EXEC] instret=5234, PC=0x000108fc, pc_index=16959
[EXEC] instret=5235, PC=0x00010900, pc_index=16960
[EXEC] instret=5236, PC=0x00010904, pc_index=16961
[EXEC] instret=5237, PC=0x00010908, pc_index=16962
[EXEC] instret=5238, PC=0x0001090c, pc_index=16963
[EXEC] instret=5239, PC=0x00010910, pc_index=16964
[EXEC] instret=5240, PC=0x00010914, pc_index=16965
[EXEC] instret=5241, PC=0x00010918, pc_index=16966
[EXEC] instret=5242, PC=0x000109c0, pc_index=17008
[EXEC] instret=5243, PC=0x000109c4, pc_index=17009
[EXEC] instret=5244, PC=0x000109c8, pc_index=17010
[EXEC] instret=5245, PC=0x00010928, pc_index=16970
[EXEC] instret=5246, PC=0x0001092c, pc_index=16971
[EXEC] instret=5247, PC=0x00010930, pc_index=16972
[EXEC] instret=5248, PC=0x00010934, pc_index=16973
[EXEC] instret=5249, PC=0x00010938, pc_index=16974
[EXEC] instret=5250, PC=0x0001093c, pc_index=16975
[EXEC] instret=5251, PC=0x00010940, pc_index=16976
[EXEC] instret=5252, PC=0x00010944, pc_index=16977
[EXEC] instret=5253, PC=0x00010948, pc_index=16978
[EXEC] instret=5254, PC=0x0001094c, pc_index=16979
[EXEC] instret=5255, PC=0x00010950, pc_index=16980
[EXEC] instret=5256, PC=0x00010954, pc_index=16981
[EXEC] instret=5257, PC=0x0001a664, pc_index=27033
[EXEC] instret=5258, PC=0x0001a668, pc_index=27034
[EXEC] instret=5259, PC=0x0001a66c, pc_index=27035
[EXEC] instret=5260, PC=0x0001a670, pc_index=27036
[EXEC] instret=5261, PC=0x0001a674, pc_index=27037
[EXEC] instret=5262, PC=0x0001a678, pc_index=27038
[EXEC] instret=5263, PC=0x0001a67c, pc_index=27039
[EXEC] instret=5264, PC=0x0001a680, pc_index=27040
[EXEC] instret=5265, PC=0x0001a684, pc_index=27041
[EXEC] instret=5266, PC=0x00010958, pc_index=16982
[EXEC] instret=5267, PC=0x0001095c, pc_index=16983
[EXEC] instret=5268, PC=0x00010960, pc_index=16984
[EXEC] instret=5269, PC=0x00010964, pc_index=16985
[EXEC] instret=5270, PC=0x00010968, pc_index=16986
[EXEC] instret=5271, PC=0x0001096c, pc_index=16987
[EXEC] instret=5272, PC=0x00010970, pc_index=16988
[EXEC] instret=5273, PC=0x00010974, pc_index=16989
[EXEC] instret=5274, PC=0x00010978, pc_index=16990
[EXEC] instret=5275, PC=0x0001097c, pc_index=16991
[EXEC] instret=5276, PC=0x00010980, pc_index=16992
[EXEC] instret=5277, PC=0x00010984, pc_index=16993
[EXEC] instret=5278, PC=0x000109fc, pc_index=17023
[EXEC] instret=5279, PC=0x00010a00, pc_index=17024
[EXEC] instret=5280, PC=0x00010a04, pc_index=17025
[EXEC] instret=5281, PC=0x00010a08, pc_index=17026
[EXEC] instret=5282, PC=0x00010a0c, pc_index=17027
[EXEC] instret=5283, PC=0x00010a10, pc_index=17028
[EXEC] instret=5284, PC=0x0001a664, pc_index=27033
[EXEC] instret=5285, PC=0x0001a668, pc_index=27034
[EXEC] instret=5286, PC=0x0001a66c, pc_index=27035
[EXEC] instret=5287, PC=0x0001a670, pc_index=27036
[EXEC] instret=5288, PC=0x0001a674, pc_index=27037
[EXEC] instret=5289, PC=0x0001a678, pc_index=27038
[EXEC] instret=5290, PC=0x0001a68c, pc_index=27043
[EXEC] instret=5291, PC=0x00010a14, pc_index=17029
[EXEC] instret=5292, PC=0x00010a18, pc_index=17030
[EXEC] instret=5293, PC=0x00010a1c, pc_index=17031
[EXEC] instret=5294, PC=0x00010a20, pc_index=17032
[EXEC] instret=5295, PC=0x00010a24, pc_index=17033
[EXEC] instret=5296, PC=0x00010a28, pc_index=17034
[EXEC] instret=5297, PC=0x00010a2c, pc_index=17035
[EXEC] instret=5298, PC=0x00010a30, pc_index=17036
[EXEC] instret=5299, PC=0x00010a34, pc_index=17037
[EXEC] instret=5300, PC=0x000125e4, pc_index=18809
[EXEC] instret=5301, PC=0x000125e8, pc_index=18810
[EXEC] instret=5302, PC=0x000125ec, pc_index=18811
[EXEC] instret=5303, PC=0x000125f0, pc_index=18812
[EXEC] instret=5304, PC=0x000125f4, pc_index=18813
[EXEC] instret=5305, PC=0x000125f8, pc_index=18814
[EXEC] instret=5306, PC=0x000125fc, pc_index=18815
[EXEC] instret=5307, PC=0x00012600, pc_index=18816
[EXEC] instret=5308, PC=0x00012604, pc_index=18817
[EXEC] instret=5309, PC=0x00012608, pc_index=18818
[EXEC] instret=5310, PC=0x0001260c, pc_index=18819
[EXEC] instret=5311, PC=0x00012610, pc_index=18820
[EXEC] instret=5312, PC=0x00012614, pc_index=18821
[EXEC] instret=5313, PC=0x00012618, pc_index=18822
[EXEC] instret=5314, PC=0x00012660, pc_index=18840
[EXEC] instret=5315, PC=0x00012664, pc_index=18841
[EXEC] instret=5316, PC=0x00012668, pc_index=18842
[EXEC] instret=5317, PC=0x0001266c, pc_index=18843
[EXEC] instret=5318, PC=0x00012670, pc_index=18844
[EXEC] instret=5319, PC=0x00012678, pc_index=18846
[EXEC] instret=5320, PC=0x0001267c, pc_index=18847
[EXEC] instret=5321, PC=0x00012680, pc_index=18848
[EXEC] instret=5322, PC=0x00012684, pc_index=18849
[EXEC] instret=5323, PC=0x00012688, pc_index=18850
[EXEC] instret=5324, PC=0x00012690, pc_index=18852
[EXEC] instret=5325, PC=0x00012694, pc_index=18853
[EXEC] instret=5326, PC=0x00012698, pc_index=18854
[EXEC] instret=5327, PC=0x0001269c, pc_index=18855
[EXEC] instret=5328, PC=0x000126a0, pc_index=18856
[EXEC] instret=5329, PC=0x000126a8, pc_index=18858
[EXEC] instret=5330, PC=0x000126ac, pc_index=18859
[EXEC] instret=5331, PC=0x000126b0, pc_index=18860
[EXEC] instret=5332, PC=0x000126b4, pc_index=18861
[EXEC] instret=5333, PC=0x000126b8, pc_index=18862
[EXEC] instret=5334, PC=0x000126bc, pc_index=18863
[EXEC] instret=5335, PC=0x000126c0, pc_index=18864
[EXEC] instret=5336, PC=0x000126c4, pc_index=18865
[EXEC] instret=5337, PC=0x000126c8, pc_index=18866
[EXEC] instret=5338, PC=0x000126d0, pc_index=18868
[EXEC] instret=5339, PC=0x000126d4, pc_index=18869
[EXEC] instret=5340, PC=0x000126d8, pc_index=18870
[EXEC] instret=5341, PC=0x000126dc, pc_index=18871
[EXEC] instret=5342, PC=0x000126e0, pc_index=18872
[EXEC] instret=5343, PC=0x00012710, pc_index=18884
[EXEC] instret=5344, PC=0x00012714, pc_index=18885
[EXEC] instret=5345, PC=0x00012718, pc_index=18886
[EXEC] instret=5346, PC=0x0001271c, pc_index=18887
[EXEC] instret=5347, PC=0x00012720, pc_index=18888
[EXEC] instret=5348, PC=0x00012724, pc_index=18889
[EXEC] instret=5349, PC=0x00012728, pc_index=18890
[EXEC] instret=5350, PC=0x0001a664, pc_index=27033
[EXEC] instret=5351, PC=0x0001a668, pc_index=27034
[EXEC] instret=5352, PC=0x0001a66c, pc_index=27035
[EXEC] instret=5353, PC=0x0001a670, pc_index=27036
[EXEC] instret=5354, PC=0x0001a674, pc_index=27037
[EXEC] instret=5355, PC=0x0001a678, pc_index=27038
[EXEC] instret=5356, PC=0x0001a68c, pc_index=27043
[EXEC] instret=5357, PC=0x0001272c, pc_index=18891
[EXEC] instret=5358, PC=0x00012730, pc_index=18892
[EXEC] instret=5359, PC=0x00012738, pc_index=18894
[EXEC] instret=5360, PC=0x0001273c, pc_index=18895
[EXEC] instret=5361, PC=0x00012740, pc_index=18896
[EXEC] instret=5362, PC=0x00012744, pc_index=18897
[EXEC] instret=5363, PC=0x00012748, pc_index=18898
[EXEC] instret=5364, PC=0x0001274c, pc_index=18899
[EXEC] instret=5365, PC=0x00012750, pc_index=18900
[EXEC] instret=5366, PC=0x00013c84, pc_index=20257
[EXEC] instret=5367, PC=0x00013c88, pc_index=20258
[EXEC] instret=5368, PC=0x00013c8c, pc_index=20259
[EXEC] instret=5369, PC=0x00013c10, pc_index=20228
[EXEC] instret=5370, PC=0x00013c14, pc_index=20229
[EXEC] instret=5371, PC=0x00013c18, pc_index=20230
[EXEC] instret=5372, PC=0x00013c1c, pc_index=20231
[EXEC] instret=5373, PC=0x00013c20, pc_index=20232
[EXEC] instret=5374, PC=0x00013c24, pc_index=20233
[EXEC] instret=5375, PC=0x0001a6b0, pc_index=27052
[EXEC] instret=5376, PC=0x0001a6b4, pc_index=27053
[EXEC] instret=5377, PC=0x0001a6b8, pc_index=27054
[EXEC] instret=5378, PC=0x0001a6bc, pc_index=27055
[EXEC] instret=5379, PC=0x0001a6c0, pc_index=27056
[EXEC] instret=5380, PC=0x0001a6c4, pc_index=27057
[EXEC] instret=5381, PC=0x0001a6c8, pc_index=27058
[EXEC] instret=5382, PC=0x0001a6cc, pc_index=27059
[EXEC] instret=5383, PC=0x0001a6d0, pc_index=27060
[EXEC] instret=5384, PC=0x0001a6d4, pc_index=27061
[EXEC] instret=5385, PC=0x0001a6d8, pc_index=27062
[EXEC] instret=5386, PC=0x0001a6dc, pc_index=27063
[EXEC] instret=5387, PC=0x0001a6e0, pc_index=27064
[EXEC] instret=5388, PC=0x0001a6e4, pc_index=27065
[EXEC] instret=5389, PC=0x0001a6e8, pc_index=27066
[EXEC] instret=5390, PC=0x0001a6ec, pc_index=27067
[EXEC] instret=5391, PC=0x0001a6f0, pc_index=27068
[EXEC] instret=5392, PC=0x0001a6f4, pc_index=27069
[EXEC] instret=5393, PC=0x0001a6f8, pc_index=27070
[EXEC] instret=5394, PC=0x0001a6fc, pc_index=27071
[EXEC] instret=5395, PC=0x0001a700, pc_index=27072
[EXEC] instret=5396, PC=0x0001a704, pc_index=27073
[EXEC] instret=5397, PC=0x0001a708, pc_index=27074
[EXEC] instret=5398, PC=0x0001a70c, pc_index=27075
[EXEC] instret=5399, PC=0x0001a84c, pc_index=27155
[EXEC] instret=5400, PC=0x0001a850, pc_index=27156
[EXEC] instret=5401, PC=0x0001edcc, pc_index=31603
[EXEC] instret=5402, PC=0x0001edd0, pc_index=31604
[EXEC] instret=5403, PC=0x0001edd4, pc_index=31605
[EXEC] instret=5404, PC=0x0001edd8, pc_index=31606
[EXEC] instret=5405, PC=0x0001eddc, pc_index=31607
[EXEC] instret=5406, PC=0x0001ede0, pc_index=31608
[EXEC] instret=5407, PC=0x0001a854, pc_index=27157
[EXEC] instret=5408, PC=0x0001a858, pc_index=27158
[EXEC] instret=5409, PC=0x0001a85c, pc_index=27159
[EXEC] instret=5410, PC=0x0001a860, pc_index=27160
[EXEC] instret=5411, PC=0x0001a864, pc_index=27161
[EXEC] instret=5412, PC=0x0001a868, pc_index=27162
[EXEC] instret=5413, PC=0x0001a86c, pc_index=27163
[EXEC] instret=5414, PC=0x0001a870, pc_index=27164
[EXEC] instret=5415, PC=0x0001a874, pc_index=27165
[EXEC] instret=5416, PC=0x0001a878, pc_index=27166
[EXEC] instret=5417, PC=0x0001a87c, pc_index=27167
[EXEC] instret=5418, PC=0x0001a880, pc_index=27168
[EXEC] instret=5419, PC=0x00013c28, pc_index=20234
[EXEC] instret=5420, PC=0x00013c2c, pc_index=20235
[EXEC] instret=5421, PC=0x00013c30, pc_index=20236
[EXEC] instret=5422, PC=0x00013c34, pc_index=20237
[EXEC] instret=5423, PC=0x00013c38, pc_index=20238
[EXEC] instret=5424, PC=0x00013c3c, pc_index=20239
[EXEC] instret=5425, PC=0x00013c40, pc_index=20240
[EXEC] instret=5426, PC=0x00013c44, pc_index=20241
[EXEC] instret=5427, PC=0x00013c48, pc_index=20242
[EXEC] instret=5428, PC=0x00013c4c, pc_index=20243
[EXEC] instret=5429, PC=0x00013c50, pc_index=20244
[EXEC] instret=5430, PC=0x00010998, pc_index=16998
[EXEC] instret=5431, PC=0x0001099c, pc_index=16999
[EXEC] instret=5432, PC=0x000109a0, pc_index=17000
[EXEC] instret=5433, PC=0x000109a4, pc_index=17001
[EXEC] instret=5434, PC=0x000109a8, pc_index=17002
[EXEC] instret=5435, PC=0x000109ac, pc_index=17003
[EXEC] instret=5436, PC=0x000109b0, pc_index=17004
[EXEC] instret=5437, PC=0x000109b4, pc_index=17005
[EXEC] instret=5438, PC=0x000109b8, pc_index=17006
[EXEC] instret=5439, PC=0x000109bc, pc_index=17007
[EXEC] instret=5440, PC=0x00010664, pc_index=16793
[EXEC] instret=5441, PC=0x00010668, pc_index=16794
[EXEC] instret=5442, PC=0x0001066c, pc_index=16795
[EXEC] instret=5443, PC=0x00010670, pc_index=16796
[EXEC] instret=5444, PC=0x00010674, pc_index=16797
[EXEC] instret=5445, PC=0x00010678, pc_index=16798
[EXEC] instret=5446, PC=0x0001067c, pc_index=16799
[FLW-ENTRY] PC=0x0001067c, instret=5446, ENABLED=true
[FLW] PC=0x0001067c, Reading x5 = 0x0001f454, imm=0
[FLW] f25 <- mem[0x0001f454] = 0x00000000 (0)
[FLW-EXIT] PC: 0x0001067c -> 0x00010680, instret=5447
[EXEC] instret=5447, PC=0x00010680, pc_index=16800
[FLW-ENTRY] PC=0x00010680, instret=5447, ENABLED=true
[FLW] PC=0x00010680, Reading x5 = 0x0001f454, imm=0
[FLW] f26 <- mem[0x0001f454] = 0x00000000 (0)
[FLW-EXIT] PC: 0x00010680 -> 0x00010684, instret=5448
[EXEC] instret=5448, PC=0x00010684, pc_index=16801
[FADD-ENTRY] PC=0x00010684, instret=5448, ENABLED=true
[FADD] Calling handler at 0x000108d4, instruction=0x01ac8dd3
[FADD-EXIT] Jumped to handler: 0x000108d4, return_addr=0x00010688
[EXEC] instret=5449, PC=0x000108d4, pc_index=16949
[EXEC] instret=5450, PC=0x000108d8, pc_index=16950
[EXEC] instret=5451, PC=0x000108dc, pc_index=16951
[EXEC] instret=5452, PC=0x000108e0, pc_index=16952
[EXEC] instret=5453, PC=0x000108e4, pc_index=16953
[EXEC] instret=5454, PC=0x000108e8, pc_index=16954
[EXEC] instret=5455, PC=0x000108ec, pc_index=16955
[EXEC] instret=5456, PC=0x000108f0, pc_index=16956
[EXEC] instret=5457, PC=0x000108f4, pc_index=16957
[EXEC] instret=5458, PC=0x000108f8, pc_index=16958
[EXEC] instret=5459, PC=0x000108fc, pc_index=16959
[EXEC] instret=5460, PC=0x00010900, pc_index=16960
[EXEC] instret=5461, PC=0x00010904, pc_index=16961
[EXEC] instret=5462, PC=0x00010908, pc_index=16962
[EXEC] instret=5463, PC=0x0001090c, pc_index=16963
[EXEC] instret=5464, PC=0x00010910, pc_index=16964
[EXEC] instret=5465, PC=0x00010914, pc_index=16965
[EXEC] instret=5466, PC=0x00010918, pc_index=16966
[EXEC] instret=5467, PC=0x000109c0, pc_index=17008
[EXEC] instret=5468, PC=0x000109c4, pc_index=17009
[EXEC] instret=5469, PC=0x000109c8, pc_index=17010
[EXEC] instret=5470, PC=0x00010928, pc_index=16970
[EXEC] instret=5471, PC=0x0001092c, pc_index=16971
[EXEC] instret=5472, PC=0x00010930, pc_index=16972
[EXEC] instret=5473, PC=0x00010934, pc_index=16973
[EXEC] instret=5474, PC=0x00010938, pc_index=16974
[EXEC] instret=5475, PC=0x0001093c, pc_index=16975
[EXEC] instret=5476, PC=0x00010940, pc_index=16976
[EXEC] instret=5477, PC=0x00010944, pc_index=16977
[EXEC] instret=5478, PC=0x00010948, pc_index=16978
[EXEC] instret=5479, PC=0x0001094c, pc_index=16979
[EXEC] instret=5480, PC=0x00010950, pc_index=16980
[EXEC] instret=5481, PC=0x00010954, pc_index=16981
[EXEC] instret=5482, PC=0x0001a664, pc_index=27033
[EXEC] instret=5483, PC=0x0001a668, pc_index=27034
[EXEC] instret=5484, PC=0x0001a66c, pc_index=27035
[EXEC] instret=5485, PC=0x0001a670, pc_index=27036
[EXEC] instret=5486, PC=0x0001a674, pc_index=27037
[EXEC] instret=5487, PC=0x0001a678, pc_index=27038
[EXEC] instret=5488, PC=0x0001a67c, pc_index=27039
[EXEC] instret=5489, PC=0x0001a680, pc_index=27040
[EXEC] instret=5490, PC=0x0001a684, pc_index=27041
[EXEC] instret=5491, PC=0x00010958, pc_index=16982
[EXEC] instret=5492, PC=0x0001095c, pc_index=16983
[EXEC] instret=5493, PC=0x00010960, pc_index=16984
[EXEC] instret=5494, PC=0x00010964, pc_index=16985
[EXEC] instret=5495, PC=0x00010968, pc_index=16986
[EXEC] instret=5496, PC=0x0001096c, pc_index=16987
[EXEC] instret=5497, PC=0x00010970, pc_index=16988
[EXEC] instret=5498, PC=0x00010974, pc_index=16989
[EXEC] instret=5499, PC=0x00010978, pc_index=16990
[EXEC] instret=5500, PC=0x0001097c, pc_index=16991
[EXEC] instret=5501, PC=0x00010980, pc_index=16992
[EXEC] instret=5502, PC=0x00010984, pc_index=16993
[EXEC] instret=5503, PC=0x000109fc, pc_index=17023
[EXEC] instret=5504, PC=0x00010a00, pc_index=17024
[EXEC] instret=5505, PC=0x00010a04, pc_index=17025
[EXEC] instret=5506, PC=0x00010a08, pc_index=17026
[EXEC] instret=5507, PC=0x00010a0c, pc_index=17027
[EXEC] instret=5508, PC=0x00010a10, pc_index=17028
[EXEC] instret=5509, PC=0x0001a664, pc_index=27033
[EXEC] instret=5510, PC=0x0001a668, pc_index=27034
[EXEC] instret=5511, PC=0x0001a66c, pc_index=27035
[EXEC] instret=5512, PC=0x0001a670, pc_index=27036
[EXEC] instret=5513, PC=0x0001a674, pc_index=27037
[EXEC] instret=5514, PC=0x0001a678, pc_index=27038
[EXEC] instret=5515, PC=0x0001a68c, pc_index=27043
[EXEC] instret=5516, PC=0x00010a14, pc_index=17029
[EXEC] instret=5517, PC=0x00010a18, pc_index=17030
[EXEC] instret=5518, PC=0x00010a1c, pc_index=17031
[EXEC] instret=5519, PC=0x00010a20, pc_index=17032
[EXEC] instret=5520, PC=0x00010a24, pc_index=17033
[EXEC] instret=5521, PC=0x00010a28, pc_index=17034
[EXEC] instret=5522, PC=0x00010a2c, pc_index=17035
[EXEC] instret=5523, PC=0x00010a30, pc_index=17036
[EXEC] instret=5524, PC=0x00010a34, pc_index=17037
[EXEC] instret=5525, PC=0x00012e54, pc_index=19349
[EXEC] instret=5526, PC=0x00012e58, pc_index=19350
[EXEC] instret=5527, PC=0x00012e5c, pc_index=19351
[EXEC] instret=5528, PC=0x00012e60, pc_index=19352
[EXEC] instret=5529, PC=0x00012e64, pc_index=19353
[EXEC] instret=5530, PC=0x00012e68, pc_index=19354
[EXEC] instret=5531, PC=0x00012e6c, pc_index=19355
[EXEC] instret=5532, PC=0x00012e70, pc_index=19356
[EXEC] instret=5533, PC=0x00012e74, pc_index=19357
[EXEC] instret=5534, PC=0x00012e78, pc_index=19358
[EXEC] instret=5535, PC=0x00012e7c, pc_index=19359
[EXEC] instret=5536, PC=0x00012e80, pc_index=19360
[EXEC] instret=5537, PC=0x00012e84, pc_index=19361
[EXEC] instret=5538, PC=0x00012e8c, pc_index=19363
[EXEC] instret=5539, PC=0x00012e90, pc_index=19364
[EXEC] instret=5540, PC=0x00012e94, pc_index=19365
[EXEC] instret=5541, PC=0x00012e98, pc_index=19366
[EXEC] instret=5542, PC=0x00012e9c, pc_index=19367
[EXEC] instret=5543, PC=0x00012ea0, pc_index=19368
[EXEC] instret=5544, PC=0x00012ea4, pc_index=19369
[EXEC] instret=5545, PC=0x00012ea8, pc_index=19370
[EXEC] instret=5546, PC=0x00012eac, pc_index=19371
[EXEC] instret=5547, PC=0x00012eb4, pc_index=19373
[EXEC] instret=5548, PC=0x00012eb8, pc_index=19374
[EXEC] instret=5549, PC=0x00012ebc, pc_index=19375
[EXEC] instret=5550, PC=0x00012ec0, pc_index=19376
[EXEC] instret=5551, PC=0x00012ec4, pc_index=19377
[EXEC] instret=5552, PC=0x00012ec8, pc_index=19378
[EXEC] instret=5553, PC=0x00012ecc, pc_index=19379
[EXEC] instret=5554, PC=0x00012ed0, pc_index=19380
[EXEC] instret=5555, PC=0x00012ed8, pc_index=19382
[EXEC] instret=5556, PC=0x00012edc, pc_index=19383
[EXEC] instret=5557, PC=0x00012ee0, pc_index=19384
[EXEC] instret=5558, PC=0x00012ee4, pc_index=19385
[EXEC] instret=5559, PC=0x00012ee8, pc_index=19386
[EXEC] instret=5560, PC=0x00012ef0, pc_index=19388
[EXEC] instret=5561, PC=0x00012ef4, pc_index=19389
[EXEC] instret=5562, PC=0x00012ef8, pc_index=19390
[EXEC] instret=5563, PC=0x00012efc, pc_index=19391
[EXEC] instret=5564, PC=0x00012f00, pc_index=19392
[EXEC] instret=5565, PC=0x00012f08, pc_index=19394
[EXEC] instret=5566, PC=0x00012f0c, pc_index=19395
[EXEC] instret=5567, PC=0x00012f10, pc_index=19396
[EXEC] instret=5568, PC=0x00012f14, pc_index=19397
[EXEC] instret=5569, PC=0x00012f18, pc_index=19398
[EXEC] instret=5570, PC=0x00012f54, pc_index=19413
[EXEC] instret=5571, PC=0x00012f58, pc_index=19414
[EXEC] instret=5572, PC=0x00012f5c, pc_index=19415
[EXEC] instret=5573, PC=0x00012f60, pc_index=19416
[EXEC] instret=5574, PC=0x00012f64, pc_index=19417
[EXEC] instret=5575, PC=0x00012f68, pc_index=19418
[EXEC] instret=5576, PC=0x00012f6c, pc_index=19419
[EXEC] instret=5577, PC=0x0001a664, pc_index=27033
[EXEC] instret=5578, PC=0x0001a668, pc_index=27034
[EXEC] instret=5579, PC=0x0001a66c, pc_index=27035
[EXEC] instret=5580, PC=0x0001a670, pc_index=27036
[EXEC] instret=5581, PC=0x0001a674, pc_index=27037
[EXEC] instret=5582, PC=0x0001a678, pc_index=27038
[EXEC] instret=5583, PC=0x0001a68c, pc_index=27043
[EXEC] instret=5584, PC=0x00012f70, pc_index=19420
[EXEC] instret=5585, PC=0x00012f74, pc_index=19421
[EXEC] instret=5586, PC=0x00012f78, pc_index=19422
[EXEC] instret=5587, PC=0x00012f7c, pc_index=19423
[EXEC] instret=5588, PC=0x00012f80, pc_index=19424
[EXEC] instret=5589, PC=0x00012f84, pc_index=19425
[EXEC] instret=5590, PC=0x00012f88, pc_index=19426
[EXEC] instret=5591, PC=0x00012f8c, pc_index=19427
[EXEC] instret=5592, PC=0x00012f90, pc_index=19428
[EXEC] instret=5593, PC=0x00013bf8, pc_index=20222
[EXEC] instret=5594, PC=0x00013bfc, pc_index=20223
[EXEC] instret=5595, PC=0x00013c00, pc_index=20224
[EXEC] instret=5596, PC=0x00013af8, pc_index=20158
[EXEC] instret=5597, PC=0x00013afc, pc_index=20159
[EXEC] instret=5598, PC=0x00013b00, pc_index=20160
[EXEC] instret=5599, PC=0x00013b04, pc_index=20161
[EXEC] instret=5600, PC=0x00013b08, pc_index=20162
[EXEC] instret=5601, PC=0x00013b0c, pc_index=20163
[EXEC] instret=5602, PC=0x0001a690, pc_index=27044
[EXEC] instret=5603, PC=0x0001a694, pc_index=27045
[EXEC] instret=5604, PC=0x0001a698, pc_index=27046
[EXEC] instret=5605, PC=0x0001a69c, pc_index=27047
[EXEC] instret=5606, PC=0x0001a6a0, pc_index=27048
[EXEC] instret=5607, PC=0x0001c2d4, pc_index=28853
[EXEC] instret=5608, PC=0x0001c2d8, pc_index=28854
[EXEC] instret=5609, PC=0x0001c2dc, pc_index=28855
[EXEC] instret=5610, PC=0x0001c2e0, pc_index=28856
[EXEC] instret=5611, PC=0x0001c2e4, pc_index=28857
[EXEC] instret=5612, PC=0x0001c2e8, pc_index=28858
[EXEC] instret=5613, PC=0x0001c2ec, pc_index=28859
[EXEC] instret=5614, PC=0x0001c2f0, pc_index=28860
[EXEC] instret=5615, PC=0x0001c2f4, pc_index=28861
[EXEC] instret=5616, PC=0x0001c2f8, pc_index=28862
[EXEC] instret=5617, PC=0x0001c2fc, pc_index=28863
[EXEC] instret=5618, PC=0x0001c300, pc_index=28864
[EXEC] instret=5619, PC=0x0001c304, pc_index=28865
[EXEC] instret=5620, PC=0x0001c308, pc_index=28866
[EXEC] instret=5621, PC=0x0001c30c, pc_index=28867
[EXEC] instret=5622, PC=0x0001c310, pc_index=28868
[EXEC] instret=5623, PC=0x0001c408, pc_index=28930
[EXEC] instret=5624, PC=0x0001c40c, pc_index=28931
[EXEC] instret=5625, PC=0x0001c410, pc_index=28932
[EXEC] instret=5626, PC=0x0001c414, pc_index=28933
[EXEC] instret=5627, PC=0x0001c418, pc_index=28934
[EXEC] instret=5628, PC=0x0001c41c, pc_index=28935
[EXEC] instret=5629, PC=0x0001c420, pc_index=28936
[EXEC] instret=5630, PC=0x00013b10, pc_index=20164
[EXEC] instret=5631, PC=0x00013b14, pc_index=20165
[EXEC] instret=5632, PC=0x00013b18, pc_index=20166
[EXEC] instret=5633, PC=0x00013b1c, pc_index=20167
[EXEC] instret=5634, PC=0x00013b20, pc_index=20168
[EXEC] instret=5635, PC=0x00013b24, pc_index=20169
[EXEC] instret=5636, PC=0x00013b28, pc_index=20170
[EXEC] instret=5637, PC=0x00013b2c, pc_index=20171
[EXEC] instret=5638, PC=0x00013b30, pc_index=20172
[EXEC] instret=5639, PC=0x00013b34, pc_index=20173
[EXEC] instret=5640, PC=0x00013b38, pc_index=20174
[EXEC] instret=5641, PC=0x00010998, pc_index=16998
[EXEC] instret=5642, PC=0x0001099c, pc_index=16999
[EXEC] instret=5643, PC=0x000109a0, pc_index=17000
[EXEC] instret=5644, PC=0x000109a4, pc_index=17001
[EXEC] instret=5645, PC=0x000109a8, pc_index=17002
[EXEC] instret=5646, PC=0x000109ac, pc_index=17003
[EXEC] instret=5647, PC=0x000109b0, pc_index=17004
[EXEC] instret=5648, PC=0x000109b4, pc_index=17005
[EXEC] instret=5649, PC=0x000109b8, pc_index=17006
[EXEC] instret=5650, PC=0x000109bc, pc_index=17007
[EXEC] instret=5651, PC=0x00010688, pc_index=16802
[EXEC] instret=5652, PC=0x0001068c, pc_index=16803
[EXEC] instret=5653, PC=0x00010690, pc_index=16804
[EXEC] instret=5654, PC=0x00010694, pc_index=16805
[EXEC] instret=5655, PC=0x00010698, pc_index=16806
[EXEC] instret=5656, PC=0x0001069c, pc_index=16807
[EXEC] instret=5657, PC=0x000106a0, pc_index=16808
[FLW-ENTRY] PC=0x000106a0, instret=5657, ENABLED=true
[FLW] PC=0x000106a0, Reading x5 = 0x0001f454, imm=0
[FLW] f25 <- mem[0x0001f454] = 0x00000000 (0)
[FLW-EXIT] PC: 0x000106a0 -> 0x000106a4, instret=5658
[EXEC] instret=5658, PC=0x000106a4, pc_index=16809
[EXEC] instret=5659, PC=0x000106a8, pc_index=16810
[EXEC] instret=5660, PC=0x000106ac, pc_index=16811
[FLW-ENTRY] PC=0x000106ac, instret=5660, ENABLED=true
[FLW] PC=0x000106ac, Reading x5 = 0x0001f458, imm=0
[FLW] f26 <- mem[0x0001f458] = 0x80000000 (-0)
[FLW-EXIT] PC: 0x000106ac -> 0x000106b0, instret=5661
[EXEC] instret=5661, PC=0x000106b0, pc_index=16812
[FADD-ENTRY] PC=0x000106b0, instret=5661, ENABLED=true
[FADD] Calling handler at 0x000108d4, instruction=0x01ac8dd3
[FADD-EXIT] Jumped to handler: 0x000108d4, return_addr=0x000106b4
[EXEC] instret=5662, PC=0x000108d4, pc_index=16949
[EXEC] instret=5663, PC=0x000108d8, pc_index=16950
[EXEC] instret=5664, PC=0x000108dc, pc_index=16951
[EXEC] instret=5665, PC=0x000108e0, pc_index=16952
[EXEC] instret=5666, PC=0x000108e4, pc_index=16953
[EXEC] instret=5667, PC=0x000108e8, pc_index=16954
[EXEC] instret=5668, PC=0x000108ec, pc_index=16955
[EXEC] instret=5669, PC=0x000108f0, pc_index=16956
[EXEC] instret=5670, PC=0x000108f4, pc_index=16957
[EXEC] instret=5671, PC=0x000108f8, pc_index=16958
[EXEC] instret=5672, PC=0x000108fc, pc_index=16959
[EXEC] instret=5673, PC=0x00010900, pc_index=16960
[EXEC] instret=5674, PC=0x00010904, pc_index=16961
[EXEC] instret=5675, PC=0x00010908, pc_index=16962
[EXEC] instret=5676, PC=0x0001090c, pc_index=16963
[EXEC] instret=5677, PC=0x00010910, pc_index=16964
[EXEC] instret=5678, PC=0x00010914, pc_index=16965
[EXEC] instret=5679, PC=0x00010918, pc_index=16966
[EXEC] instret=5680, PC=0x000109c0, pc_index=17008
[EXEC] instret=5681, PC=0x000109c4, pc_index=17009
[EXEC] instret=5682, PC=0x000109c8, pc_index=17010
[EXEC] instret=5683, PC=0x00010928, pc_index=16970
[EXEC] instret=5684, PC=0x0001092c, pc_index=16971
[EXEC] instret=5685, PC=0x00010930, pc_index=16972
[EXEC] instret=5686, PC=0x00010934, pc_index=16973
[EXEC] instret=5687, PC=0x00010938, pc_index=16974
[EXEC] instret=5688, PC=0x0001093c, pc_index=16975
[EXEC] instret=5689, PC=0x00010940, pc_index=16976
[EXEC] instret=5690, PC=0x00010944, pc_index=16977
[EXEC] instret=5691, PC=0x00010948, pc_index=16978
[EXEC] instret=5692, PC=0x0001094c, pc_index=16979
[EXEC] instret=5693, PC=0x00010950, pc_index=16980
[EXEC] instret=5694, PC=0x00010954, pc_index=16981
[EXEC] instret=5695, PC=0x0001a664, pc_index=27033
[EXEC] instret=5696, PC=0x0001a668, pc_index=27034
[EXEC] instret=5697, PC=0x0001a66c, pc_index=27035
[EXEC] instret=5698, PC=0x0001a670, pc_index=27036
[EXEC] instret=5699, PC=0x0001a674, pc_index=27037
[EXEC] instret=5700, PC=0x0001a678, pc_index=27038
[EXEC] instret=5701, PC=0x0001a67c, pc_index=27039
[EXEC] instret=5702, PC=0x0001a680, pc_index=27040
[EXEC] instret=5703, PC=0x0001a684, pc_index=27041
[EXEC] instret=5704, PC=0x00010958, pc_index=16982
[EXEC] instret=5705, PC=0x0001095c, pc_index=16983
[EXEC] instret=5706, PC=0x00010960, pc_index=16984
[EXEC] instret=5707, PC=0x00010964, pc_index=16985
[EXEC] instret=5708, PC=0x00010968, pc_index=16986
[EXEC] instret=5709, PC=0x0001096c, pc_index=16987
[EXEC] instret=5710, PC=0x00010970, pc_index=16988
[EXEC] instret=5711, PC=0x00010974, pc_index=16989
[EXEC] instret=5712, PC=0x00010978, pc_index=16990
[EXEC] instret=5713, PC=0x0001097c, pc_index=16991
[EXEC] instret=5714, PC=0x00010980, pc_index=16992
[EXEC] instret=5715, PC=0x00010984, pc_index=16993
[EXEC] instret=5716, PC=0x000109fc, pc_index=17023
[EXEC] instret=5717, PC=0x00010a00, pc_index=17024
[EXEC] instret=5718, PC=0x00010a04, pc_index=17025
[EXEC] instret=5719, PC=0x00010a08, pc_index=17026
[EXEC] instret=5720, PC=0x00010a0c, pc_index=17027
[EXEC] instret=5721, PC=0x00010a10, pc_index=17028
[EXEC] instret=5722, PC=0x0001a664, pc_index=27033
[EXEC] instret=5723, PC=0x0001a668, pc_index=27034
[EXEC] instret=5724, PC=0x0001a66c, pc_index=27035
[EXEC] instret=5725, PC=0x0001a670, pc_index=27036
[EXEC] instret=5726, PC=0x0001a674, pc_index=27037
[EXEC] instret=5727, PC=0x0001a678, pc_index=27038
[EXEC] instret=5728, PC=0x0001a68c, pc_index=27043
[EXEC] instret=5729, PC=0x00010a14, pc_index=17029
[EXEC] instret=5730, PC=0x00010a18, pc_index=17030
[EXEC] instret=5731, PC=0x00010a1c, pc_index=17031
[EXEC] instret=5732, PC=0x00010a20, pc_index=17032
[EXEC] instret=5733, PC=0x00010a24, pc_index=17033
[EXEC] instret=5734, PC=0x00010a28, pc_index=17034
[EXEC] instret=5735, PC=0x00010a2c, pc_index=17035
[EXEC] instret=5736, PC=0x00010a30, pc_index=17036
[EXEC] instret=5737, PC=0x00010a34, pc_index=17037
[EXEC] instret=5738, PC=0x00012e54, pc_index=19349
[EXEC] instret=5739, PC=0x00012e58, pc_index=19350
[EXEC] instret=5740, PC=0x00012e5c, pc_index=19351
[EXEC] instret=5741, PC=0x00012e60, pc_index=19352
[EXEC] instret=5742, PC=0x00012e64, pc_index=19353
[EXEC] instret=5743, PC=0x00012e68, pc_index=19354
[EXEC] instret=5744, PC=0x00012e6c, pc_index=19355
[EXEC] instret=5745, PC=0x00012e70, pc_index=19356
[EXEC] instret=5746, PC=0x00012e74, pc_index=19357
[EXEC] instret=5747, PC=0x00012e78, pc_index=19358
[EXEC] instret=5748, PC=0x00012e7c, pc_index=19359
[EXEC] instret=5749, PC=0x00012e80, pc_index=19360
[EXEC] instret=5750, PC=0x00012e84, pc_index=19361
[EXEC] instret=5751, PC=0x00012e8c, pc_index=19363
[EXEC] instret=5752, PC=0x00012e90, pc_index=19364
[EXEC] instret=5753, PC=0x00012e94, pc_index=19365
[EXEC] instret=5754, PC=0x00012e98, pc_index=19366
[EXEC] instret=5755, PC=0x00012e9c, pc_index=19367
[EXEC] instret=5756, PC=0x00012ea0, pc_index=19368
[EXEC] instret=5757, PC=0x00012ea4, pc_index=19369
[EXEC] instret=5758, PC=0x00012ea8, pc_index=19370
[EXEC] instret=5759, PC=0x00012eac, pc_index=19371
[EXEC] instret=5760, PC=0x00012eb4, pc_index=19373
[EXEC] instret=5761, PC=0x00012eb8, pc_index=19374
[EXEC] instret=5762, PC=0x00012ebc, pc_index=19375
[EXEC] instret=5763, PC=0x00012ec0, pc_index=19376
[EXEC] instret=5764, PC=0x00012ec4, pc_index=19377
[EXEC] instret=5765, PC=0x00012ec8, pc_index=19378
[EXEC] instret=5766, PC=0x00012ecc, pc_index=19379
[EXEC] instret=5767, PC=0x00012ed0, pc_index=19380
[EXEC] instret=5768, PC=0x00012ed8, pc_index=19382
[EXEC] instret=5769, PC=0x00012edc, pc_index=19383
[EXEC] instret=5770, PC=0x00012ee0, pc_index=19384
[EXEC] instret=5771, PC=0x00012ee4, pc_index=19385
[EXEC] instret=5772, PC=0x00012ee8, pc_index=19386
[EXEC] instret=5773, PC=0x00012ef0, pc_index=19388
[EXEC] instret=5774, PC=0x00012ef4, pc_index=19389
[EXEC] instret=5775, PC=0x00012ef8, pc_index=19390
[EXEC] instret=5776, PC=0x00012efc, pc_index=19391
[EXEC] instret=5777, PC=0x00012f00, pc_index=19392
[EXEC] instret=5778, PC=0x00012f08, pc_index=19394
[EXEC] instret=5779, PC=0x00012f0c, pc_index=19395
[EXEC] instret=5780, PC=0x00012f10, pc_index=19396
[EXEC] instret=5781, PC=0x00012f14, pc_index=19397
[EXEC] instret=5782, PC=0x00012f18, pc_index=19398
[EXEC] instret=5783, PC=0x00012f54, pc_index=19413
[EXEC] instret=5784, PC=0x00012f58, pc_index=19414
[EXEC] instret=5785, PC=0x00012f5c, pc_index=19415
[EXEC] instret=5786, PC=0x00012f60, pc_index=19416
[EXEC] instret=5787, PC=0x00012f64, pc_index=19417
[EXEC] instret=5788, PC=0x00012f68, pc_index=19418
[EXEC] instret=5789, PC=0x00012f6c, pc_index=19419
[EXEC] instret=5790, PC=0x0001a664, pc_index=27033
[EXEC] instret=5791, PC=0x0001a668, pc_index=27034
[EXEC] instret=5792, PC=0x0001a66c, pc_index=27035
[EXEC] instret=5793, PC=0x0001a670, pc_index=27036
[EXEC] instret=5794, PC=0x0001a674, pc_index=27037
[EXEC] instret=5795, PC=0x0001a678, pc_index=27038
[EXEC] instret=5796, PC=0x0001a68c, pc_index=27043
[EXEC] instret=5797, PC=0x00012f70, pc_index=19420
[EXEC] instret=5798, PC=0x00012f74, pc_index=19421
[EXEC] instret=5799, PC=0x00012f78, pc_index=19422
[EXEC] instret=5800, PC=0x00012f7c, pc_index=19423
[EXEC] instret=5801, PC=0x00012f80, pc_index=19424
[EXEC] instret=5802, PC=0x00012f84, pc_index=19425
[EXEC] instret=5803, PC=0x00012f88, pc_index=19426
[EXEC] instret=5804, PC=0x00012f8c, pc_index=19427
[EXEC] instret=5805, PC=0x00012f90, pc_index=19428
[EXEC] instret=5806, PC=0x00013bf8, pc_index=20222
[EXEC] instret=5807, PC=0x00013bfc, pc_index=20223
[EXEC] instret=5808, PC=0x00013c00, pc_index=20224
[EXEC] instret=5809, PC=0x00013af8, pc_index=20158
[EXEC] instret=5810, PC=0x00013afc, pc_index=20159
[EXEC] instret=5811, PC=0x00013b00, pc_index=20160
[EXEC] instret=5812, PC=0x00013b04, pc_index=20161
[EXEC] instret=5813, PC=0x00013b08, pc_index=20162
[EXEC] instret=5814, PC=0x00013b0c, pc_index=20163
[EXEC] instret=5815, PC=0x0001a690, pc_index=27044
[EXEC] instret=5816, PC=0x0001a694, pc_index=27045
[EXEC] instret=5817, PC=0x0001a6a4, pc_index=27049
[EXEC] instret=5818, PC=0x0001a6a8, pc_index=27050
[EXEC] instret=5819, PC=0x0001a6ac, pc_index=27051
[EXEC] instret=5820, PC=0x0001e908, pc_index=31298
[EXEC] instret=5821, PC=0x0001e90c, pc_index=31299
[EXEC] instret=5822, PC=0x0001e910, pc_index=31300
[EXEC] instret=5823, PC=0x0001e914, pc_index=31301
[EXEC] instret=5824, PC=0x0001e918, pc_index=31302
[EXEC] instret=5825, PC=0x0001e91c, pc_index=31303
[EXEC] instret=5826, PC=0x0001e920, pc_index=31304
[EXEC] instret=5827, PC=0x0001e924, pc_index=31305
[EXEC] instret=5828, PC=0x0001e928, pc_index=31306
[EXEC] instret=5829, PC=0x0001e92c, pc_index=31307
[EXEC] instret=5830, PC=0x0001e930, pc_index=31308
[EXEC] instret=5831, PC=0x0001e934, pc_index=31309
[EXEC] instret=5832, PC=0x0001e938, pc_index=31310
[EXEC] instret=5833, PC=0x0001e93c, pc_index=31311
[EXEC] instret=5834, PC=0x0001e940, pc_index=31312
[EXEC] instret=5835, PC=0x0001e944, pc_index=31313
[EXEC] instret=5836, PC=0x0001e948, pc_index=31314
[EXEC] instret=5837, PC=0x0001e94c, pc_index=31315
[EXEC] instret=5838, PC=0x0001ea84, pc_index=31393
[EXEC] instret=5839, PC=0x0001ea88, pc_index=31394
[EXEC] instret=5840, PC=0x0001ea8c, pc_index=31395
[EXEC] instret=5841, PC=0x0001ea90, pc_index=31396
[EXEC] instret=5842, PC=0x0001ea94, pc_index=31397
[EXEC] instret=5843, PC=0x0001ea98, pc_index=31398
[EXEC] instret=5844, PC=0x0001ea9c, pc_index=31399
[EXEC] instret=5845, PC=0x0001eaa0, pc_index=31400
[EXEC] instret=5846, PC=0x0001eaa4, pc_index=31401
[EXEC] instret=5847, PC=0x0001eaa8, pc_index=31402
[EXEC] instret=5848, PC=0x00013b10, pc_index=20164
[EXEC] instret=5849, PC=0x00013b14, pc_index=20165
[EXEC] instret=5850, PC=0x00013b18, pc_index=20166
[EXEC] instret=5851, PC=0x00013b1c, pc_index=20167
[EXEC] instret=5852, PC=0x00013b20, pc_index=20168
[EXEC] instret=5853, PC=0x00013b24, pc_index=20169
[EXEC] instret=5854, PC=0x00013b28, pc_index=20170
[EXEC] instret=5855, PC=0x00013b2c, pc_index=20171
[EXEC] instret=5856, PC=0x00013b30, pc_index=20172
[EXEC] instret=5857, PC=0x00013b34, pc_index=20173
[EXEC] instret=5858, PC=0x00013b38, pc_index=20174
[EXEC] instret=5859, PC=0x00010998, pc_index=16998
[EXEC] instret=5860, PC=0x0001099c, pc_index=16999
[EXEC] instret=5861, PC=0x000109a0, pc_index=17000
[EXEC] instret=5862, PC=0x000109a4, pc_index=17001
[EXEC] instret=5863, PC=0x000109a8, pc_index=17002
[EXEC] instret=5864, PC=0x000109ac, pc_index=17003
[EXEC] instret=5865, PC=0x000109b0, pc_index=17004
[EXEC] instret=5866, PC=0x000109b4, pc_index=17005
[EXEC] instret=5867, PC=0x000109b8, pc_index=17006
[EXEC] instret=5868, PC=0x000109bc, pc_index=17007
[EXEC] instret=5869, PC=0x000106b4, pc_index=16813
[EXEC] instret=5870, PC=0x000106b8, pc_index=16814
[EXEC] instret=5871, PC=0x000106bc, pc_index=16815
[EXEC] instret=5872, PC=0x000106c0, pc_index=16816
[EXEC] instret=5873, PC=0x000106c4, pc_index=16817
[EXEC] instret=5874, PC=0x000106c8, pc_index=16818
[EXEC] instret=5875, PC=0x000106cc, pc_index=16819
[FLW-ENTRY] PC=0x000106cc, instret=5875, ENABLED=true
[FLW] PC=0x000106cc, Reading x5 = 0x0001f458, imm=0
[FLW] f25 <- mem[0x0001f458] = 0x80000000 (-0)
[FLW-EXIT] PC: 0x000106cc -> 0x000106d0, instret=5876
[EXEC] instret=5876, PC=0x000106d0, pc_index=16820
[FLW-ENTRY] PC=0x000106d0, instret=5876, ENABLED=true
[FLW] PC=0x000106d0, Reading x5 = 0x0001f458, imm=0
[FLW] f26 <- mem[0x0001f458] = 0x80000000 (-0)
[FLW-EXIT] PC: 0x000106d0 -> 0x000106d4, instret=5877
[EXEC] instret=5877, PC=0x000106d4, pc_index=16821
[FADD-ENTRY] PC=0x000106d4, instret=5877, ENABLED=true
[FADD] Calling handler at 0x000108d4, instruction=0x01ac8dd3
[FADD-EXIT] Jumped to handler: 0x000108d4, return_addr=0x000106d8
[EXEC] instret=5878, PC=0x000108d4, pc_index=16949
[EXEC] instret=5879, PC=0x000108d8, pc_index=16950
[EXEC] instret=5880, PC=0x000108dc, pc_index=16951
[EXEC] instret=5881, PC=0x000108e0, pc_index=16952
[EXEC] instret=5882, PC=0x000108e4, pc_index=16953
[EXEC] instret=5883, PC=0x000108e8, pc_index=16954
[EXEC] instret=5884, PC=0x000108ec, pc_index=16955
[EXEC] instret=5885, PC=0x000108f0, pc_index=16956
[EXEC] instret=5886, PC=0x000108f4, pc_index=16957
[EXEC] instret=5887, PC=0x000108f8, pc_index=16958
[EXEC] instret=5888, PC=0x000108fc, pc_index=16959
[EXEC] instret=5889, PC=0x00010900, pc_index=16960
[EXEC] instret=5890, PC=0x00010904, pc_index=16961
[EXEC] instret=5891, PC=0x00010908, pc_index=16962
[EXEC] instret=5892, PC=0x0001090c, pc_index=16963
[EXEC] instret=5893, PC=0x00010910, pc_index=16964
[EXEC] instret=5894, PC=0x00010914, pc_index=16965
[EXEC] instret=5895, PC=0x00010918, pc_index=16966
[EXEC] instret=5896, PC=0x000109c0, pc_index=17008
[EXEC] instret=5897, PC=0x000109c4, pc_index=17009
[EXEC] instret=5898, PC=0x000109c8, pc_index=17010
[EXEC] instret=5899, PC=0x00010928, pc_index=16970
[EXEC] instret=5900, PC=0x0001092c, pc_index=16971
[EXEC] instret=5901, PC=0x00010930, pc_index=16972
[EXEC] instret=5902, PC=0x00010934, pc_index=16973
[EXEC] instret=5903, PC=0x00010938, pc_index=16974
[EXEC] instret=5904, PC=0x0001093c, pc_index=16975
[EXEC] instret=5905, PC=0x00010940, pc_index=16976
[EXEC] instret=5906, PC=0x00010944, pc_index=16977
[EXEC] instret=5907, PC=0x00010948, pc_index=16978
[EXEC] instret=5908, PC=0x0001094c, pc_index=16979
[EXEC] instret=5909, PC=0x00010950, pc_index=16980
[EXEC] instret=5910, PC=0x00010954, pc_index=16981
[EXEC] instret=5911, PC=0x0001a664, pc_index=27033
[EXEC] instret=5912, PC=0x0001a668, pc_index=27034
[EXEC] instret=5913, PC=0x0001a66c, pc_index=27035
[EXEC] instret=5914, PC=0x0001a670, pc_index=27036
[EXEC] instret=5915, PC=0x0001a674, pc_index=27037
[EXEC] instret=5916, PC=0x0001a678, pc_index=27038
[EXEC] instret=5917, PC=0x0001a67c, pc_index=27039
[EXEC] instret=5918, PC=0x0001a680, pc_index=27040
[EXEC] instret=5919, PC=0x0001a684, pc_index=27041
[EXEC] instret=5920, PC=0x00010958, pc_index=16982
[EXEC] instret=5921, PC=0x0001095c, pc_index=16983
[EXEC] instret=5922, PC=0x00010960, pc_index=16984
[EXEC] instret=5923, PC=0x00010964, pc_index=16985
[EXEC] instret=5924, PC=0x00010968, pc_index=16986
[EXEC] instret=5925, PC=0x0001096c, pc_index=16987
[EXEC] instret=5926, PC=0x00010970, pc_index=16988
[EXEC] instret=5927, PC=0x00010974, pc_index=16989
[EXEC] instret=5928, PC=0x00010978, pc_index=16990
[EXEC] instret=5929, PC=0x0001097c, pc_index=16991
[EXEC] instret=5930, PC=0x00010980, pc_index=16992
[EXEC] instret=5931, PC=0x00010984, pc_index=16993
[EXEC] instret=5932, PC=0x000109fc, pc_index=17023
[EXEC] instret=5933, PC=0x00010a00, pc_index=17024
[EXEC] instret=5934, PC=0x00010a04, pc_index=17025
[EXEC] instret=5935, PC=0x00010a08, pc_index=17026
[EXEC] instret=5936, PC=0x00010a0c, pc_index=17027
[EXEC] instret=5937, PC=0x00010a10, pc_index=17028
[EXEC] instret=5938, PC=0x0001a664, pc_index=27033
[EXEC] instret=5939, PC=0x0001a668, pc_index=27034
[EXEC] instret=5940, PC=0x0001a66c, pc_index=27035
[EXEC] instret=5941, PC=0x0001a670, pc_index=27036
[EXEC] instret=5942, PC=0x0001a674, pc_index=27037
[EXEC] instret=5943, PC=0x0001a678, pc_index=27038
[EXEC] instret=5944, PC=0x0001a68c, pc_index=27043
[EXEC] instret=5945, PC=0x00010a14, pc_index=17029
[EXEC] instret=5946, PC=0x00010a18, pc_index=17030
[EXEC] instret=5947, PC=0x00010a1c, pc_index=17031
[EXEC] instret=5948, PC=0x00010a20, pc_index=17032
[EXEC] instret=5949, PC=0x00010a24, pc_index=17033
[EXEC] instret=5950, PC=0x00010a28, pc_index=17034
[EXEC] instret=5951, PC=0x00010a2c, pc_index=17035
[EXEC] instret=5952, PC=0x00010a30, pc_index=17036
[EXEC] instret=5953, PC=0x00010a34, pc_index=17037
[EXEC] instret=5954, PC=0x00012e54, pc_index=19349
[EXEC] instret=5955, PC=0x00012e58, pc_index=19350
[EXEC] instret=5956, PC=0x00012e5c, pc_index=19351
[EXEC] instret=5957, PC=0x00012e60, pc_index=19352
[EXEC] instret=5958, PC=0x00012e64, pc_index=19353
[EXEC] instret=5959, PC=0x00012e68, pc_index=19354
[EXEC] instret=5960, PC=0x00012e6c, pc_index=19355
[EXEC] instret=5961, PC=0x00012e70, pc_index=19356
[EXEC] instret=5962, PC=0x00012e74, pc_index=19357
[EXEC] instret=5963, PC=0x00012e78, pc_index=19358
[EXEC] instret=5964, PC=0x00012e7c, pc_index=19359
[EXEC] instret=5965, PC=0x00012e80, pc_index=19360
[EXEC] instret=5966, PC=0x00012e84, pc_index=19361
[EXEC] instret=5967, PC=0x00012e8c, pc_index=19363
[EXEC] instret=5968, PC=0x00012e90, pc_index=19364
[EXEC] instret=5969, PC=0x00012e94, pc_index=19365
[EXEC] instret=5970, PC=0x00012e98, pc_index=19366
[EXEC] instret=5971, PC=0x00012e9c, pc_index=19367
[EXEC] instret=5972, PC=0x00012ea0, pc_index=19368
[EXEC] instret=5973, PC=0x00012ea4, pc_index=19369
[EXEC] instret=5974, PC=0x00012ea8, pc_index=19370
[EXEC] instret=5975, PC=0x00012eac, pc_index=19371
[EXEC] instret=5976, PC=0x00012eb4, pc_index=19373
[EXEC] instret=5977, PC=0x00012eb8, pc_index=19374
[EXEC] instret=5978, PC=0x00012ebc, pc_index=19375
[EXEC] instret=5979, PC=0x00012ec0, pc_index=19376
[EXEC] instret=5980, PC=0x00012ec4, pc_index=19377
[EXEC] instret=5981, PC=0x00012ec8, pc_index=19378
[EXEC] instret=5982, PC=0x00012ecc, pc_index=19379
[EXEC] instret=5983, PC=0x00012ed0, pc_index=19380
[EXEC] instret=5984, PC=0x00012ed8, pc_index=19382
[EXEC] instret=5985, PC=0x00012edc, pc_index=19383
[EXEC] instret=5986, PC=0x00012ee0, pc_index=19384
[EXEC] instret=5987, PC=0x00012ee4, pc_index=19385
[EXEC] instret=5988, PC=0x00012ee8, pc_index=19386
[EXEC] instret=5989, PC=0x00012ef0, pc_index=19388
[EXEC] instret=5990, PC=0x00012ef4, pc_index=19389
[EXEC] instret=5991, PC=0x00012ef8, pc_index=19390
[EXEC] instret=5992, PC=0x00012efc, pc_index=19391
[EXEC] instret=5993, PC=0x00012f00, pc_index=19392
[EXEC] instret=5994, PC=0x00012f08, pc_index=19394
[EXEC] instret=5995, PC=0x00012f0c, pc_index=19395
[EXEC] instret=5996, PC=0x00012f10, pc_index=19396
[EXEC] instret=5997, PC=0x00012f14, pc_index=19397
[EXEC] instret=5998, PC=0x00012f18, pc_index=19398
[EXEC] instret=5999, PC=0x00012f54, pc_index=19413
[EXEC] instret=6000, PC=0x00012f58, pc_index=19414
[EXEC] instret=6001, PC=0x00012f5c, pc_index=19415
[EXEC] instret=6002, PC=0x00012f60, pc_index=19416
[EXEC] instret=6003, PC=0x00012f64, pc_index=19417
[EXEC] instret=6004, PC=0x00012f68, pc_index=19418
[EXEC] instret=6005, PC=0x00012f6c, pc_index=19419
[EXEC] instret=6006, PC=0x0001a664, pc_index=27033
[EXEC] instret=6007, PC=0x0001a668, pc_index=27034
[EXEC] instret=6008, PC=0x0001a66c, pc_index=27035
[EXEC] instret=6009, PC=0x0001a670, pc_index=27036
[EXEC] instret=6010, PC=0x0001a674, pc_index=27037
[EXEC] instret=6011, PC=0x0001a678, pc_index=27038
[EXEC] instret=6012, PC=0x0001a68c, pc_index=27043
[EXEC] instret=6013, PC=0x00012f70, pc_index=19420
[EXEC] instret=6014, PC=0x00012f74, pc_index=19421
[EXEC] instret=6015, PC=0x00012f78, pc_index=19422
[EXEC] instret=6016, PC=0x00012f7c, pc_index=19423
[EXEC] instret=6017, PC=0x00012f80, pc_index=19424
[EXEC] instret=6018, PC=0x00012f84, pc_index=19425
[EXEC] instret=6019, PC=0x00012f88, pc_index=19426
[EXEC] instret=6020, PC=0x00012f8c, pc_index=19427
[EXEC] instret=6021, PC=0x00012f90, pc_index=19428
[EXEC] instret=6022, PC=0x00013bf8, pc_index=20222
[EXEC] instret=6023, PC=0x00013bfc, pc_index=20223
[EXEC] instret=6024, PC=0x00013c00, pc_index=20224
[EXEC] instret=6025, PC=0x00013af8, pc_index=20158
[EXEC] instret=6026, PC=0x00013afc, pc_index=20159
[EXEC] instret=6027, PC=0x00013b00, pc_index=20160
[EXEC] instret=6028, PC=0x00013b04, pc_index=20161
[EXEC] instret=6029, PC=0x00013b08, pc_index=20162
[EXEC] instret=6030, PC=0x00013b0c, pc_index=20163
[EXEC] instret=6031, PC=0x0001a690, pc_index=27044
[EXEC] instret=6032, PC=0x0001a694, pc_index=27045
[EXEC] instret=6033, PC=0x0001a698, pc_index=27046
[EXEC] instret=6034, PC=0x0001a69c, pc_index=27047
[EXEC] instret=6035, PC=0x0001a6a0, pc_index=27048
[EXEC] instret=6036, PC=0x0001c2d4, pc_index=28853
[EXEC] instret=6037, PC=0x0001c2d8, pc_index=28854
[EXEC] instret=6038, PC=0x0001c2dc, pc_index=28855
[EXEC] instret=6039, PC=0x0001c2e0, pc_index=28856
[EXEC] instret=6040, PC=0x0001c2e4, pc_index=28857
[EXEC] instret=6041, PC=0x0001c2e8, pc_index=28858
[EXEC] instret=6042, PC=0x0001c2ec, pc_index=28859
[EXEC] instret=6043, PC=0x0001c2f0, pc_index=28860
[EXEC] instret=6044, PC=0x0001c2f4, pc_index=28861
[EXEC] instret=6045, PC=0x0001c2f8, pc_index=28862
[EXEC] instret=6046, PC=0x0001c2fc, pc_index=28863
[EXEC] instret=6047, PC=0x0001c300, pc_index=28864
[EXEC] instret=6048, PC=0x0001c304, pc_index=28865
[EXEC] instret=6049, PC=0x0001c308, pc_index=28866
[EXEC] instret=6050, PC=0x0001c30c, pc_index=28867
[EXEC] instret=6051, PC=0x0001c310, pc_index=28868
[EXEC] instret=6052, PC=0x0001c408, pc_index=28930
[EXEC] instret=6053, PC=0x0001c40c, pc_index=28931
[EXEC] instret=6054, PC=0x0001c410, pc_index=28932
[EXEC] instret=6055, PC=0x0001c414, pc_index=28933
[EXEC] instret=6056, PC=0x0001c418, pc_index=28934
[EXEC] instret=6057, PC=0x0001c41c, pc_index=28935
[EXEC] instret=6058, PC=0x0001c420, pc_index=28936
[EXEC] instret=6059, PC=0x00013b10, pc_index=20164
[EXEC] instret=6060, PC=0x00013b14, pc_index=20165
[EXEC] instret=6061, PC=0x00013b18, pc_index=20166
[EXEC] instret=6062, PC=0x00013b1c, pc_index=20167
[EXEC] instret=6063, PC=0x00013b20, pc_index=20168
[EXEC] instret=6064, PC=0x00013b24, pc_index=20169
[EXEC] instret=6065, PC=0x00013b28, pc_index=20170
[EXEC] instret=6066, PC=0x00013b2c, pc_index=20171
[EXEC] instret=6067, PC=0x00013b30, pc_index=20172
[EXEC] instret=6068, PC=0x00013b34, pc_index=20173
[EXEC] instret=6069, PC=0x00013b38, pc_index=20174
[EXEC] instret=6070, PC=0x00010998, pc_index=16998
[EXEC] instret=6071, PC=0x0001099c, pc_index=16999
[EXEC] instret=6072, PC=0x000109a0, pc_index=17000
[EXEC] instret=6073, PC=0x000109a4, pc_index=17001
[EXEC] instret=6074, PC=0x000109a8, pc_index=17002
[EXEC] instret=6075, PC=0x000109ac, pc_index=17003
[EXEC] instret=6076, PC=0x000109b0, pc_index=17004
[EXEC] instret=6077, PC=0x000109b4, pc_index=17005
[EXEC] instret=6078, PC=0x000109b8, pc_index=17006
[EXEC] instret=6079, PC=0x000109bc, pc_index=17007
[EXEC] instret=6080, PC=0x000106d8, pc_index=16822
[EXEC] instret=6081, PC=0x000106dc, pc_index=16823
[EXEC] instret=6082, PC=0x000106e0, pc_index=16824
[EXEC] instret=6083, PC=0x000106e4, pc_index=16825
[EXEC] instret=6084, PC=0x000106e8, pc_index=16826
[EXEC] instret=6085, PC=0x000106ec, pc_index=16827
[EXEC] instret=6086, PC=0x000106f0, pc_index=16828
[FLW-ENTRY] PC=0x000106f0, instret=6086, ENABLED=true
[FLW] PC=0x000106f0, Reading x5 = 0x0001f454, imm=0
[FLW] f25 <- mem[0x0001f454] = 0x00000000 (0)
[FLW-EXIT] PC: 0x000106f0 -> 0x000106f4, instret=6087
[EXEC] instret=6087, PC=0x000106f4, pc_index=16829
[EXEC] instret=6088, PC=0x000106f8, pc_index=16830
[EXEC] instret=6089, PC=0x000106fc, pc_index=16831
[FLW-ENTRY] PC=0x000106fc, instret=6089, ENABLED=true
[FLW] PC=0x000106fc, Reading x2 = 0x00080000, imm=4
[FLW] f26 <- mem[0x00080004] = 0xbf800000 (-1)
[FLW-EXIT] PC: 0x000106fc -> 0x00010700, instret=6090
[EXEC] instret=6090, PC=0x00010700, pc_index=16832
[FADD-ENTRY] PC=0x00010700, instret=6090, ENABLED=true
[FADD] Calling handler at 0x000108d4, instruction=0x11ac8dd3
[FADD-EXIT] Jumped to handler: 0x000108d4, return_addr=0x00010704
[EXEC] instret=6091, PC=0x000108d4, pc_index=16949
[EXEC] instret=6092, PC=0x000108d8, pc_index=16950
[EXEC] instret=6093, PC=0x000108dc, pc_index=16951
[EXEC] instret=6094, PC=0x000108e0, pc_index=16952
[EXEC] instret=6095, PC=0x000108e4, pc_index=16953
[EXEC] instret=6096, PC=0x000108e8, pc_index=16954
[EXEC] instret=6097, PC=0x000108ec, pc_index=16955
[EXEC] instret=6098, PC=0x000108f0, pc_index=16956
[EXEC] instret=6099, PC=0x000108f4, pc_index=16957
[EXEC] instret=6100, PC=0x000108f8, pc_index=16958
[EXEC] instret=6101, PC=0x000108fc, pc_index=16959
[EXEC] instret=6102, PC=0x00010900, pc_index=16960
[EXEC] instret=6103, PC=0x00010904, pc_index=16961
[EXEC] instret=6104, PC=0x00010908, pc_index=16962
[EXEC] instret=6105, PC=0x0001090c, pc_index=16963
[EXEC] instret=6106, PC=0x00010910, pc_index=16964
[EXEC] instret=6107, PC=0x00010914, pc_index=16965
[EXEC] instret=6108, PC=0x00010918, pc_index=16966
[EXEC] instret=6109, PC=0x000109c0, pc_index=17008
[EXEC] instret=6110, PC=0x000109c4, pc_index=17009
[EXEC] instret=6111, PC=0x000109c8, pc_index=17010
[EXEC] instret=6112, PC=0x00010928, pc_index=16970
[EXEC] instret=6113, PC=0x0001092c, pc_index=16971
[EXEC] instret=6114, PC=0x00010930, pc_index=16972
[EXEC] instret=6115, PC=0x00010934, pc_index=16973
[EXEC] instret=6116, PC=0x00010938, pc_index=16974
[EXEC] instret=6117, PC=0x0001093c, pc_index=16975
[EXEC] instret=6118, PC=0x00010940, pc_index=16976
[EXEC] instret=6119, PC=0x00010944, pc_index=16977
[EXEC] instret=6120, PC=0x00010948, pc_index=16978
[EXEC] instret=6121, PC=0x0001094c, pc_index=16979
[EXEC] instret=6122, PC=0x00010950, pc_index=16980
[EXEC] instret=6123, PC=0x00010954, pc_index=16981
[EXEC] instret=6124, PC=0x0001a664, pc_index=27033
[EXEC] instret=6125, PC=0x0001a668, pc_index=27034
[EXEC] instret=6126, PC=0x0001a66c, pc_index=27035
[EXEC] instret=6127, PC=0x0001a670, pc_index=27036
[EXEC] instret=6128, PC=0x0001a674, pc_index=27037
[EXEC] instret=6129, PC=0x0001a678, pc_index=27038
[EXEC] instret=6130, PC=0x0001a67c, pc_index=27039
[EXEC] instret=6131, PC=0x0001a680, pc_index=27040
[EXEC] instret=6132, PC=0x0001a684, pc_index=27041
[EXEC] instret=6133, PC=0x00010958, pc_index=16982
[EXEC] instret=6134, PC=0x0001095c, pc_index=16983
[EXEC] instret=6135, PC=0x00010960, pc_index=16984
[EXEC] instret=6136, PC=0x00010964, pc_index=16985
[EXEC] instret=6137, PC=0x00010968, pc_index=16986
[EXEC] instret=6138, PC=0x0001096c, pc_index=16987
[EXEC] instret=6139, PC=0x00010970, pc_index=16988
[EXEC] instret=6140, PC=0x00010974, pc_index=16989
[EXEC] instret=6141, PC=0x00010978, pc_index=16990
[EXEC] instret=6142, PC=0x0001097c, pc_index=16991
[EXEC] instret=6143, PC=0x00010980, pc_index=16992
[EXEC] instret=6144, PC=0x00010984, pc_index=16993
[EXEC] instret=6145, PC=0x000109fc, pc_index=17023
[EXEC] instret=6146, PC=0x00010a00, pc_index=17024
[EXEC] instret=6147, PC=0x00010a04, pc_index=17025
[EXEC] instret=6148, PC=0x00010a08, pc_index=17026
[EXEC] instret=6149, PC=0x00010a0c, pc_index=17027
[EXEC] instret=6150, PC=0x00010a10, pc_index=17028
[EXEC] instret=6151, PC=0x0001a664, pc_index=27033
[EXEC] instret=6152, PC=0x0001a668, pc_index=27034
[EXEC] instret=6153, PC=0x0001a66c, pc_index=27035
[EXEC] instret=6154, PC=0x0001a670, pc_index=27036
[EXEC] instret=6155, PC=0x0001a674, pc_index=27037
[EXEC] instret=6156, PC=0x0001a678, pc_index=27038
[EXEC] instret=6157, PC=0x0001a68c, pc_index=27043
[EXEC] instret=6158, PC=0x00010a14, pc_index=17029
[EXEC] instret=6159, PC=0x00010a18, pc_index=17030
[EXEC] instret=6160, PC=0x00010a1c, pc_index=17031
[EXEC] instret=6161, PC=0x00010a20, pc_index=17032
[EXEC] instret=6162, PC=0x00010a24, pc_index=17033
[EXEC] instret=6163, PC=0x00010a28, pc_index=17034
[EXEC] instret=6164, PC=0x00010a2c, pc_index=17035
[EXEC] instret=6165, PC=0x00010a30, pc_index=17036
[EXEC] instret=6166, PC=0x00010a34, pc_index=17037
[EXEC] instret=6167, PC=0x00012b48, pc_index=19154
[EXEC] instret=6168, PC=0x00012b4c, pc_index=19155
[EXEC] instret=6169, PC=0x00012b50, pc_index=19156
[EXEC] instret=6170, PC=0x00012b54, pc_index=19157
[EXEC] instret=6171, PC=0x00012b58, pc_index=19158
[EXEC] instret=6172, PC=0x00012b5c, pc_index=19159
[EXEC] instret=6173, PC=0x00012b60, pc_index=19160
[EXEC] instret=6174, PC=0x00012b64, pc_index=19161
[EXEC] instret=6175, PC=0x00012b68, pc_index=19162
[EXEC] instret=6176, PC=0x00012b6c, pc_index=19163
[EXEC] instret=6177, PC=0x00012b70, pc_index=19164
[EXEC] instret=6178, PC=0x00012b74, pc_index=19165
[EXEC] instret=6179, PC=0x00012b78, pc_index=19166
[EXEC] instret=6180, PC=0x00012b80, pc_index=19168
[EXEC] instret=6181, PC=0x00012b84, pc_index=19169
[EXEC] instret=6182, PC=0x00012b88, pc_index=19170
[EXEC] instret=6183, PC=0x00012b8c, pc_index=19171
[EXEC] instret=6184, PC=0x00012b90, pc_index=19172
[EXEC] instret=6185, PC=0x00012b98, pc_index=19174
[EXEC] instret=6186, PC=0x00012b9c, pc_index=19175
[EXEC] instret=6187, PC=0x00012ba0, pc_index=19176
[EXEC] instret=6188, PC=0x00012ba4, pc_index=19177
[EXEC] instret=6189, PC=0x00012ba8, pc_index=19178
[EXEC] instret=6190, PC=0x00012bb0, pc_index=19180
[EXEC] instret=6191, PC=0x00012bb4, pc_index=19181
[EXEC] instret=6192, PC=0x00012bb8, pc_index=19182
[EXEC] instret=6193, PC=0x00012bbc, pc_index=19183
[EXEC] instret=6194, PC=0x00012bc0, pc_index=19184
[EXEC] instret=6195, PC=0x00012bc4, pc_index=19185
[EXEC] instret=6196, PC=0x00012bc8, pc_index=19186
[EXEC] instret=6197, PC=0x00012bcc, pc_index=19187
[EXEC] instret=6198, PC=0x00012bd0, pc_index=19188
[EXEC] instret=6199, PC=0x00012bd8, pc_index=19190
[EXEC] instret=6200, PC=0x00012bdc, pc_index=19191
[EXEC] instret=6201, PC=0x00012be0, pc_index=19192
[EXEC] instret=6202, PC=0x00012be4, pc_index=19193
[EXEC] instret=6203, PC=0x00012be8, pc_index=19194
[EXEC] instret=6204, PC=0x00012bec, pc_index=19195
[EXEC] instret=6205, PC=0x00012bf0, pc_index=19196
[EXEC] instret=6206, PC=0x00012bf4, pc_index=19197
[EXEC] instret=6207, PC=0x00012bf8, pc_index=19198
[EXEC] instret=6208, PC=0x00012bfc, pc_index=19199
[EXEC] instret=6209, PC=0x00012c00, pc_index=19200
[EXEC] instret=6210, PC=0x00012c04, pc_index=19201
[EXEC] instret=6211, PC=0x00012c08, pc_index=19202
[EXEC] instret=6212, PC=0x00012c0c, pc_index=19203
[EXEC] instret=6213, PC=0x00012c10, pc_index=19204
[EXEC] instret=6214, PC=0x00012c14, pc_index=19205
[EXEC] instret=6215, PC=0x00012c18, pc_index=19206
[EXEC] instret=6216, PC=0x00012c1c, pc_index=19207
[EXEC] instret=6217, PC=0x00012c24, pc_index=19209
[EXEC] instret=6218, PC=0x00012c28, pc_index=19210
[EXEC] instret=6219, PC=0x00012c2c, pc_index=19211
[EXEC] instret=6220, PC=0x00012c30, pc_index=19212
[EXEC] instret=6221, PC=0x00012c34, pc_index=19213
[EXEC] instret=6222, PC=0x00012c74, pc_index=19229
[EXEC] instret=6223, PC=0x00012c78, pc_index=19230
[EXEC] instret=6224, PC=0x00012c7c, pc_index=19231
[EXEC] instret=6225, PC=0x00012c80, pc_index=19232
[EXEC] instret=6226, PC=0x00012c84, pc_index=19233
[EXEC] instret=6227, PC=0x00012c88, pc_index=19234
[EXEC] instret=6228, PC=0x00012c8c, pc_index=19235
[EXEC] instret=6229, PC=0x0001a664, pc_index=27033
[EXEC] instret=6230, PC=0x0001a668, pc_index=27034
[EXEC] instret=6231, PC=0x0001a66c, pc_index=27035
[EXEC] instret=6232, PC=0x0001a670, pc_index=27036
[EXEC] instret=6233, PC=0x0001a674, pc_index=27037
[EXEC] instret=6234, PC=0x0001a678, pc_index=27038
[EXEC] instret=6235, PC=0x0001a68c, pc_index=27043
[EXEC] instret=6236, PC=0x00012c90, pc_index=19236
[EXEC] instret=6237, PC=0x00012c94, pc_index=19237
[EXEC] instret=6238, PC=0x00012c9c, pc_index=19239
[EXEC] instret=6239, PC=0x00012ca0, pc_index=19240
[EXEC] instret=6240, PC=0x00012ca4, pc_index=19241
[EXEC] instret=6241, PC=0x00012ca8, pc_index=19242
[EXEC] instret=6242, PC=0x00012cac, pc_index=19243
[EXEC] instret=6243, PC=0x00012cb0, pc_index=19244
[EXEC] instret=6244, PC=0x00012cb4, pc_index=19245
[EXEC] instret=6245, PC=0x00013dac, pc_index=20331
[EXEC] instret=6246, PC=0x00013db0, pc_index=20332
[EXEC] instret=6247, PC=0x00013db4, pc_index=20333
[EXEC] instret=6248, PC=0x00013cfc, pc_index=20287
[EXEC] instret=6249, PC=0x00013d00, pc_index=20288
[EXEC] instret=6250, PC=0x00013d04, pc_index=20289
[EXEC] instret=6251, PC=0x00013d08, pc_index=20290
[EXEC] instret=6252, PC=0x00013d0c, pc_index=20291
[EXEC] instret=6253, PC=0x00013d10, pc_index=20292
[EXEC] instret=6254, PC=0x0001aa6c, pc_index=27291
[EXEC] instret=6255, PC=0x0001aa70, pc_index=27292
[EXEC] instret=6256, PC=0x0001aa74, pc_index=27293
[EXEC] instret=6257, PC=0x0001aa78, pc_index=27294
[EXEC] instret=6258, PC=0x0001aa7c, pc_index=27295
[EXEC] instret=6259, PC=0x0001aa80, pc_index=27296
[EXEC] instret=6260, PC=0x0001aa84, pc_index=27297
[EXEC] instret=6261, PC=0x0001aa88, pc_index=27298
[EXEC] instret=6262, PC=0x0001aa8c, pc_index=27299
[EXEC] instret=6263, PC=0x0001aa90, pc_index=27300
[EXEC] instret=6264, PC=0x0001aa94, pc_index=27301
[EXEC] instret=6265, PC=0x0001aa98, pc_index=27302
[EXEC] instret=6266, PC=0x0001aa9c, pc_index=27303
[EXEC] instret=6267, PC=0x0001aaa0, pc_index=27304
[EXEC] instret=6268, PC=0x0001aaa4, pc_index=27305
[EXEC] instret=6269, PC=0x0001aaa8, pc_index=27306
[EXEC] instret=6270, PC=0x0001aaac, pc_index=27307
[EXEC] instret=6271, PC=0x0001aab0, pc_index=27308
[EXEC] instret=6272, PC=0x0001aab4, pc_index=27309
[EXEC] instret=6273, PC=0x0001aab8, pc_index=27310
[EXEC] instret=6274, PC=0x0001aabc, pc_index=27311
[EXEC] instret=6275, PC=0x0001aac0, pc_index=27312
[EXEC] instret=6276, PC=0x0001aac4, pc_index=27313
[EXEC] instret=6277, PC=0x0001aac8, pc_index=27314
[EXEC] instret=6278, PC=0x0001aacc, pc_index=27315
[EXEC] instret=6279, PC=0x0001aad0, pc_index=27316
[EXEC] instret=6280, PC=0x0001aad4, pc_index=27317
[EXEC] instret=6281, PC=0x0001aad8, pc_index=27318
[EXEC] instret=6282, PC=0x0001aadc, pc_index=27319
[EXEC] instret=6283, PC=0x0001aae0, pc_index=27320
[EXEC] instret=6284, PC=0x0001aae4, pc_index=27321
[EXEC] instret=6285, PC=0x0001aae8, pc_index=27322
[EXEC] instret=6286, PC=0x00013d14, pc_index=20293
[EXEC] instret=6287, PC=0x00013d18, pc_index=20294
[EXEC] instret=6288, PC=0x00013d1c, pc_index=20295
[EXEC] instret=6289, PC=0x00013d20, pc_index=20296
[EXEC] instret=6290, PC=0x00013d24, pc_index=20297
[EXEC] instret=6291, PC=0x00013d28, pc_index=20298
[EXEC] instret=6292, PC=0x00013d2c, pc_index=20299
[EXEC] instret=6293, PC=0x00013d30, pc_index=20300
[EXEC] instret=6294, PC=0x00013d38, pc_index=20302
[EXEC] instret=6295, PC=0x00013d3c, pc_index=20303
[EXEC] instret=6296, PC=0x00013d40, pc_index=20304
[EXEC] instret=6297, PC=0x00013d44, pc_index=20305
[EXEC] instret=6298, PC=0x00013d48, pc_index=20306
[EXEC] instret=6299, PC=0x00013d4c, pc_index=20307
[EXEC] instret=6300, PC=0x00010998, pc_index=16998
[EXEC] instret=6301, PC=0x0001099c, pc_index=16999
[EXEC] instret=6302, PC=0x000109a0, pc_index=17000
[EXEC] instret=6303, PC=0x000109a4, pc_index=17001
[EXEC] instret=6304, PC=0x000109a8, pc_index=17002
[EXEC] instret=6305, PC=0x000109ac, pc_index=17003
[EXEC] instret=6306, PC=0x000109b0, pc_index=17004
[EXEC] instret=6307, PC=0x000109b4, pc_index=17005
[EXEC] instret=6308, PC=0x000109b8, pc_index=17006
[EXEC] instret=6309, PC=0x000109bc, pc_index=17007
[EXEC] instret=6310, PC=0x00010704, pc_index=16833
[EXEC] instret=6311, PC=0x00010708, pc_index=16834
[EXEC] instret=6312, PC=0x0001070c, pc_index=16835
[EXEC] instret=6313, PC=0x00010710, pc_index=16836
[EXEC] instret=6314, PC=0x00010714, pc_index=16837
[EXEC] instret=6315, PC=0x00010718, pc_index=16838
[EXEC] instret=6316, PC=0x0001071c, pc_index=16839
[EXEC] instret=6317, PC=0x00010720, pc_index=16840
[EXEC] instret=6318, PC=0x00010724, pc_index=16841
[FLW-ENTRY] PC=0x00010724, instret=6318, ENABLED=true
[FLW] PC=0x00010724, Reading x2 = 0x00080000, imm=0
[FLW] f25 <- mem[0x00080000] = 0x00000001 (0.000000000000000000000000000000000000000000001)
[FLW-EXIT] PC: 0x00010724 -> 0x00010728, instret=6319
[EXEC] instret=6319, PC=0x00010728, pc_index=16842
[FLW-ENTRY] PC=0x00010728, instret=6319, ENABLED=true
[FLW] PC=0x00010728, Reading x2 = 0x00080000, imm=4
[FLW] f26 <- mem[0x00080004] = 0x00000001 (0.000000000000000000000000000000000000000000001)
[FLW-EXIT] PC: 0x00010728 -> 0x0001072c, instret=6320
[EXEC] instret=6320, PC=0x0001072c, pc_index=16843
[FADD-ENTRY] PC=0x0001072c, instret=6320, ENABLED=true
[FADD] Calling handler at 0x000108d4, instruction=0x01ac8dd3
[FADD-EXIT] Jumped to handler: 0x000108d4, return_addr=0x00010730
[EXEC] instret=6321, PC=0x000108d4, pc_index=16949
[EXEC] instret=6322, PC=0x000108d8, pc_index=16950
[EXEC] instret=6323, PC=0x000108dc, pc_index=16951
[EXEC] instret=6324, PC=0x000108e0, pc_index=16952
[EXEC] instret=6325, PC=0x000108e4, pc_index=16953
[EXEC] instret=6326, PC=0x000108e8, pc_index=16954
[EXEC] instret=6327, PC=0x000108ec, pc_index=16955
[EXEC] instret=6328, PC=0x000108f0, pc_index=16956
[EXEC] instret=6329, PC=0x000108f4, pc_index=16957
[EXEC] instret=6330, PC=0x000108f8, pc_index=16958
[EXEC] instret=6331, PC=0x000108fc, pc_index=16959
[EXEC] instret=6332, PC=0x00010900, pc_index=16960
[EXEC] instret=6333, PC=0x00010904, pc_index=16961
[EXEC] instret=6334, PC=0x00010908, pc_index=16962
[EXEC] instret=6335, PC=0x0001090c, pc_index=16963
[EXEC] instret=6336, PC=0x00010910, pc_index=16964
[EXEC] instret=6337, PC=0x00010914, pc_index=16965
[EXEC] instret=6338, PC=0x00010918, pc_index=16966
[EXEC] instret=6339, PC=0x000109c0, pc_index=17008
[EXEC] instret=6340, PC=0x000109c4, pc_index=17009
[EXEC] instret=6341, PC=0x000109c8, pc_index=17010
[EXEC] instret=6342, PC=0x00010928, pc_index=16970
[EXEC] instret=6343, PC=0x0001092c, pc_index=16971
[EXEC] instret=6344, PC=0x00010930, pc_index=16972
[EXEC] instret=6345, PC=0x00010934, pc_index=16973
[EXEC] instret=6346, PC=0x00010938, pc_index=16974
[EXEC] instret=6347, PC=0x0001093c, pc_index=16975
[EXEC] instret=6348, PC=0x00010940, pc_index=16976
[EXEC] instret=6349, PC=0x00010944, pc_index=16977
[EXEC] instret=6350, PC=0x00010948, pc_index=16978
[EXEC] instret=6351, PC=0x0001094c, pc_index=16979
[EXEC] instret=6352, PC=0x00010950, pc_index=16980
[EXEC] instret=6353, PC=0x00010954, pc_index=16981
[EXEC] instret=6354, PC=0x0001a664, pc_index=27033
[EXEC] instret=6355, PC=0x0001a668, pc_index=27034
[EXEC] instret=6356, PC=0x0001a66c, pc_index=27035
[EXEC] instret=6357, PC=0x0001a670, pc_index=27036
[EXEC] instret=6358, PC=0x0001a674, pc_index=27037
[EXEC] instret=6359, PC=0x0001a678, pc_index=27038
[EXEC] instret=6360, PC=0x0001a67c, pc_index=27039
[EXEC] instret=6361, PC=0x0001a680, pc_index=27040
[EXEC] instret=6362, PC=0x0001a684, pc_index=27041
[EXEC] instret=6363, PC=0x00010958, pc_index=16982
[EXEC] instret=6364, PC=0x0001095c, pc_index=16983
[EXEC] instret=6365, PC=0x00010960, pc_index=16984
[EXEC] instret=6366, PC=0x00010964, pc_index=16985
[EXEC] instret=6367, PC=0x00010968, pc_index=16986
[EXEC] instret=6368, PC=0x0001096c, pc_index=16987
[EXEC] instret=6369, PC=0x00010970, pc_index=16988
[EXEC] instret=6370, PC=0x00010974, pc_index=16989
[EXEC] instret=6371, PC=0x00010978, pc_index=16990
[EXEC] instret=6372, PC=0x0001097c, pc_index=16991
[EXEC] instret=6373, PC=0x00010980, pc_index=16992
[EXEC] instret=6374, PC=0x00010984, pc_index=16993
[EXEC] instret=6375, PC=0x000109fc, pc_index=17023
[EXEC] instret=6376, PC=0x00010a00, pc_index=17024
[EXEC] instret=6377, PC=0x00010a04, pc_index=17025
[EXEC] instret=6378, PC=0x00010a08, pc_index=17026
[EXEC] instret=6379, PC=0x00010a0c, pc_index=17027
[EXEC] instret=6380, PC=0x00010a10, pc_index=17028
[EXEC] instret=6381, PC=0x0001a664, pc_index=27033
[EXEC] instret=6382, PC=0x0001a668, pc_index=27034
[EXEC] instret=6383, PC=0x0001a66c, pc_index=27035
[EXEC] instret=6384, PC=0x0001a670, pc_index=27036
[EXEC] instret=6385, PC=0x0001a674, pc_index=27037
[EXEC] instret=6386, PC=0x0001a678, pc_index=27038
[EXEC] instret=6387, PC=0x0001a68c, pc_index=27043
[EXEC] instret=6388, PC=0x00010a14, pc_index=17029
[EXEC] instret=6389, PC=0x00010a18, pc_index=17030
[EXEC] instret=6390, PC=0x00010a1c, pc_index=17031
[EXEC] instret=6391, PC=0x00010a20, pc_index=17032
[EXEC] instret=6392, PC=0x00010a24, pc_index=17033
[EXEC] instret=6393, PC=0x00010a28, pc_index=17034
[EXEC] instret=6394, PC=0x00010a2c, pc_index=17035
[EXEC] instret=6395, PC=0x00010a30, pc_index=17036
[EXEC] instret=6396, PC=0x00010a34, pc_index=17037
[EXEC] instret=6397, PC=0x00012e54, pc_index=19349
[EXEC] instret=6398, PC=0x00012e58, pc_index=19350
[EXEC] instret=6399, PC=0x00012e5c, pc_index=19351
[EXEC] instret=6400, PC=0x00012e60, pc_index=19352
[EXEC] instret=6401, PC=0x00012e64, pc_index=19353
[EXEC] instret=6402, PC=0x00012e68, pc_index=19354
[EXEC] instret=6403, PC=0x00012e6c, pc_index=19355
[EXEC] instret=6404, PC=0x00012e70, pc_index=19356
[EXEC] instret=6405, PC=0x00012e74, pc_index=19357
[EXEC] instret=6406, PC=0x00012e78, pc_index=19358
[EXEC] instret=6407, PC=0x00012e7c, pc_index=19359
[EXEC] instret=6408, PC=0x00012e80, pc_index=19360
[EXEC] instret=6409, PC=0x00012e84, pc_index=19361
[EXEC] instret=6410, PC=0x00012e8c, pc_index=19363
[EXEC] instret=6411, PC=0x00012e90, pc_index=19364
[EXEC] instret=6412, PC=0x00012e94, pc_index=19365
[EXEC] instret=6413, PC=0x00012e98, pc_index=19366
[EXEC] instret=6414, PC=0x00012e9c, pc_index=19367
[EXEC] instret=6415, PC=0x00012ea0, pc_index=19368
[EXEC] instret=6416, PC=0x00012ea4, pc_index=19369
[EXEC] instret=6417, PC=0x00012ea8, pc_index=19370
[EXEC] instret=6418, PC=0x00012eac, pc_index=19371
[EXEC] instret=6419, PC=0x00012eb4, pc_index=19373
[EXEC] instret=6420, PC=0x00012eb8, pc_index=19374
[EXEC] instret=6421, PC=0x00012ebc, pc_index=19375
[EXEC] instret=6422, PC=0x00012ec0, pc_index=19376
[EXEC] instret=6423, PC=0x00012ec4, pc_index=19377
[EXEC] instret=6424, PC=0x00012ec8, pc_index=19378
[EXEC] instret=6425, PC=0x00012ecc, pc_index=19379
[EXEC] instret=6426, PC=0x00012ed0, pc_index=19380
[EXEC] instret=6427, PC=0x00012ed8, pc_index=19382
[EXEC] instret=6428, PC=0x00012edc, pc_index=19383
[EXEC] instret=6429, PC=0x00012ee0, pc_index=19384
[EXEC] instret=6430, PC=0x00012ee4, pc_index=19385
[EXEC] instret=6431, PC=0x00012ee8, pc_index=19386
[EXEC] instret=6432, PC=0x00012ef0, pc_index=19388
[EXEC] instret=6433, PC=0x00012ef4, pc_index=19389
[EXEC] instret=6434, PC=0x00012ef8, pc_index=19390
[EXEC] instret=6435, PC=0x00012efc, pc_index=19391
[EXEC] instret=6436, PC=0x00012f00, pc_index=19392
[EXEC] instret=6437, PC=0x00012f08, pc_index=19394
[EXEC] instret=6438, PC=0x00012f0c, pc_index=19395
[EXEC] instret=6439, PC=0x00012f10, pc_index=19396
[EXEC] instret=6440, PC=0x00012f14, pc_index=19397
[EXEC] instret=6441, PC=0x00012f18, pc_index=19398
[EXEC] instret=6442, PC=0x00012f54, pc_index=19413
[EXEC] instret=6443, PC=0x00012f58, pc_index=19414
[EXEC] instret=6444, PC=0x00012f5c, pc_index=19415
[EXEC] instret=6445, PC=0x00012f60, pc_index=19416
[EXEC] instret=6446, PC=0x00012f64, pc_index=19417
[EXEC] instret=6447, PC=0x00012f68, pc_index=19418
[EXEC] instret=6448, PC=0x00012f6c, pc_index=19419
[EXEC] instret=6449, PC=0x0001a664, pc_index=27033
[EXEC] instret=6450, PC=0x0001a668, pc_index=27034
[EXEC] instret=6451, PC=0x0001a66c, pc_index=27035
[EXEC] instret=6452, PC=0x0001a670, pc_index=27036
[EXEC] instret=6453, PC=0x0001a674, pc_index=27037
[EXEC] instret=6454, PC=0x0001a678, pc_index=27038
[EXEC] instret=6455, PC=0x0001a68c, pc_index=27043
[EXEC] instret=6456, PC=0x00012f70, pc_index=19420
[EXEC] instret=6457, PC=0x00012f74, pc_index=19421
[EXEC] instret=6458, PC=0x00012f78, pc_index=19422
[EXEC] instret=6459, PC=0x00012f7c, pc_index=19423
[EXEC] instret=6460, PC=0x00012f80, pc_index=19424
[EXEC] instret=6461, PC=0x00012f84, pc_index=19425
[EXEC] instret=6462, PC=0x00012f88, pc_index=19426
[EXEC] instret=6463, PC=0x00012f8c, pc_index=19427
[EXEC] instret=6464, PC=0x00012f90, pc_index=19428
[EXEC] instret=6465, PC=0x00013bf8, pc_index=20222
[EXEC] instret=6466, PC=0x00013bfc, pc_index=20223
[EXEC] instret=6467, PC=0x00013c00, pc_index=20224
[EXEC] instret=6468, PC=0x00013af8, pc_index=20158
[EXEC] instret=6469, PC=0x00013afc, pc_index=20159
[EXEC] instret=6470, PC=0x00013b00, pc_index=20160
[EXEC] instret=6471, PC=0x00013b04, pc_index=20161
[EXEC] instret=6472, PC=0x00013b08, pc_index=20162
[EXEC] instret=6473, PC=0x00013b0c, pc_index=20163
[EXEC] instret=6474, PC=0x0001a690, pc_index=27044
[EXEC] instret=6475, PC=0x0001a694, pc_index=27045
[EXEC] instret=6476, PC=0x0001a698, pc_index=27046
[EXEC] instret=6477, PC=0x0001a69c, pc_index=27047
[EXEC] instret=6478, PC=0x0001a6a0, pc_index=27048
[EXEC] instret=6479, PC=0x0001c2d4, pc_index=28853
[EXEC] instret=6480, PC=0x0001c2d8, pc_index=28854
[EXEC] instret=6481, PC=0x0001c2dc, pc_index=28855
[EXEC] instret=6482, PC=0x0001c2e0, pc_index=28856
[EXEC] instret=6483, PC=0x0001c2e4, pc_index=28857
[EXEC] instret=6484, PC=0x0001c2e8, pc_index=28858
[EXEC] instret=6485, PC=0x0001c2ec, pc_index=28859
[EXEC] instret=6486, PC=0x0001c2f0, pc_index=28860
[EXEC] instret=6487, PC=0x0001c2f4, pc_index=28861
[EXEC] instret=6488, PC=0x0001c2f8, pc_index=28862
[EXEC] instret=6489, PC=0x0001c2fc, pc_index=28863
[EXEC] instret=6490, PC=0x0001c300, pc_index=28864
[EXEC] instret=6491, PC=0x0001c304, pc_index=28865
[EXEC] instret=6492, PC=0x0001c308, pc_index=28866
[EXEC] instret=6493, PC=0x0001c30c, pc_index=28867
[EXEC] instret=6494, PC=0x0001c310, pc_index=28868
[EXEC] instret=6495, PC=0x0001c408, pc_index=28930
[EXEC] instret=6496, PC=0x0001c40c, pc_index=28931
[EXEC] instret=6497, PC=0x0001c410, pc_index=28932
[EXEC] instret=6498, PC=0x0001c414, pc_index=28933
[EXEC] instret=6499, PC=0x0001c418, pc_index=28934
[EXEC] instret=6500, PC=0x0001c41c, pc_index=28935
[EXEC] instret=6501, PC=0x0001c420, pc_index=28936
[EXEC] instret=6502, PC=0x00013b10, pc_index=20164
[EXEC] instret=6503, PC=0x00013b14, pc_index=20165
[EXEC] instret=6504, PC=0x00013b18, pc_index=20166
[EXEC] instret=6505, PC=0x00013b1c, pc_index=20167
[EXEC] instret=6506, PC=0x00013b20, pc_index=20168
[EXEC] instret=6507, PC=0x00013b24, pc_index=20169
[EXEC] instret=6508, PC=0x00013b28, pc_index=20170
[EXEC] instret=6509, PC=0x00013b2c, pc_index=20171
[EXEC] instret=6510, PC=0x00013b30, pc_index=20172
[EXEC] instret=6511, PC=0x00013b34, pc_index=20173
[EXEC] instret=6512, PC=0x00013b38, pc_index=20174
[EXEC] instret=6513, PC=0x00010998, pc_index=16998
[EXEC] instret=6514, PC=0x0001099c, pc_index=16999
[EXEC] instret=6515, PC=0x000109a0, pc_index=17000
[EXEC] instret=6516, PC=0x000109a4, pc_index=17001
[EXEC] instret=6517, PC=0x000109a8, pc_index=17002
[EXEC] instret=6518, PC=0x000109ac, pc_index=17003
[EXEC] instret=6519, PC=0x000109b0, pc_index=17004
[EXEC] instret=6520, PC=0x000109b4, pc_index=17005
[EXEC] instret=6521, PC=0x000109b8, pc_index=17006
[EXEC] instret=6522, PC=0x000109bc, pc_index=17007
[EXEC] instret=6523, PC=0x00010730, pc_index=16844
[EXEC] instret=6524, PC=0x00010734, pc_index=16845
[EXEC] instret=6525, PC=0x00010738, pc_index=16846
[EXEC] instret=6526, PC=0x0001073c, pc_index=16847
[EXEC] instret=6527, PC=0x00010740, pc_index=16848
[EXEC] instret=6528, PC=0x00010744, pc_index=16849
[EXEC] instret=6529, PC=0x00010748, pc_index=16850
[EXEC] instret=6530, PC=0x0001074c, pc_index=16851
[EXEC] instret=6531, PC=0x00010750, pc_index=16852
[FLW-ENTRY] PC=0x00010750, instret=6531, ENABLED=true
[FLW] PC=0x00010750, Reading x2 = 0x00080000, imm=0
[FLW] f25 <- mem[0x00080000] = 0x00800000 (0.000000000000000000000000000000000000011754944)
[FLW-EXIT] PC: 0x00010750 -> 0x00010754, instret=6532
[EXEC] instret=6532, PC=0x00010754, pc_index=16853
[FLW-ENTRY] PC=0x00010754, instret=6532, ENABLED=true
[FLW] PC=0x00010754, Reading x2 = 0x00080000, imm=4
[FLW] f26 <- mem[0x00080004] = 0x3f000000 (0.5)
[FLW-EXIT] PC: 0x00010754 -> 0x00010758, instret=6533
[EXEC] instret=6533, PC=0x00010758, pc_index=16854
[FADD-ENTRY] PC=0x00010758, instret=6533, ENABLED=true
[FADD] Calling handler at 0x000108d4, instruction=0x11ac8dd3
[FADD-EXIT] Jumped to handler: 0x000108d4, return_addr=0x0001075c
[EXEC] instret=6534, PC=0x000108d4, pc_index=16949
[EXEC] instret=6535, PC=0x000108d8, pc_index=16950
[EXEC] instret=6536, PC=0x000108dc, pc_index=16951
[EXEC] instret=6537, PC=0x000108e0, pc_index=16952
[EXEC] instret=6538, PC=0x000108e4, pc_index=16953
[EXEC] instret=6539, PC=0x000108e8, pc_index=16954
[EXEC] instret=6540, PC=0x000108ec, pc_index=16955
[EXEC] instret=6541, PC=0x000108f0, pc_index=16956
[EXEC] instret=6542, PC=0x000108f4, pc_index=16957
[EXEC] instret=6543, PC=0x000108f8, pc_index=16958
[EXEC] instret=6544, PC=0x000108fc, pc_index=16959
[EXEC] instret=6545, PC=0x00010900, pc_index=16960
[EXEC] instret=6546, PC=0x00010904, pc_index=16961
[EXEC] instret=6547, PC=0x00010908, pc_index=16962
[EXEC] instret=6548, PC=0x0001090c, pc_index=16963
[EXEC] instret=6549, PC=0x00010910, pc_index=16964
[EXEC] instret=6550, PC=0x00010914, pc_index=16965
[EXEC] instret=6551, PC=0x00010918, pc_index=16966
[EXEC] instret=6552, PC=0x000109c0, pc_index=17008
[EXEC] instret=6553, PC=0x000109c4, pc_index=17009
[EXEC] instret=6554, PC=0x000109c8, pc_index=17010
[EXEC] instret=6555, PC=0x00010928, pc_index=16970
[EXEC] instret=6556, PC=0x0001092c, pc_index=16971
[EXEC] instret=6557, PC=0x00010930, pc_index=16972
[EXEC] instret=6558, PC=0x00010934, pc_index=16973
[EXEC] instret=6559, PC=0x00010938, pc_index=16974
[EXEC] instret=6560, PC=0x0001093c, pc_index=16975
[EXEC] instret=6561, PC=0x00010940, pc_index=16976
[EXEC] instret=6562, PC=0x00010944, pc_index=16977
[EXEC] instret=6563, PC=0x00010948, pc_index=16978
[EXEC] instret=6564, PC=0x0001094c, pc_index=16979
[EXEC] instret=6565, PC=0x00010950, pc_index=16980
[EXEC] instret=6566, PC=0x00010954, pc_index=16981
[EXEC] instret=6567, PC=0x0001a664, pc_index=27033
[EXEC] instret=6568, PC=0x0001a668, pc_index=27034
[EXEC] instret=6569, PC=0x0001a66c, pc_index=27035
[EXEC] instret=6570, PC=0x0001a670, pc_index=27036
[EXEC] instret=6571, PC=0x0001a674, pc_index=27037
[EXEC] instret=6572, PC=0x0001a678, pc_index=27038
[EXEC] instret=6573, PC=0x0001a67c, pc_index=27039
[EXEC] instret=6574, PC=0x0001a680, pc_index=27040
[EXEC] instret=6575, PC=0x0001a684, pc_index=27041
[EXEC] instret=6576, PC=0x00010958, pc_index=16982
[EXEC] instret=6577, PC=0x0001095c, pc_index=16983
[EXEC] instret=6578, PC=0x00010960, pc_index=16984
[EXEC] instret=6579, PC=0x00010964, pc_index=16985
[EXEC] instret=6580, PC=0x00010968, pc_index=16986
[EXEC] instret=6581, PC=0x0001096c, pc_index=16987
[EXEC] instret=6582, PC=0x00010970, pc_index=16988
[EXEC] instret=6583, PC=0x00010974, pc_index=16989
[EXEC] instret=6584, PC=0x00010978, pc_index=16990
[EXEC] instret=6585, PC=0x0001097c, pc_index=16991
[EXEC] instret=6586, PC=0x00010980, pc_index=16992
[EXEC] instret=6587, PC=0x00010984, pc_index=16993
[EXEC] instret=6588, PC=0x000109fc, pc_index=17023
[EXEC] instret=6589, PC=0x00010a00, pc_index=17024
[EXEC] instret=6590, PC=0x00010a04, pc_index=17025
[EXEC] instret=6591, PC=0x00010a08, pc_index=17026
[EXEC] instret=6592, PC=0x00010a0c, pc_index=17027
[EXEC] instret=6593, PC=0x00010a10, pc_index=17028
[EXEC] instret=6594, PC=0x0001a664, pc_index=27033
[EXEC] instret=6595, PC=0x0001a668, pc_index=27034
[EXEC] instret=6596, PC=0x0001a66c, pc_index=27035
[EXEC] instret=6597, PC=0x0001a670, pc_index=27036
[EXEC] instret=6598, PC=0x0001a674, pc_index=27037
[EXEC] instret=6599, PC=0x0001a678, pc_index=27038
[EXEC] instret=6600, PC=0x0001a68c, pc_index=27043
[EXEC] instret=6601, PC=0x00010a14, pc_index=17029
[EXEC] instret=6602, PC=0x00010a18, pc_index=17030
[EXEC] instret=6603, PC=0x00010a1c, pc_index=17031
[EXEC] instret=6604, PC=0x00010a20, pc_index=17032
[EXEC] instret=6605, PC=0x00010a24, pc_index=17033
[EXEC] instret=6606, PC=0x00010a28, pc_index=17034
[EXEC] instret=6607, PC=0x00010a2c, pc_index=17035
[EXEC] instret=6608, PC=0x00010a30, pc_index=17036
[EXEC] instret=6609, PC=0x00010a34, pc_index=17037
[EXEC] instret=6610, PC=0x00012b48, pc_index=19154
[EXEC] instret=6611, PC=0x00012b4c, pc_index=19155
[EXEC] instret=6612, PC=0x00012b50, pc_index=19156
[EXEC] instret=6613, PC=0x00012b54, pc_index=19157
[EXEC] instret=6614, PC=0x00012b58, pc_index=19158
[EXEC] instret=6615, PC=0x00012b5c, pc_index=19159
[EXEC] instret=6616, PC=0x00012b60, pc_index=19160
[EXEC] instret=6617, PC=0x00012b64, pc_index=19161
[EXEC] instret=6618, PC=0x00012b68, pc_index=19162
[EXEC] instret=6619, PC=0x00012b6c, pc_index=19163
[EXEC] instret=6620, PC=0x00012b70, pc_index=19164
[EXEC] instret=6621, PC=0x00012b74, pc_index=19165
[EXEC] instret=6622, PC=0x00012b78, pc_index=19166
[EXEC] instret=6623, PC=0x00012b80, pc_index=19168
[EXEC] instret=6624, PC=0x00012b84, pc_index=19169
[EXEC] instret=6625, PC=0x00012b88, pc_index=19170
[EXEC] instret=6626, PC=0x00012b8c, pc_index=19171
[EXEC] instret=6627, PC=0x00012b90, pc_index=19172
[EXEC] instret=6628, PC=0x00012b98, pc_index=19174
[EXEC] instret=6629, PC=0x00012b9c, pc_index=19175
[EXEC] instret=6630, PC=0x00012ba0, pc_index=19176
[EXEC] instret=6631, PC=0x00012ba4, pc_index=19177
[EXEC] instret=6632, PC=0x00012ba8, pc_index=19178
[EXEC] instret=6633, PC=0x00012bb0, pc_index=19180
[EXEC] instret=6634, PC=0x00012bb4, pc_index=19181
[EXEC] instret=6635, PC=0x00012bb8, pc_index=19182
[EXEC] instret=6636, PC=0x00012bbc, pc_index=19183
[EXEC] instret=6637, PC=0x00012bc0, pc_index=19184
[EXEC] instret=6638, PC=0x00012bc4, pc_index=19185
[EXEC] instret=6639, PC=0x00012bc8, pc_index=19186
[EXEC] instret=6640, PC=0x00012bcc, pc_index=19187
[EXEC] instret=6641, PC=0x00012bd0, pc_index=19188
[EXEC] instret=6642, PC=0x00012bd8, pc_index=19190
[EXEC] instret=6643, PC=0x00012bdc, pc_index=19191
[EXEC] instret=6644, PC=0x00012be0, pc_index=19192
[EXEC] instret=6645, PC=0x00012be4, pc_index=19193
[EXEC] instret=6646, PC=0x00012be8, pc_index=19194
[EXEC] instret=6647, PC=0x00012bec, pc_index=19195
[EXEC] instret=6648, PC=0x00012bf0, pc_index=19196
[EXEC] instret=6649, PC=0x00012bf4, pc_index=19197
[EXEC] instret=6650, PC=0x00012c24, pc_index=19209
[EXEC] instret=6651, PC=0x00012c28, pc_index=19210
[EXEC] instret=6652, PC=0x00012c2c, pc_index=19211
[EXEC] instret=6653, PC=0x00012c30, pc_index=19212
[EXEC] instret=6654, PC=0x00012c34, pc_index=19213
[EXEC] instret=6655, PC=0x00012c74, pc_index=19229
[EXEC] instret=6656, PC=0x00012c78, pc_index=19230
[EXEC] instret=6657, PC=0x00012c7c, pc_index=19231
[EXEC] instret=6658, PC=0x00012c80, pc_index=19232
[EXEC] instret=6659, PC=0x00012c84, pc_index=19233
[EXEC] instret=6660, PC=0x00012c88, pc_index=19234
[EXEC] instret=6661, PC=0x00012c8c, pc_index=19235
[EXEC] instret=6662, PC=0x0001a664, pc_index=27033
[EXEC] instret=6663, PC=0x0001a668, pc_index=27034
[EXEC] instret=6664, PC=0x0001a66c, pc_index=27035
[EXEC] instret=6665, PC=0x0001a670, pc_index=27036
[EXEC] instret=6666, PC=0x0001a674, pc_index=27037
[EXEC] instret=6667, PC=0x0001a678, pc_index=27038
[EXEC] instret=6668, PC=0x0001a68c, pc_index=27043
[EXEC] instret=6669, PC=0x00012c90, pc_index=19236
[EXEC] instret=6670, PC=0x00012c94, pc_index=19237
[EXEC] instret=6671, PC=0x00012c9c, pc_index=19239
[EXEC] instret=6672, PC=0x00012ca0, pc_index=19240
[EXEC] instret=6673, PC=0x00012ca4, pc_index=19241
[EXEC] instret=6674, PC=0x00012ca8, pc_index=19242
[EXEC] instret=6675, PC=0x00012cac, pc_index=19243
[EXEC] instret=6676, PC=0x00012cb0, pc_index=19244
[EXEC] instret=6677, PC=0x00012cb4, pc_index=19245
[EXEC] instret=6678, PC=0x00013dac, pc_index=20331
[EXEC] instret=6679, PC=0x00013db0, pc_index=20332
[EXEC] instret=6680, PC=0x00013db4, pc_index=20333
[EXEC] instret=6681, PC=0x00013cfc, pc_index=20287
[EXEC] instret=6682, PC=0x00013d00, pc_index=20288
[EXEC] instret=6683, PC=0x00013d04, pc_index=20289
[EXEC] instret=6684, PC=0x00013d08, pc_index=20290
[EXEC] instret=6685, PC=0x00013d0c, pc_index=20291
[EXEC] instret=6686, PC=0x00013d10, pc_index=20292
[EXEC] instret=6687, PC=0x0001aa6c, pc_index=27291
[EXEC] instret=6688, PC=0x0001aa70, pc_index=27292
[EXEC] instret=6689, PC=0x0001aa74, pc_index=27293
[EXEC] instret=6690, PC=0x0001aa78, pc_index=27294
[EXEC] instret=6691, PC=0x0001aa7c, pc_index=27295
[EXEC] instret=6692, PC=0x0001aa80, pc_index=27296
[EXEC] instret=6693, PC=0x0001aa84, pc_index=27297
[EXEC] instret=6694, PC=0x0001aa88, pc_index=27298
[EXEC] instret=6695, PC=0x0001aa8c, pc_index=27299
[EXEC] instret=6696, PC=0x0001aa90, pc_index=27300
[EXEC] instret=6697, PC=0x0001aa94, pc_index=27301
[EXEC] instret=6698, PC=0x0001aa98, pc_index=27302
[EXEC] instret=6699, PC=0x0001aa9c, pc_index=27303
[EXEC] instret=6700, PC=0x0001aaa0, pc_index=27304
[EXEC] instret=6701, PC=0x0001aaa4, pc_index=27305
[EXEC] instret=6702, PC=0x0001aaa8, pc_index=27306
[EXEC] instret=6703, PC=0x0001aaac, pc_index=27307
[EXEC] instret=6704, PC=0x0001aab0, pc_index=27308
[EXEC] instret=6705, PC=0x0001aab4, pc_index=27309
[EXEC] instret=6706, PC=0x0001aab8, pc_index=27310
[EXEC] instret=6707, PC=0x0001aabc, pc_index=27311
[EXEC] instret=6708, PC=0x0001ab60, pc_index=27352
[EXEC] instret=6709, PC=0x0001ab78, pc_index=27358
[EXEC] instret=6710, PC=0x0001ab7c, pc_index=27359
[EXEC] instret=6711, PC=0x0001ab80, pc_index=27360
[EXEC] instret=6712, PC=0x0001ab84, pc_index=27361
[EXEC] instret=6713, PC=0x0001ab88, pc_index=27362
[EXEC] instret=6714, PC=0x0001ab8c, pc_index=27363
[EXEC] instret=6715, PC=0x0001ab90, pc_index=27364
[EXEC] instret=6716, PC=0x0001ab94, pc_index=27365
[EXEC] instret=6717, PC=0x0001ab98, pc_index=27366
[EXEC] instret=6718, PC=0x0001ab9c, pc_index=27367
[EXEC] instret=6719, PC=0x0001aba0, pc_index=27368
[EXEC] instret=6720, PC=0x0001e73c, pc_index=31183
[EXEC] instret=6721, PC=0x0001e740, pc_index=31184
[EXEC] instret=6722, PC=0x0001e744, pc_index=31185
[EXEC] instret=6723, PC=0x0001e748, pc_index=31186
[EXEC] instret=6724, PC=0x0001e74c, pc_index=31187
[EXEC] instret=6725, PC=0x0001e750, pc_index=31188
[EXEC] instret=6726, PC=0x0001e754, pc_index=31189
[EXEC] instret=6727, PC=0x0001e758, pc_index=31190
[EXEC] instret=6728, PC=0x0001e75c, pc_index=31191
[EXEC] instret=6729, PC=0x0001e760, pc_index=31192
[EXEC] instret=6730, PC=0x0001e764, pc_index=31193
[EXEC] instret=6731, PC=0x0001e768, pc_index=31194
[EXEC] instret=6732, PC=0x0001e76c, pc_index=31195
[EXEC] instret=6733, PC=0x0001e770, pc_index=31196
[EXEC] instret=6734, PC=0x0001e774, pc_index=31197
[EXEC] instret=6735, PC=0x0001e778, pc_index=31198
[EXEC] instret=6736, PC=0x0001aba4, pc_index=27369
[EXEC] instret=6737, PC=0x0001aba8, pc_index=27370
[EXEC] instret=6738, PC=0x0001abac, pc_index=27371
[EXEC] instret=6739, PC=0x0001abdc, pc_index=27383
[EXEC] instret=6740, PC=0x0001abe0, pc_index=27384
[EXEC] instret=6741, PC=0x0001abe4, pc_index=27385
[EXEC] instret=6742, PC=0x0001abb0, pc_index=27372
[EXEC] instret=6743, PC=0x0001abb4, pc_index=27373
[EXEC] instret=6744, PC=0x0001abb8, pc_index=27374
[EXEC] instret=6745, PC=0x0001abbc, pc_index=27375
[EXEC] instret=6746, PC=0x0001abc0, pc_index=27376
[EXEC] instret=6747, PC=0x0001abc4, pc_index=27377
[EXEC] instret=6748, PC=0x0001abc8, pc_index=27378
[EXEC] instret=6749, PC=0x0001abcc, pc_index=27379
[EXEC] instret=6750, PC=0x0001abd0, pc_index=27380
[EXEC] instret=6751, PC=0x0001ddcc, pc_index=30579
[EXEC] instret=6752, PC=0x0001ddd0, pc_index=30580
[EXEC] instret=6753, PC=0x0001ddd4, pc_index=30581
[EXEC] instret=6754, PC=0x0001ddd8, pc_index=30582
[EXEC] instret=6755, PC=0x0001dddc, pc_index=30583
[EXEC] instret=6756, PC=0x0001dde0, pc_index=30584
[EXEC] instret=6757, PC=0x0001dde4, pc_index=30585
[EXEC] instret=6758, PC=0x0001dde8, pc_index=30586
[EXEC] instret=6759, PC=0x0001ddec, pc_index=30587
[EXEC] instret=6760, PC=0x0001ddf0, pc_index=30588
[EXEC] instret=6761, PC=0x0001ddf4, pc_index=30589
[EXEC] instret=6762, PC=0x0001ddf8, pc_index=30590
[EXEC] instret=6763, PC=0x0001ddfc, pc_index=30591
[EXEC] instret=6764, PC=0x0001de14, pc_index=30597
[EXEC] instret=6765, PC=0x0001de18, pc_index=30598
[EXEC] instret=6766, PC=0x0001de1c, pc_index=30599
[EXEC] instret=6767, PC=0x0001de20, pc_index=30600
[EXEC] instret=6768, PC=0x0001dee0, pc_index=30648
[EXEC] instret=6769, PC=0x0001dee4, pc_index=30649
[EXEC] instret=6770, PC=0x0001dee8, pc_index=30650
[EXEC] instret=6771, PC=0x0001df28, pc_index=30666
[EXEC] instret=6772, PC=0x0001df2c, pc_index=30667
[EXEC] instret=6773, PC=0x0001df30, pc_index=30668
[EXEC] instret=6774, PC=0x0001df34, pc_index=30669
[EXEC] instret=6775, PC=0x0001deec, pc_index=30651
[EXEC] instret=6776, PC=0x0001def0, pc_index=30652
[EXEC] instret=6777, PC=0x0001def4, pc_index=30653
[EXEC] instret=6778, PC=0x0001e538, pc_index=31054
[EXEC] instret=6779, PC=0x0001e53c, pc_index=31055
[EXEC] instret=6780, PC=0x0001e540, pc_index=31056
[EXEC] instret=6781, PC=0x0001e544, pc_index=31057
[EXEC] instret=6782, PC=0x0001e548, pc_index=31058
[EXEC] instret=6783, PC=0x0001e54c, pc_index=31059
[EXEC] instret=6784, PC=0x0001e550, pc_index=31060
[EXEC] instret=6785, PC=0x0001e554, pc_index=31061
[EXEC] instret=6786, PC=0x0001def8, pc_index=30654
[EXEC] instret=6787, PC=0x0001defc, pc_index=30655
[EXEC] instret=6788, PC=0x0001df00, pc_index=30656
[EXEC] instret=6789, PC=0x0001df04, pc_index=30657
[EXEC] instret=6790, PC=0x0001df08, pc_index=30658
[EXEC] instret=6791, PC=0x0001dea4, pc_index=30633
[EXEC] instret=6792, PC=0x0001dea8, pc_index=30634
[EXEC] instret=6793, PC=0x0001ded8, pc_index=30646
[EXEC] instret=6794, PC=0x0001dedc, pc_index=30647
[EXEC] instret=6795, PC=0x0001deac, pc_index=30635
[EXEC] instret=6796, PC=0x0001deb0, pc_index=30636
[EXEC] instret=6797, PC=0x0001deb4, pc_index=30637
[EXEC] instret=6798, PC=0x0001deb8, pc_index=30638
[EXEC] instret=6799, PC=0x0001debc, pc_index=30639
[EXEC] instret=6800, PC=0x0001dec0, pc_index=30640
[EXEC] instret=6801, PC=0x0001dec4, pc_index=30641
[EXEC] instret=6802, PC=0x0001dec8, pc_index=30642
[EXEC] instret=6803, PC=0x0001decc, pc_index=30643
[EXEC] instret=6804, PC=0x0001ded0, pc_index=30644
[EXEC] instret=6805, PC=0x0001ded4, pc_index=30645
[EXEC] instret=6806, PC=0x00013d14, pc_index=20293
[EXEC] instret=6807, PC=0x00013d18, pc_index=20294
[EXEC] instret=6808, PC=0x00013d1c, pc_index=20295
[EXEC] instret=6809, PC=0x00013d20, pc_index=20296
[EXEC] instret=6810, PC=0x00013d24, pc_index=20297
[EXEC] instret=6811, PC=0x00013d28, pc_index=20298
[EXEC] instret=6812, PC=0x00013d2c, pc_index=20299
[EXEC] instret=6813, PC=0x00013d30, pc_index=20300
[EXEC] instret=6814, PC=0x00013d38, pc_index=20302
[EXEC] instret=6815, PC=0x00013d3c, pc_index=20303
[EXEC] instret=6816, PC=0x00013d40, pc_index=20304
[EXEC] instret=6817, PC=0x00013d44, pc_index=20305
[EXEC] instret=6818, PC=0x00013d48, pc_index=20306
[EXEC] instret=6819, PC=0x00013d4c, pc_index=20307
[EXEC] instret=6820, PC=0x00010998, pc_index=16998
[EXEC] instret=6821, PC=0x0001099c, pc_index=16999
[EXEC] instret=6822, PC=0x000109a0, pc_index=17000
[EXEC] instret=6823, PC=0x000109a4, pc_index=17001
[EXEC] instret=6824, PC=0x000109a8, pc_index=17002
[EXEC] instret=6825, PC=0x000109ac, pc_index=17003
[EXEC] instret=6826, PC=0x000109b0, pc_index=17004
[EXEC] instret=6827, PC=0x000109b4, pc_index=17005
[EXEC] instret=6828, PC=0x000109b8, pc_index=17006
[EXEC] instret=6829, PC=0x000109bc, pc_index=17007
[EXEC] instret=6830, PC=0x0001075c, pc_index=16855
[EXEC] instret=6831, PC=0x00010760, pc_index=16856
[EXEC] instret=6832, PC=0x00010764, pc_index=16857
[EXEC] instret=6833, PC=0x00010768, pc_index=16858
[EXEC] instret=6834, PC=0x0001076c, pc_index=16859
[EXEC] instret=6835, PC=0x00010770, pc_index=16860
[EXEC] instret=6836, PC=0x00010774, pc_index=16861
[FLW-ENTRY] PC=0x00010774, instret=6836, ENABLED=true
[FLW] PC=0x00010774, Reading x2 = 0x00080000, imm=0
[FLW] f28 <- mem[0x00080000] = 0x40200000 (2.5)
[FLW-EXIT] PC: 0x00010774 -> 0x00010778, instret=6837
[EXEC] instret=6837, PC=0x00010778, pc_index=16862
[FCVT-ENTRY] PC=0x00010778, instret=6837, direction=0, unsigned=0, rm=1, ENABLED=true
[FCVT.W.S] f28 (2.5=0x40200000, rm=1) -> x6 (2)  [rounded=2]
[EXEC] instret=6838, PC=0x0001077c, pc_index=16863
[EXEC] instret=6839, PC=0x00010780, pc_index=16864
[EXEC] instret=6840, PC=0x00010784, pc_index=16865
[FCVT-ENTRY] PC=0x00010784, instret=6840, direction=0, unsigned=0, rm=2, ENABLED=true
[FCVT.W.S] f28 (2.5=0x40200000, rm=2) -> x6 (2)  [rounded=2]
[EXEC] instret=6841, PC=0x00010788, pc_index=16866
[EXEC] instret=6842, PC=0x0001078c, pc_index=16867
[EXEC] instret=6843, PC=0x00010790, pc_index=16868
[FCVT-ENTRY] PC=0x00010790, instret=6843, direction=0, unsigned=0, rm=3, ENABLED=true
[FCVT.W.S] f28 (2.5=0x40200000, rm=3) -> x6 (3)  [rounded=3]
[EXEC] instret=6844, PC=0x00010794, pc_index=16869
[EXEC] instret=6845, PC=0x00010798, pc_index=16870
[EXEC] instret=6846, PC=0x0001079c, pc_index=16871
[FCVT-ENTRY] PC=0x0001079c, instret=6846, direction=0, unsigned=0, rm=0, ENABLED=true
[FCVT.W.S] f28 (2.5=0x40200000, rm=0) -> x6 (2)  [rounded=2]
[EXEC] instret=6847, PC=0x000107a0, pc_index=16872
[EXEC] instret=6848, PC=0x000107a4, pc_index=16873
[EXEC] instret=6849, PC=0x000107a8, pc_index=16874
[EXEC] instret=6850, PC=0x000107ac, pc_index=16875
[EXEC] instret=6851, PC=0x000107b0, pc_index=16876
[FLW-ENTRY] PC=0x000107b0, instret=6851, ENABLED=true
[FLW] PC=0x000107b0, Reading x2 = 0x00080000, imm=0
[FLW] f29 <- mem[0x00080000] = 0xc0200000 (-2.5)
[FLW-EXIT] PC: 0x000107b0 -> 0x000107b4, instret=6852
[EXEC] instret=6852, PC=0x000107b4, pc_index=16877
[FCVT-ENTRY] PC=0x000107b4, instret=6852, direction=0, unsigned=0, rm=1, ENABLED=true
[FCVT.W.S] f29 (-2.5=0xc0200000, rm=1) -> x6 (-2)  [rounded=-2]
[EXEC] instret=6853, PC=0x000107b8, pc_index=16878
[EXEC] instret=6854, PC=0x000107bc, pc_index=16879
[EXEC] instret=6855, PC=0x000107c0, pc_index=16880
[FCVT-ENTRY] PC=0x000107c0, instret=6855, direction=0, unsigned=0, rm=2, ENABLED=true
[FCVT.W.S] f29 (-2.5=0xc0200000, rm=2) -> x6 (-3)  [rounded=-3]
[EXEC] instret=6856, PC=0x000107c4, pc_index=16881
[EXEC] instret=6857, PC=0x000107c8, pc_index=16882
[EXEC] instret=6858, PC=0x000107cc, pc_index=16883
[FCVT-ENTRY] PC=0x000107cc, instret=6858, direction=0, unsigned=0, rm=3, ENABLED=true
[FCVT.W.S] f29 (-2.5=0xc0200000, rm=3) -> x6 (-2)  [rounded=-2]
[EXEC] instret=6859, PC=0x000107d0, pc_index=16884
[EXEC] instret=6860, PC=0x000107d4, pc_index=16885
[EXEC] instret=6861, PC=0x000107d8, pc_index=16886
[FCVT-ENTRY] PC=0x000107d8, instret=6861, direction=0, unsigned=0, rm=0, ENABLED=true
[FCVT.W.S] f29 (-2.5=0xc0200000, rm=0) -> x6 (-2)  [rounded=-2]
[EXEC] instret=6862, PC=0x000107dc, pc_index=16887
[EXEC] instret=6863, PC=0x000107e0, pc_index=16888
[EXEC] instret=6864, PC=0x000107e4, pc_index=16889
[EXEC] instret=6865, PC=0x000107e8, pc_index=16890
[EXEC] instret=6866, PC=0x000107ec, pc_index=16891
[FLW-ENTRY] PC=0x000107ec, instret=6866, ENABLED=true
[FLW] PC=0x000107ec, Reading x2 = 0x00080000, imm=0
[FLW] f30 <- mem[0x00080000] = 0x40600000 (3.5)
[FLW-EXIT] PC: 0x000107ec -> 0x000107f0, instret=6867
[EXEC] instret=6867, PC=0x000107f0, pc_index=16892
[FCVT-ENTRY] PC=0x000107f0, instret=6867, direction=0, unsigned=0, rm=0, ENABLED=true
[FCVT.W.S] f30 (3.5=0x40600000, rm=0) -> x6 (4)  [rounded=4]
[EXEC] instret=6868, PC=0x000107f4, pc_index=16893
[EXEC] instret=6869, PC=0x000107f8, pc_index=16894
[EXEC] instret=6870, PC=0x000107fc, pc_index=16895
[1;32mINFO    [0m execute_e1 [ 66.1ms | 100.00% ]
[1;34mDEBUG   [0m ┕━ 🐛 [debug]: execute_trampoline
[1;32mINFO    [0m ｉ [info]: instructions_executed=6871
Execution output: [0, 0, 0, 0, 0, 0, 0, 0, 0, 0, 0, 0, 0, 0, 0, 0, 0, 0, 0, 0, 0, 0, 0, 0, 0, 0, 0, 0, 0, 0, 0, 0]
